,Experiment,Seed Type,Morphology,Replica,topkd after 1 Labels,topkd after 2 Labels,topkd after 3 Labels,topkd after 4 Labels,topkd after 5 Labels,topkd after 6 Labels,topkd after 7 Labels,topkd after 8 Labels,topkd after 9 Labels,topkd after 10 Labels,topkd after 11 Labels,topkd after 12 Labels,topkd after 13 Labels,topkd after 14 Labels,topkd after 15 Labels,topkd after 16 Labels,topkd after 17 Labels,topkd after 18 Labels,topkd after 19 Labels,topkd after 20 Labels,topkd after 21 Labels,topkd after 22 Labels,topkd after 23 Labels,topkd after 24 Labels,topkd after 25 Labels,topkd after 26 Labels,topkd after 27 Labels,topkd after 28 Labels,topkd after 29 Labels,topkd after 30 Labels,topkd after 31 Labels,topkd after 32 Labels,topkd after 33 Labels,topkd after 34 Labels,topkd after 35 Labels,topkd after 36 Labels,topkd after 37 Labels,topkd after 38 Labels,topkd after 39 Labels,topkd after 40 Labels,topkd after 41 Labels,topkd after 42 Labels,topkd after 43 Labels,topkd after 44 Labels,topkd after 45 Labels,topkd after 46 Labels,topkd after 47 Labels,topkd after 48 Labels,topkd after 49 Labels,topkd after 50 Labels
0,oracle,seeded,liquid,0,,,,,12.415000000000001,9.519416666666668,6.623833333333334,3.728250000000001,0.8326666666666668,0.7994000000000001,0.7661333333333334,0.7328666666666668,0.6996,0.6663333333333333,0.6472,0.6280666666666667,0.6089333333333333,0.5898,0.5706666666666667,0.5526,0.5345333333333333,0.5164666666666666,0.49839999999999995,0.4803333333333333,0.4803333333333333,0.4803333333333333,0.4803333333333333,0.4803333333333333,0.4803333333333333,0.4738666666666666,0.4673999999999999,0.4609333333333333,0.45446666666666663,0.44799999999999995,0.44799999999999995,0.44799999999999995,0.44799999999999995,0.44799999999999995,0.44799999999999995,0.44799999999999995,0.44799999999999995,0.44799999999999995,0.44799999999999995,0.44799999999999995,0.44799999999999995,0.44799999999999995,0.44799999999999995,0.44799999999999995,0.44799999999999995,0.42793333333333333
1,oracle,seeded,liquid,1,,,,,13.251,10.260083333333332,7.269166666666666,4.27825,1.2873333333333332,1.1986666666666665,1.1099999999999999,1.0213333333333332,0.9326666666666666,0.844,0.844,0.844,0.844,0.844,0.844,0.787,0.73,0.673,0.6160000000000001,0.559,0.559,0.559,0.559,0.559,0.559,0.5298,0.5006,0.47140000000000004,0.4422,0.413,0.3984,0.3838,0.3692,0.3546,0.34,0.34,0.34,0.34,0.34,0.34,0.34,0.34,0.34,0.34,0.34,0.34
2,oracle,seeded,liquid,2,,,,,5.108333333333333,4.08975,3.0711666666666666,2.052583333333333,1.034,0.9588666666666666,0.8837333333333334,0.8086,0.7334666666666667,0.6583333333333333,0.6424666666666666,0.6266,0.6107333333333334,0.5948666666666668,0.5790000000000001,0.5656666666666668,0.5523333333333333,0.539,0.5256666666666666,0.5123333333333333,0.49853333333333333,0.48473333333333335,0.4709333333333333,0.45713333333333334,0.44333333333333336,0.44333333333333336,0.44333333333333336,0.44333333333333336,0.44333333333333336,0.44333333333333336,0.44333333333333336,0.44333333333333336,0.44333333333333336,0.44333333333333336,0.44333333333333336,0.4354,0.42746666666666666,0.41953333333333337,0.4116,0.4036666666666667,0.4036666666666667,0.4036666666666667,0.4036666666666667,0.4036666666666667,0.4036666666666667,0.39826666666666666
3,oracle,seeded,liquid,3,,,,,11.065666666666667,8.433083333333334,5.8005,3.1679166666666667,0.5353333333333333,0.5194666666666666,0.5035999999999999,0.4877333333333333,0.47186666666666666,0.45599999999999996,0.45099999999999996,0.446,0.441,0.43600000000000005,0.43100000000000005,0.4276666666666667,0.42433333333333334,0.421,0.41766666666666663,0.4143333333333333,0.4143333333333333,0.4143333333333333,0.4143333333333333,0.4143333333333333,0.4143333333333333,0.4143333333333333,0.4143333333333333,0.4143333333333333,0.4143333333333333,0.4143333333333333,0.4143333333333333,0.4143333333333333,0.4143333333333333,0.4143333333333333,0.4143333333333333,0.4078666666666666,0.4013999999999999,0.3949333333333333,0.3884666666666666,0.38199999999999995,0.3664666666666666,0.3509333333333333,0.3354,0.3198666666666667,0.30433333333333334,0.30433333333333334
4,oracle,seeded,liquid,4,,,,,10.083,7.715083333333333,5.347166666666666,2.9792499999999995,0.6113333333333334,0.5675333333333334,0.5237333333333334,0.4799333333333334,0.4361333333333334,0.39233333333333337,0.39233333333333337,0.39233333333333337,0.39233333333333337,0.39233333333333337,0.39233333333333337,0.39233333333333337,0.39233333333333337,0.39233333333333337,0.39233333333333337,0.39233333333333337,0.39233333333333337,0.39233333333333337,0.39233333333333337,0.39233333333333337,0.39233333333333337,0.39233333333333337,0.39233333333333337,0.39233333333333337,0.39233333333333337,0.39233333333333337,0.39233333333333337,0.39233333333333337,0.39233333333333337,0.39233333333333337,0.39233333333333337,0.39233333333333337,0.39233333333333337,0.39233333333333337,0.39233333333333337,0.39233333333333337,0.39233333333333337,0.39233333333333337,0.39233333333333337,0.39233333333333337,0.39233333333333337,0.39233333333333337
5,oracle,seeded,string,0,,,,,3.862666666666667,3.569166666666667,3.275666666666667,2.982166666666667,2.6886666666666668,2.4781333333333335,2.2676,2.0570666666666666,1.8465333333333334,1.636,1.5826666666666667,1.5293333333333332,1.476,1.4226666666666665,1.3693333333333333,1.3693333333333333,1.3693333333333333,1.3693333333333333,1.3693333333333333,1.3693333333333333,1.3693333333333333,1.3693333333333333,1.3693333333333333,1.3693333333333333,1.3693333333333333,1.1848666666666667,1.0004,0.8159333333333334,0.6314666666666667,0.447,0.447,0.447,0.447,0.447,0.447,0.4179333333333333,0.3888666666666667,0.3598,0.3307333333333333,0.3016666666666667,0.3016666666666667,0.3016666666666667,0.3016666666666667,0.3016666666666667,0.3016666666666667,0.2995333333333334
6,oracle,seeded,string,1,,,,,5.0713333333333335,4.441083333333333,3.810833333333333,3.1805833333333333,2.550333333333333,2.473933333333333,2.397533333333333,2.3211333333333335,2.2447333333333335,2.1683333333333334,2.156066666666667,2.1438,2.131533333333333,2.1192666666666664,2.1069999999999998,2.0154666666666663,1.923933333333333,1.8323999999999998,1.7408666666666663,1.649333333333333,1.4857999999999998,1.3222666666666665,1.1587333333333332,0.9952,0.8316666666666667,0.7910666666666667,0.7504666666666667,0.7098666666666666,0.6692666666666667,0.6286666666666667,0.6286666666666667,0.6286666666666667,0.6286666666666667,0.6286666666666667,0.6286666666666667,0.6286666666666667,0.6286666666666667,0.6286666666666667,0.6286666666666667,0.6286666666666667,0.6286666666666667,0.6286666666666667,0.6286666666666667,0.6286666666666667,0.6286666666666667,0.5718666666666667
7,oracle,seeded,string,2,,,,,8.447000000000001,6.662750000000001,4.878500000000001,3.0942500000000006,1.31,1.1507333333333334,0.9914666666666667,0.8321999999999999,0.6729333333333333,0.5136666666666666,0.4837333333333333,0.4538,0.42386666666666667,0.39393333333333336,0.36400000000000005,0.35200000000000004,0.34,0.328,0.316,0.304,0.304,0.304,0.304,0.304,0.304,0.304,0.304,0.304,0.304,0.304,0.304,0.304,0.304,0.304,0.304,0.304,0.304,0.304,0.304,0.304,0.304,0.304,0.304,0.304,0.304,0.304
8,oracle,seeded,string,3,,,,,6.154333333333334,5.287916666666667,4.4215,3.5550833333333336,2.6886666666666668,2.5846,2.4805333333333333,2.3764666666666665,2.2724,2.1683333333333334,2.1096666666666666,2.051,1.9923333333333333,1.9336666666666666,1.875,1.7234,1.5718,1.4202,1.2686,1.117,0.9544,0.7918000000000001,0.6292,0.4666,0.304,0.304,0.304,0.304,0.304,0.304,0.304,0.304,0.304,0.304,0.304,0.2878,0.2716,0.2554,0.2392,0.223,0.223,0.223,0.223,0.223,0.223,0.223
9,oracle,seeded,string,4,,,,,4.0169999999999995,3.6126666666666662,3.208333333333333,2.804,2.3996666666666666,2.3996666666666666,2.3996666666666666,2.3996666666666666,2.3996666666666666,2.3996666666666666,2.3534,2.3071333333333333,2.260866666666667,2.2146,2.1683333333333334,1.8998666666666668,1.6314000000000002,1.3629333333333333,1.0944666666666667,0.826,0.6983999999999999,0.5708,0.4432,0.3156,0.18800000000000003,0.18800000000000003,0.18800000000000003,0.18800000000000003,0.18800000000000003,0.18800000000000003,0.18800000000000003,0.18800000000000003,0.18800000000000003,0.18800000000000003,0.18800000000000003,0.18800000000000003,0.18800000000000003,0.18800000000000003,0.18800000000000003,0.18800000000000003,0.18800000000000003,0.18800000000000003,0.18800000000000003,0.18800000000000003,0.18800000000000003,0.18800000000000003
10,oracle,seeded,membrane,0,,,,,5.2973333333333334,4.745833333333334,4.194333333333334,3.6428333333333334,3.0913333333333335,3.0769333333333333,3.0625333333333336,3.0481333333333334,3.0337333333333336,3.0193333333333334,2.7794,2.5394666666666668,2.299533333333333,2.0595999999999997,1.8196666666666665,1.8196666666666665,1.8196666666666665,1.8196666666666665,1.8196666666666665,1.8196666666666665,1.7631333333333332,1.7066,1.6500666666666666,1.5935333333333332,1.537,1.4671333333333332,1.3972666666666667,1.3274,1.2575333333333334,1.1876666666666666,1.1578,1.1279333333333332,1.0980666666666667,1.0682,1.0383333333333333,1.028,1.0176666666666667,1.0073333333333334,0.997,0.9866666666666667,0.8779333333333333,0.7692,0.6604666666666666,0.5517333333333333,0.443,0.443
11,oracle,seeded,membrane,1,,,,,4.129666666666666,3.7867499999999996,3.443833333333333,3.100916666666667,2.7580000000000005,2.5684000000000005,2.3788,2.1892,1.9996,1.8099999999999998,1.6594,1.5088,1.3582,1.2076000000000002,1.0570000000000002,0.9698000000000001,0.8826,0.7954000000000001,0.7082,0.621,0.6043333333333333,0.5876666666666667,0.571,0.5543333333333333,0.5376666666666666,0.5376666666666666,0.5376666666666666,0.5376666666666666,0.5376666666666666,0.5376666666666666,0.5244,0.5111333333333333,0.4978666666666667,0.4846,0.4713333333333333,0.4713333333333333,0.4713333333333333,0.4713333333333333,0.4713333333333333,0.4713333333333333,0.4713333333333333,0.4713333333333333,0.4713333333333333,0.4713333333333333,0.4713333333333333,0.4713333333333333
12,oracle,seeded,membrane,2,,,,,10.405333333333333,8.54825,6.691166666666667,4.834083333333334,2.9770000000000003,2.841066666666667,2.7051333333333334,2.5692,2.4332666666666665,2.297333333333333,2.115533333333333,1.933733333333333,1.751933333333333,1.570133333333333,1.388333333333333,1.3454666666666664,1.3025999999999998,1.2597333333333331,1.2168666666666665,1.174,1.174,1.174,1.174,1.174,1.174,1.1287333333333334,1.0834666666666666,1.0382,0.9929333333333333,0.9476666666666667,0.8931333333333333,0.8386,0.7840666666666667,0.7295333333333333,0.6749999999999999,0.6246666666666666,0.5743333333333333,0.524,0.4736666666666667,0.42333333333333334,0.4099333333333333,0.39653333333333335,0.3831333333333333,0.36973333333333336,0.35633333333333334,0.35633333333333334
13,oracle,seeded,membrane,3,,,,,9.488666666666667,8.319416666666667,7.150166666666667,5.980916666666666,4.8116666666666665,4.1546,3.497533333333333,2.840466666666667,2.1834000000000002,1.5263333333333335,1.4336000000000002,1.3408666666666669,1.2481333333333335,1.1554,1.0626666666666666,0.9717333333333333,0.8808,0.7898666666666666,0.6989333333333333,0.608,0.608,0.608,0.608,0.608,0.608,0.608,0.608,0.608,0.608,0.608,0.608,0.608,0.608,0.608,0.608,0.608,0.608,0.608,0.608,0.608,0.5883333333333333,0.5686666666666667,0.5489999999999999,0.5293333333333333,0.5096666666666666,0.5096666666666666
14,oracle,seeded,membrane,4,,,,,9.119666666666667,7.7674166666666675,6.415166666666667,5.062916666666666,3.7106666666666666,3.138733333333333,2.5667999999999997,1.9948666666666668,1.4229333333333334,0.851,0.851,0.851,0.851,0.851,0.851,0.851,0.851,0.851,0.851,0.851,0.851,0.851,0.851,0.851,0.851,0.851,0.851,0.851,0.851,0.851,0.851,0.851,0.851,0.851,0.851,0.851,0.851,0.851,0.851,0.851,0.8221999999999999,0.7934,0.7646,0.7358,0.707,0.6876
15,oracle,seeded,vesicle,0,,,,,6.9353333333333325,6.1187499999999995,5.3021666666666665,4.485583333333333,3.669,3.669,3.669,3.669,3.669,3.669,3.2876666666666665,2.9063333333333334,2.525,2.1436666666666664,1.7623333333333333,1.6051333333333333,1.4479333333333333,1.2907333333333333,1.1335333333333333,0.9763333333333334,0.9261333333333334,0.8759333333333333,0.8257333333333334,0.7755333333333334,0.7253333333333334,0.7253333333333334,0.7253333333333334,0.7253333333333334,0.7253333333333334,0.7253333333333334,0.7226666666666667,0.7200000000000001,0.7173333333333334,0.7146666666666668,0.7120000000000001,0.7120000000000001,0.7120000000000001,0.7120000000000001,0.7120000000000001,0.7120000000000001,0.7120000000000001,0.7120000000000001,0.7120000000000001,0.7120000000000001,0.7120000000000001,0.7120000000000001
16,oracle,seeded,vesicle,1,,,,,3.66,3.4829166666666667,3.305833333333333,3.12875,2.9516666666666667,2.9004666666666665,2.8492666666666664,2.7980666666666667,2.7468666666666666,2.6956666666666664,2.6956666666666664,2.6956666666666664,2.6956666666666664,2.6956666666666664,2.6956666666666664,2.4510666666666667,2.2064666666666666,1.9618666666666666,1.7172666666666667,1.4726666666666668,1.4448,1.4169333333333334,1.3890666666666667,1.3612,1.3333333333333333,1.3333333333333333,1.3333333333333333,1.3333333333333333,1.3333333333333333,1.3333333333333333,1.2489999999999999,1.1646666666666665,1.0803333333333334,0.996,0.9116666666666666,0.8151333333333333,0.7185999999999999,0.6220666666666667,0.5255333333333333,0.429,0.4242666666666667,0.4195333333333333,0.4148,0.41006666666666663,0.4053333333333333,0.4053333333333333
17,oracle,seeded,vesicle,2,,,,,6.383666666666667,5.765333333333333,5.147,4.528666666666666,3.9103333333333334,3.3544666666666667,2.7986,2.2427333333333332,1.6868666666666665,1.131,1.1104,1.0898,1.0692,1.0486,1.028,1.028,1.028,1.028,1.028,1.028,1.028,1.028,1.028,1.028,1.028,1.028,1.028,1.028,1.028,1.028,1.0153333333333334,1.0026666666666666,0.99,0.9773333333333334,0.9646666666666667,0.9646666666666667,0.9646666666666667,0.9646666666666667,0.9646666666666667,0.9646666666666667,0.8914,0.8181333333333334,0.7448666666666667,0.6716,0.5983333333333333,0.5983333333333333
18,oracle,seeded,vesicle,3,,,,,9.373333333333333,8.59925,7.825166666666667,7.0510833333333345,6.277000000000001,5.7856000000000005,5.294200000000001,4.8028,4.311400000000001,3.8200000000000003,3.7430000000000003,3.6660000000000004,3.589,3.512,3.435,2.9602,2.4854000000000003,2.0106,1.5358,1.061,1.0199333333333334,0.9788666666666667,0.9378,0.8967333333333334,0.8556666666666667,0.8556666666666667,0.8556666666666667,0.8556666666666667,0.8556666666666667,0.8556666666666667,0.8556666666666667,0.8556666666666667,0.8556666666666667,0.8556666666666667,0.8556666666666667,0.8556666666666667,0.8556666666666667,0.8556666666666667,0.8556666666666667,0.8556666666666667,0.8556666666666667,0.8556666666666667,0.8556666666666667,0.8556666666666667,0.8556666666666667,0.8556666666666667
19,oracle,seeded,vesicle,4,,,,,10.511333333333333,9.073833333333333,7.636333333333333,6.198833333333333,4.761333333333333,4.2758666666666665,3.7904,3.304933333333333,2.8194666666666666,2.334,2.0742000000000003,1.8144,1.5546,1.2948,1.035,1.035,1.035,1.035,1.035,1.035,0.9958666666666666,0.9567333333333332,0.9176,0.8784666666666666,0.8393333333333333,0.8393333333333333,0.8393333333333333,0.8393333333333333,0.8393333333333333,0.8393333333333333,0.8393333333333333,0.8393333333333333,0.8393333333333333,0.8393333333333333,0.8393333333333333,0.8393333333333333,0.8393333333333333,0.8393333333333333,0.8393333333333333,0.8393333333333333,0.7846666666666666,0.73,0.6753333333333333,0.6206666666666666,0.566,0.566
20,oracle,seeded,wormlike micelle,0,,,,,6.206333333333333,5.454,4.701666666666666,3.9493333333333336,3.197,2.4446666666666665,2.1378,1.8309333333333333,1.5240666666666667,1.2172,0.9103333333333333,0.7832666666666667,0.6562,0.5291333333333333,0.4020666666666667,0.27499999999999997,0.27499999999999997,0.27499999999999997,0.27499999999999997,0.27499999999999997,0.27499999999999997,0.27499999999999997,0.27499999999999997,0.27499999999999997,0.27499999999999997,0.27499999999999997,0.2535333333333333,0.23206666666666664,0.21059999999999998,0.18913333333333332,0.16766666666666666,0.16766666666666666,0.16766666666666666,0.16766666666666666,0.16766666666666666,0.16766666666666666,0.16766666666666666,0.16766666666666666,0.16766666666666666,0.16766666666666666,0.16766666666666666,0.16766666666666666,0.16766666666666666,0.16766666666666666,0.16766666666666666,0.16766666666666666
21,oracle,seeded,wormlike micelle,1,,,,,9.149666666666667,8.637466666666667,8.125266666666667,7.6130666666666675,7.1008666666666675,6.588666666666668,6.588666666666668,6.588666666666668,6.588666666666668,6.588666666666668,5.888866666666667,5.189066666666667,4.489266666666667,3.7894666666666668,3.0896666666666666,2.8502666666666667,2.610866666666667,2.3714666666666666,2.1320666666666668,1.892666666666667,1.892666666666667,1.892666666666667,1.892666666666667,1.892666666666667,1.892666666666667,1.6774000000000002,1.4621333333333335,1.2468666666666666,1.0315999999999999,0.8163333333333332,0.7638666666666666,0.7113999999999999,0.6589333333333333,0.6064666666666666,0.5539999999999999,0.5134666666666666,0.47293333333333326,0.43239999999999995,0.3918666666666666,0.3513333333333333,0.3513333333333333,0.3513333333333333,0.3513333333333333,0.3513333333333333,0.3513333333333333,0.3513333333333333
22,oracle,seeded,wormlike micelle,2,,,,,14.609,12.701083333333333,10.793166666666666,8.88525,6.977333333333333,6.4192,5.861066666666666,5.302933333333333,4.7448,4.1866666666666665,3.9348,3.682933333333333,3.4310666666666667,3.1792,2.9273333333333333,2.890066666666667,2.8528,2.815533333333333,2.778266666666666,2.7409999999999997,2.6811999999999996,2.6214,2.5616,2.5018000000000002,2.442,2.442,2.442,2.442,2.442,2.442,2.442,2.442,2.442,2.442,2.442,2.442,2.442,2.442,2.442,2.442,2.442,2.442,2.442,2.442,2.442,2.3708666666666667
23,oracle,seeded,wormlike micelle,3,,,,,8.152,7.521333333333333,6.890666666666666,6.259999999999999,5.629333333333332,4.814533333333332,3.999733333333333,3.1849333333333334,2.3701333333333334,1.5553333333333335,1.4138666666666668,1.2724000000000002,1.1309333333333333,0.9894666666666667,0.848,0.8321333333333333,0.8162666666666667,0.8004,0.7845333333333334,0.7686666666666667,0.7686666666666667,0.7686666666666667,0.7686666666666667,0.7686666666666667,0.7686666666666667,0.7686666666666667,0.7686666666666667,0.7686666666666667,0.7686666666666667,0.7686666666666667,0.7686666666666667,0.7686666666666667,0.7686666666666667,0.7686666666666667,0.7686666666666667,0.7419333333333333,0.7152000000000001,0.6884666666666667,0.6617333333333334,0.635,0.6174000000000001,0.5998,0.5822,0.5646,0.547,0.547
24,oracle,seeded,wormlike micelle,4,,,,,6.956333333333333,6.142833333333333,5.3293333333333335,4.515833333333333,3.7023333333333333,3.4148,3.1272666666666664,2.839733333333333,2.5522,2.2646666666666664,2.1288666666666662,1.9930666666666665,1.8572666666666664,1.7214666666666665,1.5856666666666666,1.4472666666666667,1.3088666666666666,1.1704666666666665,1.0320666666666667,0.8936666666666667,0.7664,0.6391333333333333,0.5118666666666667,0.38459999999999994,0.25733333333333336,0.25733333333333336,0.25733333333333336,0.25733333333333336,0.25733333333333336,0.25733333333333336,0.25173333333333336,0.24613333333333334,0.24053333333333332,0.23493333333333333,0.2293333333333333,0.20933333333333332,0.1893333333333333,0.1693333333333333,0.14933333333333332,0.12933333333333333,0.11273333333333332,0.09613333333333333,0.07953333333333334,0.06293333333333334,0.04633333333333333,0.04633333333333333
25,oracle,seeded,spherical micelle,0,,,,,8.451666666666666,7.456333333333333,6.461,5.4656666666666665,4.4703333333333335,3.837,3.203666666666667,2.570333333333333,1.9369999999999998,1.3036666666666668,1.1533333333333333,1.0030000000000001,0.8526666666666667,0.7023333333333334,0.552,0.552,0.552,0.552,0.552,0.552,0.552,0.552,0.552,0.552,0.552,0.552,0.552,0.552,0.552,0.552,0.552,0.552,0.552,0.552,0.552,0.5045333333333334,0.4570666666666667,0.4096,0.3621333333333333,0.31466666666666665,0.31466666666666665,0.31466666666666665,0.31466666666666665,0.31466666666666665,0.31466666666666665,0.31466666666666665
26,oracle,seeded,spherical micelle,1,,,,,9.107333333333333,7.948083333333333,6.788833333333333,5.629583333333334,4.4703333333333335,4.029,3.587666666666667,3.1463333333333336,2.705,2.263666666666667,2.2209333333333334,2.1782000000000004,2.135466666666667,2.092733333333334,2.0500000000000003,2.0500000000000003,2.0500000000000003,2.0500000000000003,2.0500000000000003,2.0500000000000003,1.915066666666667,1.7801333333333333,1.6452,1.5102666666666664,1.375333333333333,1.2983999999999998,1.2214666666666665,1.1445333333333334,1.0676,0.9906666666666668,0.9906666666666668,0.9906666666666668,0.9906666666666668,0.9906666666666668,0.9906666666666668,0.9853333333333335,0.9800000000000001,0.9746666666666668,0.9693333333333334,0.9640000000000001,0.9544,0.9448000000000001,0.9352,0.9256000000000001,0.916,0.916
27,oracle,seeded,spherical micelle,2,,,,,11.323333333333332,9.447166666666666,7.571,5.694833333333333,3.8186666666666667,3.4430666666666667,3.067466666666667,2.691866666666667,2.3162666666666665,1.9406666666666668,1.7574666666666667,1.5742666666666667,1.3910666666666667,1.2078666666666666,1.0246666666666666,1.0246666666666666,1.0246666666666666,1.0246666666666666,1.0246666666666666,1.0246666666666666,1.0246666666666666,1.0246666666666666,1.0246666666666666,1.0246666666666666,1.0246666666666666,0.9772666666666666,0.9298666666666666,0.8824666666666666,0.8350666666666666,0.7876666666666666,0.7727333333333333,0.7578,0.7428666666666667,0.7279333333333334,0.7130000000000001,0.7130000000000001,0.7130000000000001,0.7130000000000001,0.7130000000000001,0.7130000000000001,0.7130000000000001,0.7130000000000001,0.7130000000000001,0.7130000000000001,0.7130000000000001,0.7130000000000001
28,oracle,seeded,spherical micelle,3,,,,,5.911333333333334,5.297583333333334,4.683833333333334,4.070083333333334,3.4563333333333333,3.3020666666666667,3.1478,2.9935333333333336,2.8392666666666666,2.685,2.3828,2.0806,1.7784000000000002,1.4762000000000002,1.1740000000000002,1.0648000000000002,0.9556000000000001,0.8464,0.7372000000000001,0.628,0.5548,0.48160000000000003,0.4084,0.3352,0.262,0.262,0.262,0.262,0.262,0.262,0.262,0.262,0.262,0.262,0.262,0.2566,0.25120000000000003,0.24580000000000002,0.2404,0.23500000000000001,0.23500000000000001,0.23500000000000001,0.23500000000000001,0.23500000000000001,0.23500000000000001,0.23
29,oracle,seeded,spherical micelle,4,,,,,7.2236666666666665,6.535333333333333,5.8469999999999995,5.158666666666667,4.4703333333333335,3.8651333333333335,3.2599333333333336,2.6547333333333336,2.0495333333333337,1.4443333333333335,1.3598000000000001,1.2752666666666668,1.1907333333333334,1.1062,1.0216666666666667,0.9597333333333334,0.8978,0.8358666666666668,0.7739333333333334,0.7120000000000001,0.6869333333333334,0.6618666666666667,0.6368,0.6117333333333334,0.5866666666666667,0.5866666666666667,0.5866666666666667,0.5866666666666667,0.5866666666666667,0.5866666666666667,0.5866666666666667,0.5866666666666667,0.5866666666666667,0.5866666666666667,0.5866666666666667,0.5866666666666667,0.5866666666666667,0.5866666666666667,0.5866666666666667,0.5866666666666667,0.5384,0.4901333333333333,0.4418666666666667,0.3936,0.3453333333333333,0.318
30,oracle,unseeded,liquid,0,,,,,12.415000000000001,11.4448,10.4746,9.5044,8.5342,7.564,7.371866666666667,7.179733333333333,6.9876,6.795466666666666,6.603333333333333,6.174199999999999,5.745066666666666,5.315933333333333,4.886799999999999,4.457666666666666,4.146333333333333,3.835,3.5236666666666663,3.212333333333333,2.901,2.8922666666666665,2.8835333333333333,2.8747999999999996,2.8660666666666663,2.857333333333333,2.7308,2.6042666666666663,2.477733333333333,2.3511999999999995,2.2246666666666663,2.1904666666666666,2.1562666666666663,2.1220666666666665,2.0878666666666663,2.0536666666666665,1.9906666666666666,1.9276666666666666,1.8646666666666667,1.8016666666666667,1.7386666666666668,1.6346666666666667,1.5306666666666668,1.4266666666666667,1.3226666666666667,1.2186666666666668
31,oracle,unseeded,liquid,1,,,,,10.869666666666667,10.508733333333334,10.1478,9.786866666666667,9.425933333333333,9.065,8.941266666666666,8.817533333333333,8.6938,8.570066666666667,8.446333333333333,7.830266666666667,7.2142,6.598133333333333,5.982066666666666,5.366,5.2298,5.0935999999999995,4.9574,4.821199999999999,4.685,4.463,4.241,4.019,3.7970000000000006,3.5750000000000006,3.382333333333334,3.189666666666667,2.9970000000000003,2.8043333333333336,2.611666666666667,2.2935333333333334,1.9754,1.6572666666666667,1.3391333333333333,1.021,1.021,1.021,1.021,1.021,1.021,0.9089999999999999,0.7969999999999999,0.685,0.5730000000000001,0.461
32,oracle,unseeded,liquid,2,,,,,5.108333333333333,5.108333333333333,5.108333333333333,5.108333333333333,5.108333333333333,5.108333333333333,4.2776,3.4468666666666667,2.616133333333333,1.7853999999999997,0.9546666666666667,0.9402,0.9257333333333334,0.9112666666666667,0.8968,0.8823333333333334,0.8542000000000001,0.8260666666666667,0.7979333333333334,0.7697999999999999,0.7416666666666666,0.7416666666666666,0.7416666666666666,0.7416666666666666,0.7416666666666666,0.7416666666666666,0.7416666666666666,0.7416666666666666,0.7416666666666666,0.7416666666666666,0.7416666666666666,0.6994666666666666,0.6572666666666667,0.6150666666666667,0.5728666666666666,0.5306666666666667,0.5306666666666667,0.5306666666666667,0.5306666666666667,0.5306666666666667,0.5306666666666667,0.5306666666666667,0.5306666666666667,0.5306666666666667,0.5306666666666667,0.5306666666666667
33,oracle,unseeded,liquid,3,,,,,7.756666666666667,7.756666666666667,7.756666666666667,7.756666666666667,7.756666666666667,7.756666666666667,7.756666666666667,7.756666666666667,7.756666666666667,7.756666666666667,7.756666666666667,7.456733333333333,7.1568000000000005,6.856866666666667,6.556933333333333,6.257000000000001,5.815600000000001,5.3742,4.9328,4.4914000000000005,4.05,4.05,4.05,4.05,4.05,4.05,3.7259333333333333,3.4018666666666664,3.0778,2.753733333333333,2.4296666666666664,2.076333333333333,1.7229999999999999,1.3696666666666664,1.016333333333333,0.6629999999999999,0.6365999999999999,0.6102,0.5838,0.5574,0.531,0.531,0.531,0.531,0.531,0.531
34,oracle,unseeded,liquid,4,,,,,7.679333333333333,6.678733333333334,5.678133333333333,4.677533333333333,3.6769333333333334,2.6763333333333335,2.2812,1.8860666666666668,1.4909333333333334,1.0958,0.7006666666666667,0.7002666666666667,0.6998666666666666,0.6994666666666667,0.6990666666666666,0.6986666666666667,0.6986666666666667,0.6986666666666667,0.6986666666666667,0.6986666666666667,0.6986666666666667,0.6986666666666667,0.6986666666666667,0.6986666666666667,0.6986666666666667,0.6986666666666667,0.6986666666666667,0.6986666666666667,0.6986666666666667,0.6986666666666667,0.6986666666666667,0.6559333333333334,0.6132,0.5704666666666667,0.5277333333333334,0.48500000000000004,0.4686,0.45220000000000005,0.4358,0.4194,0.403,0.394,0.385,0.37600000000000006,0.36700000000000005,0.35800000000000004
35,oracle,unseeded,string,0,,,,,5.858666666666667,5.858666666666667,5.858666666666667,5.858666666666667,5.858666666666667,5.858666666666667,5.858666666666667,5.858666666666667,5.858666666666667,5.858666666666667,5.858666666666667,5.858666666666667,5.858666666666667,5.858666666666667,5.858666666666667,5.858666666666667,5.858666666666667,5.858666666666667,5.858666666666667,5.858666666666667,5.858666666666667,5.858666666666667,5.858666666666667,5.858666666666667,5.858666666666667,5.858666666666667,5.8542000000000005,5.849733333333334,5.845266666666666,5.8408,5.836333333333333,5.613866666666667,5.3914,5.168933333333333,4.946466666666666,4.723999999999999,4.678266666666667,4.632533333333333,4.5868,4.541066666666667,4.495333333333334,4.4526,4.409866666666667,4.367133333333333,4.3244,4.281666666666666
36,oracle,unseeded,string,1,,,,,7.977666666666667,7.503533333333333,7.0294,6.555266666666666,6.081133333333334,5.607,5.438933333333334,5.270866666666667,5.1028,4.934733333333333,4.766666666666667,4.766666666666667,4.766666666666667,4.766666666666667,4.766666666666667,4.766666666666667,4.684,4.601333333333334,4.518666666666666,4.436,4.3533333333333335,4.225733333333333,4.098133333333333,3.9705333333333335,3.8429333333333338,3.7153333333333336,3.5105333333333335,3.3057333333333334,3.1009333333333333,2.8961333333333332,2.691333333333333,2.6783333333333332,2.6653333333333333,2.652333333333333,2.639333333333333,2.626333333333333,2.573,2.5196666666666667,2.4663333333333335,2.4130000000000003,2.359666666666667,2.2376000000000005,2.1155333333333335,1.9934666666666667,1.8714,1.7493333333333332
37,oracle,unseeded,string,2,,,,,10.266333333333334,9.5258,8.785266666666667,8.044733333333333,7.3042,6.563666666666666,6.322066666666666,6.080466666666666,5.838866666666666,5.597266666666667,5.355666666666667,5.187066666666667,5.018466666666667,4.849866666666667,4.681266666666667,4.512666666666667,4.342133333333334,4.171600000000001,4.0010666666666665,3.8305333333333333,3.66,3.471,3.282,3.093,2.904,2.715,2.6470666666666665,2.579133333333333,2.5112,2.4432666666666667,2.3753333333333333,2.3753333333333333,2.3753333333333333,2.3753333333333333,2.3753333333333333,2.3753333333333333,2.3699333333333334,2.364533333333333,2.3591333333333333,2.353733333333333,2.348333333333333,2.301533333333333,2.2547333333333333,2.207933333333333,2.1611333333333334,2.114333333333333
38,oracle,unseeded,string,3,,,,,10.632,9.262,7.8919999999999995,6.522,5.152,3.782,3.6362,3.4903999999999997,3.3446,3.1987999999999994,3.0529999999999995,3.0396666666666663,3.026333333333333,3.0129999999999995,2.9996666666666663,2.986333333333333,2.986333333333333,2.986333333333333,2.986333333333333,2.986333333333333,2.986333333333333,2.9336666666666664,2.881,2.8283333333333336,2.775666666666667,2.7230000000000003,2.676266666666667,2.6295333333333333,2.5828,2.5360666666666667,2.489333333333333,2.489333333333333,2.489333333333333,2.489333333333333,2.489333333333333,2.489333333333333,2.489333333333333,2.489333333333333,2.489333333333333,2.489333333333333,2.489333333333333,2.3877333333333333,2.2861333333333334,2.1845333333333334,2.0829333333333335,1.9813333333333334
39,oracle,unseeded,string,4,,,,,7.619333333333333,7.158133333333333,6.696933333333333,6.235733333333333,5.774533333333333,5.3133333333333335,5.0596000000000005,4.805866666666667,4.552133333333334,4.298400000000001,4.044666666666667,3.6754000000000002,3.306133333333334,2.936866666666667,2.5676000000000005,2.1983333333333337,2.1983333333333337,2.1983333333333337,2.1983333333333337,2.1983333333333337,2.1983333333333337,2.070866666666667,1.9434000000000002,1.8159333333333334,1.6884666666666668,1.561,1.5164666666666666,1.4719333333333333,1.4274,1.3828666666666665,1.3383333333333332,1.3383333333333332,1.3383333333333332,1.3383333333333332,1.3383333333333332,1.3383333333333332,1.3227999999999998,1.3072666666666666,1.2917333333333332,1.2762,1.2606666666666666,1.2606666666666666,1.2606666666666666,1.2606666666666666,1.2606666666666666,1.2606666666666666
40,oracle,unseeded,membrane,0,,,,,5.2973333333333334,4.6466666666666665,3.996,3.3453333333333335,2.6946666666666665,2.044,1.917,1.79,1.663,1.536,1.409,1.3215333333333334,1.2340666666666666,1.1466,1.0591333333333335,0.9716666666666667,0.9716666666666667,0.9716666666666667,0.9716666666666667,0.9716666666666667,0.9716666666666667,0.9716666666666667,0.9716666666666667,0.9716666666666667,0.9716666666666667,0.9716666666666667,0.9642000000000001,0.9567333333333333,0.9492666666666667,0.9418,0.9343333333333333,0.9343333333333333,0.9343333333333333,0.9343333333333333,0.9343333333333333,0.9343333333333333,0.9343333333333333,0.9343333333333333,0.9343333333333333,0.9343333333333333,0.9343333333333333,0.9343333333333333,0.9343333333333333,0.9343333333333333,0.9343333333333333,0.9343333333333333
41,oracle,unseeded,membrane,1,,,,,4.129666666666666,3.6946666666666665,3.2596666666666665,2.824666666666667,2.389666666666667,1.954666666666667,1.9411333333333336,1.9276000000000002,1.914066666666667,1.9005333333333336,1.8870000000000002,1.8794000000000002,1.8718000000000001,1.8642000000000003,1.8566000000000003,1.8490000000000002,1.848666666666667,1.8483333333333334,1.848,1.8476666666666666,1.8473333333333333,1.8473333333333333,1.8473333333333333,1.8473333333333333,1.8473333333333333,1.8473333333333333,1.8473333333333333,1.8473333333333333,1.8473333333333333,1.8473333333333333,1.8473333333333333,1.8473333333333333,1.8473333333333333,1.8473333333333333,1.8473333333333333,1.8473333333333333,1.8473333333333333,1.8473333333333333,1.8473333333333333,1.8473333333333333,1.8473333333333333,1.8473333333333333,1.8473333333333333,1.8473333333333333,1.8473333333333333,1.8473333333333333
42,oracle,unseeded,membrane,2,,,,,5.599333333333334,4.618933333333334,3.6385333333333336,2.6581333333333337,1.6777333333333333,0.6973333333333334,0.6908666666666667,0.6844,0.6779333333333334,0.6714666666666667,0.665,0.6235833333333334,0.5821666666666667,0.5407500000000001,0.49933333333333335,0.4594666666666667,0.4196,0.3797333333333333,0.33986666666666665,0.3,0.3,0.3,0.3,0.3,0.3,0.3,0.3,0.3,0.3,0.3,0.3,0.3,0.3,0.3,0.3,0.3,0.3,0.3,0.3,0.3,0.3,0.3,0.3,0.3,0.3,0.2981333333333333
43,oracle,unseeded,membrane,3,,,,,9.488666666666667,9.049066666666667,8.609466666666666,8.169866666666667,7.730266666666667,7.290666666666667,7.205866666666667,7.121066666666667,7.036266666666667,6.951466666666667,6.866666666666667,6.365200000000001,5.863733333333333,5.362266666666667,4.860799999999999,4.359333333333333,3.9285333333333328,3.497733333333333,3.066933333333333,2.6361333333333334,2.2053333333333334,2.2053333333333334,2.2053333333333334,2.2053333333333334,2.2053333333333334,2.2053333333333334,2.0654,1.9254666666666667,1.7855333333333332,1.6456,1.5056666666666665,1.3935999999999997,1.2815333333333332,1.1694666666666667,1.0574,0.9453333333333332,0.9453333333333332,0.9453333333333332,0.9453333333333332,0.9453333333333332,0.9453333333333332,0.9453333333333332,0.9453333333333332,0.9453333333333332,0.9453333333333332,0.9453333333333332
44,oracle,unseeded,membrane,4,,,,,7.202000000000001,7.198733333333334,7.195466666666667,7.192200000000001,7.188933333333334,7.185666666666667,7.0288,6.871933333333334,6.715066666666667,6.5582,6.4013333333333335,6.4013333333333335,6.4013333333333335,6.4013333333333335,6.4013333333333335,6.4013333333333335,6.4013333333333335,6.4013333333333335,6.4013333333333335,6.4013333333333335,6.4013333333333335,6.4013333333333335,6.4013333333333335,6.4013333333333335,6.4013333333333335,6.4013333333333335,6.363733333333333,6.326133333333334,6.2885333333333335,6.250933333333334,6.213333333333334,6.117400000000001,6.021466666666667,5.925533333333334,5.8296,5.733666666666667,5.7144,5.695133333333334,5.675866666666667,5.6566,5.637333333333333,5.6346,5.631866666666667,5.629133333333334,5.626400000000001,5.623666666666668
45,oracle,unseeded,vesicle,0,,,,,6.9353333333333325,6.318066666666666,5.700799999999999,5.0835333333333335,4.466266666666667,3.849,3.6292,3.4094,3.1896,2.9698,2.75,2.6932,2.6364,2.5795999999999997,2.5227999999999997,2.4659999999999997,2.377133333333333,2.2882666666666664,2.1994,2.110533333333333,2.0216666666666665,2.0216666666666665,2.0216666666666665,2.0216666666666665,2.0216666666666665,2.0216666666666665,2.0216666666666665,2.0216666666666665,2.0216666666666665,2.0216666666666665,2.0216666666666665,2.0216666666666665,2.0216666666666665,2.0216666666666665,2.0216666666666665,2.0216666666666665,2.0216666666666665,2.0216666666666665,2.0216666666666665,2.0216666666666665,2.0216666666666665,1.994333333333333,1.9669999999999999,1.9396666666666664,1.9123333333333332,1.8849999999999998
46,oracle,unseeded,vesicle,1,,,,,3.66,3.3516,3.0432,2.7348,2.4264,2.118,2.0545999999999998,1.9912,1.9278,1.8644,1.8010000000000002,1.6101333333333334,1.4192666666666667,1.2284000000000002,1.0375333333333334,0.8466666666666667,0.7872666666666667,0.7278666666666667,0.6684666666666667,0.6090666666666666,0.5496666666666666,0.5496666666666666,0.5496666666666666,0.5496666666666666,0.5496666666666666,0.5496666666666666,0.5496666666666666,0.5496666666666666,0.5496666666666666,0.5496666666666666,0.5496666666666666,0.5496666666666666,0.5496666666666666,0.5496666666666666,0.5496666666666666,0.5496666666666666,0.5496666666666666,0.5496666666666666,0.5496666666666666,0.5496666666666666,0.5496666666666666,0.5277999999999999,0.5059333333333333,0.48406666666666665,0.46219999999999994,0.4403333333333333
47,oracle,unseeded,vesicle,2,,,,,5.061,4.589466666666667,4.117933333333333,3.6464,3.1748666666666665,2.703333333333333,2.4180666666666664,2.1327999999999996,1.8475333333333332,1.5622666666666665,1.277,1.2593333333333332,1.2416666666666665,1.224,1.2063333333333333,1.1886666666666665,1.1472666666666667,1.1058666666666666,1.0644666666666667,1.0230666666666668,0.9816666666666668,0.9816666666666668,0.9816666666666668,0.9816666666666668,0.9816666666666668,0.9816666666666668,0.9816666666666668,0.9816666666666668,0.9816666666666668,0.9816666666666668,0.9816666666666668,0.9184666666666668,0.8552666666666667,0.7920666666666667,0.7288666666666667,0.6656666666666666,0.6656666666666666,0.6656666666666666,0.6656666666666666,0.6656666666666666,0.6656666666666666,0.6557333333333333,0.6457999999999999,0.6358666666666667,0.6259333333333333,0.616
48,oracle,unseeded,vesicle,3,,,,,9.373333333333333,8.056666666666667,6.739999999999999,5.423333333333332,4.106666666666666,2.7899999999999996,2.779333333333333,2.7686666666666664,2.758,2.747333333333333,2.736666666666667,2.736666666666667,2.736666666666667,2.736666666666667,2.736666666666667,2.736666666666667,2.7345333333333337,2.7324,2.730266666666667,2.7281333333333335,2.7260000000000004,2.628466666666667,2.5309333333333335,2.4334000000000002,2.3358666666666665,2.2383333333333333,2.1702,2.1020666666666665,2.033933333333333,1.9658,1.8976666666666666,1.8976666666666666,1.8976666666666666,1.8976666666666666,1.8976666666666666,1.8976666666666666,1.8938666666666666,1.8900666666666666,1.8862666666666668,1.8824666666666667,1.8786666666666667,1.8786666666666667,1.8786666666666667,1.8786666666666667,1.8786666666666667,1.8786666666666667
49,oracle,unseeded,vesicle,4,,,,,7.961333333333333,7.0742,6.1870666666666665,5.299933333333334,4.412800000000001,3.5256666666666665,3.321133333333333,3.1165999999999996,2.912066666666666,2.707533333333333,2.5029999999999997,2.4629999999999996,2.4229999999999996,2.3829999999999996,2.3429999999999995,2.3029999999999995,2.3029999999999995,2.3029999999999995,2.3029999999999995,2.3029999999999995,2.3029999999999995,2.3029999999999995,2.3029999999999995,2.3029999999999995,2.3029999999999995,2.3029999999999995,2.3029999999999995,2.3029999999999995,2.3029999999999995,2.3029999999999995,2.3029999999999995,2.207466666666666,2.111933333333333,2.0164,1.9208666666666665,1.8253333333333333,1.7410666666666665,1.6567999999999998,1.5725333333333333,1.4882666666666666,1.404,1.3526666666666667,1.3013333333333332,1.25,1.1986666666666665,1.1473333333333333
50,oracle,unseeded,wormlike micelle,0,,,,,3.596,3.285066666666667,2.9741333333333335,2.6632000000000002,2.352266666666667,2.0413333333333337,2.0015333333333336,1.9617333333333336,1.9219333333333335,1.8821333333333334,1.8423333333333334,1.8411333333333333,1.8399333333333334,1.8387333333333333,1.8375333333333335,1.8363333333333334,1.8182666666666667,1.8002,1.7821333333333331,1.7640666666666664,1.7459999999999998,1.7459999999999998,1.7459999999999998,1.7459999999999998,1.7459999999999998,1.7459999999999998,1.7459999999999998,1.7459999999999998,1.7459999999999998,1.7459999999999998,1.7459999999999998,1.7459999999999998,1.7459999999999998,1.7459999999999998,1.7459999999999998,1.7459999999999998,1.7459999999999998,1.7459999999999998,1.7459999999999998,1.7459999999999998,1.7459999999999998,1.7459999999999998,1.7459999999999998,1.7459999999999998,1.7459999999999998,1.7459999999999998
51,oracle,unseeded,wormlike micelle,1,,,,,9.149666666666667,8.706133333333334,8.262599999999999,7.819066666666666,7.375533333333333,6.9319999999999995,6.395733333333333,5.859466666666666,5.3232,4.786933333333334,4.250666666666667,3.812733333333333,3.3748,2.9368666666666665,2.4989333333333335,2.061,2.061,2.061,2.061,2.061,2.061,1.9121333333333332,1.7632666666666665,1.6144,1.4655333333333334,1.3166666666666667,1.3166666666666667,1.3166666666666667,1.3166666666666667,1.3166666666666667,1.3166666666666667,1.3166666666666667,1.3166666666666667,1.3166666666666667,1.3166666666666667,1.3166666666666667,1.3166666666666667,1.3166666666666667,1.3166666666666667,1.3166666666666667,1.3166666666666667,1.3166666666666667,1.3166666666666667,1.3166666666666667,1.3166666666666667,1.3166666666666667
52,oracle,unseeded,wormlike micelle,2,,,,,11.849000000000002,11.247800000000002,10.646600000000001,10.0454,9.4442,8.843,8.648933333333334,8.454866666666668,8.2608,8.066733333333334,7.872666666666667,7.572533333333334,7.2724,6.972266666666667,6.672133333333333,6.372,6.2968,6.2216,6.1464,6.071199999999999,5.9959999999999996,5.9376,5.8792,5.8208,5.7624,5.704000000000001,5.533200000000001,5.362400000000001,5.191600000000001,5.0208,4.8500000000000005,4.7138,4.5776,4.4414,4.3052,4.169,4.0591333333333335,3.9492666666666665,3.8394,3.7295333333333334,3.619666666666667,3.3306,3.0415333333333336,2.752466666666667,2.4634,2.1743333333333332
53,oracle,unseeded,wormlike micelle,3,,,,,8.152,7.316533333333332,6.481066666666666,5.645599999999999,4.810133333333333,3.9746666666666663,3.8112666666666666,3.647866666666667,3.484466666666667,3.321066666666667,3.157666666666667,3.157666666666667,3.157666666666667,3.157666666666667,3.157666666666667,3.157666666666667,3.112866666666667,3.068066666666667,3.0232666666666668,2.978466666666667,2.933666666666667,2.835266666666667,2.736866666666667,2.638466666666667,2.5400666666666667,2.441666666666667,2.2249333333333334,2.0082,1.7914666666666668,1.5747333333333333,1.3579999999999999,1.265,1.172,1.0790000000000002,0.9860000000000001,0.8930000000000001,0.8400000000000001,0.787,0.734,0.681,0.628,0.5916,0.5552,0.5188,0.4824,0.446
54,oracle,unseeded,wormlike micelle,4,,,,,6.219000000000001,5.421600000000001,4.6242,3.8268000000000004,3.0294,2.2319999999999998,2.1672666666666665,2.102533333333333,2.0378,1.9730666666666665,1.9083333333333332,1.9083333333333332,1.9083333333333332,1.9083333333333332,1.9083333333333332,1.9083333333333332,1.9083333333333332,1.9083333333333332,1.9083333333333332,1.9083333333333332,1.9083333333333332,1.8933333333333333,1.8783333333333332,1.8633333333333333,1.8483333333333332,1.8333333333333333,1.8333333333333333,1.8333333333333333,1.8333333333333333,1.8333333333333333,1.8333333333333333,1.8333333333333333,1.8333333333333333,1.8333333333333333,1.8333333333333333,1.8333333333333333,1.8234,1.8134666666666666,1.8035333333333334,1.7936,1.7836666666666667,1.7836666666666667,1.7836666666666667,1.7836666666666667,1.7836666666666667,1.7836666666666667
55,oracle,unseeded,spherical micelle,0,,,,,7.1436666666666655,6.903133333333332,6.662599999999999,6.422066666666666,6.181533333333333,5.941,5.7226,5.5042,5.2858,5.0674,4.849,4.849,4.849,4.849,4.849,4.849,4.657666666666667,4.466333333333333,4.275,4.083666666666667,3.892333333333333,3.7014,3.510466666666667,3.3195333333333332,3.1286,2.937666666666667,2.8353333333333333,2.733,2.6306666666666665,2.5283333333333333,2.4259999999999997,2.2811999999999997,2.1363999999999996,1.9915999999999998,1.8468,1.702,1.6404666666666665,1.5789333333333333,1.5173999999999999,1.4558666666666666,1.3943333333333332,1.3381333333333332,1.2819333333333331,1.2257333333333333,1.1695333333333333,1.1133333333333333
56,oracle,unseeded,spherical micelle,1,,,,,8.621,8.1968,7.772600000000001,7.3484,6.9242,6.5,6.0474,5.5948,5.1422,4.6896,4.237,4.2275833333333335,4.218166666666667,4.208749999999999,4.199333333333333,4.0443333333333324,3.889333333333333,3.734333333333333,3.579333333333333,3.4243333333333332,3.4243333333333332,3.4243333333333332,3.4243333333333332,3.4243333333333332,3.4243333333333332,3.3545333333333334,3.284733333333333,3.214933333333333,3.145133333333333,3.075333333333333,3.0124,2.9494666666666665,2.8865333333333334,2.8236,2.760666666666667,2.6899333333333333,2.6191999999999998,2.5484666666666667,2.477733333333333,2.4069999999999996,2.3658666666666663,2.324733333333333,2.2836,2.2424666666666666,2.2013333333333334,2.1776
57,oracle,unseeded,spherical micelle,2,,,,,11.323333333333332,10.896266666666666,10.469199999999999,10.042133333333332,9.615066666666667,9.188,8.893933333333333,8.599866666666667,8.3058,8.011733333333334,7.717666666666666,7.6038,7.489933333333333,7.3760666666666665,7.2622,7.148333333333333,6.4806,5.812866666666666,5.145133333333334,4.4774,3.8096666666666668,3.542066666666667,3.2744666666666666,3.006866666666667,2.7392666666666665,2.4716666666666667,2.245,2.0183333333333335,1.7916666666666667,1.5650000000000002,1.3383333333333336,1.3190666666666668,1.2998,1.2805333333333335,1.2612666666666668,1.242,1.2050666666666667,1.1681333333333332,1.1312,1.0942666666666665,1.0573333333333332,0.9997333333333333,0.9421333333333333,0.8845333333333333,0.8269333333333333,0.7693333333333333
58,oracle,unseeded,spherical micelle,3,,,,,5.911333333333334,5.750933333333334,5.590533333333334,5.430133333333333,5.269733333333333,5.109333333333333,5.106133333333333,5.1029333333333335,5.099733333333333,5.096533333333333,5.093333333333334,5.0671333333333335,5.040933333333333,5.014733333333334,4.988533333333334,4.9623333333333335,4.773333333333333,4.584333333333333,4.395333333333333,4.206333333333333,4.017333333333333,3.833333333333333,3.6493333333333333,3.465333333333333,3.2813333333333334,3.0973333333333333,3.0973333333333333,3.0973333333333333,3.0973333333333333,3.0973333333333333,3.0973333333333333,2.9034,2.7094666666666667,2.5155333333333334,2.3216,2.127666666666667,2.127666666666667,2.127666666666667,2.127666666666667,2.127666666666667,2.127666666666667,2.127666666666667,2.127666666666667,2.127666666666667,2.127666666666667,2.127666666666667
59,oracle,unseeded,spherical micelle,4,,,,,6.711666666666667,6.371533333333334,6.0314000000000005,5.691266666666667,5.351133333333333,5.011,4.9106000000000005,4.8102,4.7098,4.6094,4.509,4.497800000000001,4.4866,4.4754000000000005,4.4642,4.453,4.3798,4.3066,4.2334,4.1602,4.087,4.0054,3.9238,3.8421999999999996,3.7605999999999997,3.679,3.586,3.493,3.4,3.307,3.214,3.1652,3.1164,3.0676,3.0188,2.97,2.8955333333333337,2.821066666666667,2.7466000000000004,2.6721333333333335,2.597666666666667,2.597666666666667,2.597666666666667,2.597666666666667,2.597666666666667,2.597666666666667
60,scientific,seeded,liquid,0,,,,,12.415000000000001,9.602500000000001,6.790000000000001,3.977500000000001,1.165,1.0562666666666667,0.9475333333333333,0.8388,0.7300666666666666,0.6213333333333333,0.6213333333333333,0.6213333333333333,0.6213333333333333,0.6213333333333333,0.6213333333333333,0.6196666666666666,0.618,0.6163333333333333,0.6146666666666667,0.613,0.5808,0.5486,0.5164,0.48419999999999996,0.45199999999999996,0.4238666666666666,0.3957333333333333,0.3676,0.3394666666666667,0.31133333333333335,0.31133333333333335,0.31133333333333335,0.31133333333333335,0.31133333333333335,0.31133333333333335,0.31133333333333335,0.31133333333333335,0.31133333333333335,0.31133333333333335,0.31133333333333335,0.2978,0.28426666666666667,0.2707333333333334,0.25720000000000004,0.2436666666666667,0.23626666666666668
61,scientific,seeded,liquid,1,,,,,13.251,10.139333333333333,7.027666666666667,3.9160000000000004,0.8043333333333335,0.7766000000000001,0.7488666666666667,0.7211333333333334,0.6934,0.6656666666666666,0.6656666666666666,0.6656666666666666,0.6656666666666666,0.6656666666666666,0.6656666666666666,0.6364,0.6071333333333333,0.5778666666666666,0.5486,0.5193333333333333,0.5193333333333333,0.5193333333333333,0.5193333333333333,0.5193333333333333,0.5193333333333333,0.46499999999999997,0.4106666666666667,0.35633333333333334,0.30200000000000005,0.2476666666666667,0.2476666666666667,0.2476666666666667,0.2476666666666667,0.2476666666666667,0.2476666666666667,0.2476666666666667,0.2476666666666667,0.2476666666666667,0.2476666666666667,0.2476666666666667,0.2476666666666667,0.2476666666666667,0.2476666666666667,0.2476666666666667,0.2476666666666667,0.2476666666666667
62,scientific,seeded,liquid,2,,,,,5.108333333333333,4.0224166666666665,2.9365,1.8505833333333337,0.7646666666666667,0.7646666666666667,0.7646666666666667,0.7646666666666667,0.7646666666666667,0.7646666666666667,0.7120000000000001,0.6593333333333333,0.6066666666666667,0.554,0.5013333333333333,0.4677333333333333,0.4341333333333333,0.4005333333333333,0.36693333333333333,0.3333333333333333,0.3333333333333333,0.3333333333333333,0.3333333333333333,0.3333333333333333,0.3333333333333333,0.3333333333333333,0.3333333333333333,0.3333333333333333,0.3333333333333333,0.3333333333333333,0.3333333333333333,0.3333333333333333,0.3333333333333333,0.3333333333333333,0.3333333333333333,0.33326666666666666,0.3332,0.33313333333333334,0.3330666666666667,0.333,0.333,0.333,0.333,0.333,0.333,0.333
63,scientific,seeded,liquid,3,,,,,11.065666666666667,8.490416666666667,5.915166666666667,3.3399166666666673,0.7646666666666667,0.7188,0.6729333333333334,0.6270666666666667,0.5811999999999999,0.5353333333333333,0.5346,0.5338666666666666,0.5331333333333333,0.5324,0.5316666666666666,0.5316666666666666,0.5316666666666666,0.5316666666666666,0.5316666666666666,0.5316666666666666,0.5214,0.5111333333333333,0.5008666666666666,0.4905999999999999,0.4803333333333333,0.4803333333333333,0.4803333333333333,0.4803333333333333,0.4803333333333333,0.4803333333333333,0.4803333333333333,0.4803333333333333,0.4803333333333333,0.4803333333333333,0.4803333333333333,0.4803333333333333,0.4803333333333333,0.4803333333333333,0.4803333333333333,0.4803333333333333,0.4803333333333333,0.4803333333333333,0.4803333333333333,0.4803333333333333,0.4803333333333333,0.44759999999999994
64,scientific,seeded,liquid,4,,,,,10.083,7.785,5.487,3.189,0.891,0.7912666666666667,0.6915333333333333,0.5918000000000001,0.4920666666666667,0.39233333333333337,0.39233333333333337,0.39233333333333337,0.39233333333333337,0.39233333333333337,0.39233333333333337,0.36920000000000003,0.3460666666666667,0.32293333333333335,0.2998,0.27666666666666667,0.27666666666666667,0.27666666666666667,0.27666666666666667,0.27666666666666667,0.27666666666666667,0.26553333333333334,0.2544,0.2432666666666667,0.23213333333333333,0.221,0.221,0.221,0.221,0.221,0.221,0.221,0.221,0.221,0.221,0.221,0.221,0.221,0.221,0.221,0.221,0.221
65,scientific,seeded,string,0,,,,,3.862666666666667,3.5238000000000005,3.1849333333333334,2.8460666666666667,2.5072,2.1683333333333334,1.8878333333333335,1.6073333333333335,1.3268333333333333,1.0463333333333333,1.0463333333333333,1.0463333333333333,1.0463333333333333,1.0463333333333333,1.0463333333333333,0.8716666666666667,0.6970000000000001,0.5223333333333333,0.3476666666666667,0.17300000000000001,0.17140000000000002,0.1698,0.16820000000000002,0.1666,0.165,0.165,0.165,0.165,0.165,0.165,0.165,0.165,0.165,0.165,0.165,0.165,0.165,0.165,0.165,0.165,0.165,0.165,0.165,0.165,0.165,0.165
66,scientific,seeded,string,1,,,,,5.0713333333333335,4.380333333333334,3.6893333333333334,2.998333333333333,2.3073333333333332,1.6163333333333334,1.5360666666666667,1.4558,1.3755333333333333,1.2952666666666666,1.2149999999999999,1.2149999999999999,1.2149999999999999,1.2149999999999999,1.2149999999999999,1.2149999999999999,1.2149999999999999,1.2149999999999999,1.2149999999999999,1.2149999999999999,1.1020666666666665,0.9891333333333332,0.8762,0.7632666666666666,0.6503333333333333,0.6503333333333333,0.6503333333333333,0.6503333333333333,0.6503333333333333,0.6503333333333333,0.6503333333333333,0.6503333333333333,0.6503333333333333,0.6503333333333333,0.6503333333333333,0.6503333333333333,0.6503333333333333,0.6503333333333333,0.6503333333333333,0.6503333333333333,0.6188,0.5872666666666666,0.5557333333333333,0.5242,0.49266666666666664,0.4722
67,scientific,seeded,string,2,,,,,8.447000000000001,6.940416666666668,5.433833333333334,3.927250000000001,2.420666666666667,1.9741333333333335,1.5276000000000003,1.081066666666667,0.6345333333333336,0.18800000000000003,0.18800000000000003,0.18800000000000003,0.18800000000000003,0.18800000000000003,0.18800000000000003,0.18800000000000003,0.18800000000000003,0.18800000000000003,0.18800000000000003,0.18800000000000003,0.18800000000000003,0.18800000000000003,0.18800000000000003,0.18800000000000003,0.18800000000000003,0.18800000000000003,0.18800000000000003,0.18800000000000003,0.18800000000000003,0.18800000000000003,0.18800000000000003,0.18800000000000003,0.18800000000000003,0.18800000000000003,0.18800000000000003,0.18800000000000003,0.18800000000000003,0.18800000000000003,0.18800000000000003,0.18800000000000003,0.18786666666666668,0.18773333333333336,0.18760000000000002,0.1874666666666667,0.18733333333333335,0.18206666666666668
68,scientific,seeded,string,3,,,,,6.154333333333334,5.347933333333334,4.541533333333334,3.7351333333333336,2.9287333333333336,2.122333333333333,2.1213333333333333,2.120333333333333,2.119333333333333,2.118333333333333,2.118333333333333,2.118333333333333,2.118333333333333,2.118333333333333,2.118333333333333,2.1160666666666663,2.1138,2.111533333333333,2.1092666666666666,2.1069999999999998,2.0674666666666663,2.0279333333333334,1.9884,1.9488666666666665,1.9093333333333333,1.7578666666666667,1.6064,1.4549333333333334,1.3034666666666668,1.1520000000000001,1.1118000000000001,1.0716,1.0314,0.9912,0.951,0.8599333333333333,0.7688666666666666,0.6778,0.5867333333333333,0.4956666666666667,0.4956666666666667,0.4956666666666667,0.4956666666666667,0.4956666666666667,0.4956666666666667,0.4956666666666667
69,scientific,seeded,string,4,,,,,4.0169999999999995,3.3228333333333326,2.6286666666666663,1.9344999999999999,1.2403333333333333,1.0579333333333334,0.8755333333333333,0.6931333333333334,0.5107333333333334,0.32833333333333337,0.30760000000000004,0.28686666666666666,0.26613333333333333,0.2454,0.22466666666666665,0.22466666666666665,0.22466666666666665,0.22466666666666665,0.22466666666666665,0.22466666666666665,0.22466666666666665,0.22466666666666665,0.22466666666666665,0.22466666666666665,0.22466666666666665,0.22466666666666665,0.22466666666666665,0.22466666666666665,0.22466666666666665,0.22466666666666665,0.21733333333333332,0.21,0.20266666666666666,0.19533333333333336,0.18800000000000003,0.18800000000000003,0.18800000000000003,0.18800000000000003,0.18800000000000003,0.18800000000000003,0.18800000000000003,0.18800000000000003,0.18800000000000003,0.18800000000000003,0.18800000000000003,0.18800000000000003
70,scientific,seeded,membrane,0,,,,,5.2973333333333334,4.4884,3.6794666666666664,2.8705333333333334,2.0616,1.2526666666666666,1.2146666666666666,1.1766666666666665,1.1386666666666667,1.1006666666666667,1.0626666666666666,1.0500666666666667,1.0374666666666668,1.0248666666666666,1.0122666666666666,0.9996666666666667,0.9996666666666667,0.9996666666666667,0.9996666666666667,0.9996666666666667,0.9244666666666667,0.8492666666666667,0.7740666666666667,0.6988666666666667,0.6236666666666667,0.5733333333333334,0.523,0.47266666666666673,0.4223333333333334,0.37200000000000005,0.35660000000000003,0.3412,0.3258,0.3104,0.295,0.295,0.295,0.295,0.295,0.295,0.295,0.295,0.295,0.295,0.295,0.295
71,scientific,seeded,membrane,1,,,,,4.129666666666666,3.5729999999999995,3.016333333333333,2.4596666666666662,1.9029999999999996,1.3463333333333332,1.3463333333333332,1.3463333333333332,1.3463333333333332,1.3463333333333332,1.3463333333333332,1.2339333333333333,1.1215333333333333,1.0091333333333332,0.8967333333333334,0.7843333333333334,0.7402500000000001,0.6961666666666667,0.6520833333333333,0.608,0.608,0.608,0.608,0.608,0.608,0.608,0.608,0.608,0.608,0.608,0.608,0.608,0.608,0.608,0.608,0.608,0.608,0.608,0.608,0.608,0.608,0.608,0.608,0.608,0.608,0.608
72,scientific,seeded,membrane,2,,,,,10.405333333333333,8.655533333333333,6.905733333333333,5.1559333333333335,3.406133333333333,1.6563333333333332,1.5966666666666665,1.537,1.4773333333333332,1.4176666666666666,1.3579999999999999,1.3579999999999999,1.3579999999999999,1.3579999999999999,1.3579999999999999,1.3579999999999999,1.2940666666666665,1.2301333333333333,1.1662,1.1022666666666665,1.0383333333333333,1.0383333333333333,1.0383333333333333,1.0383333333333333,1.0383333333333333,1.0383333333333333,1.0383333333333333,1.0383333333333333,1.0383333333333333,1.0383333333333333,1.0383333333333333,0.9815333333333334,0.9247333333333333,0.8679333333333333,0.8111333333333333,0.7543333333333333,0.7543333333333333,0.7543333333333333,0.7543333333333333,0.7543333333333333,0.7543333333333333,0.7543333333333333,0.7543333333333333,0.7543333333333333,0.7543333333333333,0.7543333333333333
73,scientific,seeded,membrane,3,,,,,9.488666666666667,7.8962,6.303733333333334,4.711266666666667,3.1188000000000002,1.5263333333333335,1.4437333333333335,1.3611333333333335,1.2785333333333333,1.1959333333333333,1.1133333333333333,1.1133333333333333,1.1133333333333333,1.1133333333333333,1.1133333333333333,1.1133333333333333,1.0554999999999999,0.9976666666666667,0.9398333333333333,0.882,0.882,0.882,0.882,0.882,0.882,0.876,0.87,0.864,0.858,0.852,0.7921333333333334,0.7322666666666666,0.6724,0.6125333333333334,0.5526666666666666,0.5526666666666666,0.5526666666666666,0.5526666666666666,0.5526666666666666,0.5526666666666666,0.5526666666666666,0.5526666666666666,0.5526666666666666,0.5526666666666666,0.5526666666666666,0.5526666666666666
74,scientific,seeded,membrane,4,,,,,9.119666666666667,7.601000000000001,6.082333333333334,4.563666666666666,3.045,1.5263333333333335,1.4437333333333335,1.3611333333333335,1.2785333333333333,1.1959333333333333,1.1133333333333333,1.0256666666666665,0.938,0.8503333333333333,0.7626666666666666,0.6749999999999999,0.6749999999999999,0.6749999999999999,0.6749999999999999,0.6749999999999999,0.6749999999999999,0.6419333333333332,0.6088666666666666,0.5757999999999999,0.5427333333333333,0.5096666666666666,0.4983333333333333,0.487,0.4756666666666667,0.4643333333333333,0.453,0.44953333333333334,0.44606666666666667,0.4426,0.4391333333333333,0.43566666666666665,0.43566666666666665,0.43566666666666665,0.43566666666666665,0.43566666666666665,0.43566666666666665,0.43566666666666665,0.43566666666666665,0.43566666666666665,0.43566666666666665,0.43566666666666665
75,scientific,seeded,vesicle,0,,,,,6.9353333333333325,6.044249999999999,5.1531666666666665,4.262083333333333,3.371,3.1149333333333336,2.8588666666666667,2.6028000000000002,2.346733333333334,2.090666666666667,1.9182000000000001,1.7457333333333334,1.5732666666666668,1.4008,1.2283333333333333,1.2046,1.1808666666666665,1.1571333333333333,1.1334,1.1096666666666666,1.0396666666666665,0.9696666666666666,0.8996666666666666,0.8296666666666666,0.7596666666666666,0.7596666666666666,0.7596666666666666,0.7596666666666666,0.7596666666666666,0.7596666666666666,0.7391333333333333,0.7186,0.6980666666666666,0.6775333333333333,0.657,0.657,0.657,0.657,0.657,0.657,0.657,0.657,0.657,0.657,0.657,0.657
76,scientific,seeded,vesicle,1,,,,,3.66,3.66,3.66,3.66,3.66,3.66,3.66,3.66,3.66,3.66,3.6416666666666666,3.6233333333333335,3.605,3.586666666666667,3.5683333333333334,3.525333333333333,3.482333333333333,3.4393333333333334,3.396333333333333,3.353333333333333,3.1080666666666663,2.8628,2.6175333333333333,2.3722666666666665,2.1270000000000002,2.0159333333333334,1.9048666666666667,1.7938,1.6827333333333332,1.5716666666666665,1.5716666666666665,1.5716666666666665,1.5716666666666665,1.5716666666666665,1.5716666666666665,1.503,1.4343333333333332,1.3656666666666666,1.297,1.2283333333333333,1.2283333333333333,1.2283333333333333,1.2283333333333333,1.2283333333333333,1.2283333333333333,1.1683999999999999
77,scientific,seeded,vesicle,2,,,,,6.383666666666667,6.1268666666666665,5.870066666666666,5.613266666666666,5.356466666666667,5.099666666666667,5.099666666666667,5.099666666666667,5.099666666666667,5.099666666666667,4.741933333333334,4.3842,4.026466666666667,3.6687333333333334,3.311,3.1706666666666665,3.030333333333333,2.8899999999999997,2.7496666666666667,2.6093333333333333,2.472,2.3346666666666667,2.1973333333333334,2.0599999999999996,1.9226666666666665,1.9226666666666665,1.9226666666666665,1.9226666666666665,1.9226666666666665,1.9226666666666665,1.9226666666666665,1.9226666666666665,1.9226666666666665,1.9226666666666665,1.9226666666666665,1.8851333333333333,1.8476,1.8100666666666667,1.7725333333333333,1.735,1.5514666666666668,1.3679333333333334,1.1844000000000001,1.0008666666666666,0.8173333333333334,0.7246666666666667
78,scientific,seeded,vesicle,3,,,,,9.373333333333333,8.614933333333333,7.856533333333333,7.098133333333333,6.339733333333333,5.581333333333333,4.679833333333333,3.7783333333333333,2.8768333333333334,1.9753333333333334,1.7467333333333332,1.5181333333333333,1.2895333333333332,1.0609333333333333,0.8323333333333333,0.7347999999999999,0.6372666666666666,0.5397333333333333,0.4422,0.3446666666666667,0.3446666666666667,0.3446666666666667,0.3446666666666667,0.3446666666666667,0.3446666666666667,0.3446666666666667,0.3446666666666667,0.3446666666666667,0.3446666666666667,0.3446666666666667,0.3446666666666667,0.3446666666666667,0.3446666666666667,0.3446666666666667,0.3446666666666667,0.3446666666666667,0.3446666666666667,0.3446666666666667,0.3446666666666667,0.3446666666666667,0.3446666666666667,0.3446666666666667,0.3446666666666667,0.3446666666666667,0.3446666666666667,0.3446666666666667
79,scientific,seeded,vesicle,4,,,,,10.511333333333333,9.7242,8.937066666666666,8.149933333333333,7.3628,6.575666666666667,5.399916666666667,4.224166666666667,3.0484166666666663,1.8726666666666667,1.7859333333333334,1.6992,1.6124666666666667,1.5257333333333334,1.439,1.3647333333333334,1.2904666666666667,1.2162000000000002,1.1419333333333335,1.0676666666666668,1.0676666666666668,1.0676666666666668,1.0676666666666668,1.0676666666666668,1.0676666666666668,1.0676666666666668,1.0676666666666668,1.0676666666666668,1.0676666666666668,1.0676666666666668,1.0676666666666668,1.0676666666666668,1.0676666666666668,1.0676666666666668,1.0676666666666668,1.0443333333333333,1.0210000000000001,0.9976666666666667,0.9743333333333333,0.951,0.951,0.951,0.951,0.951,0.951,0.951
80,scientific,seeded,wormlike micelle,0,,,,,6.206333333333333,5.6226,5.038866666666666,4.455133333333333,3.8714,3.2876666666666665,2.7614,2.235133333333333,1.7088666666666665,1.1825999999999999,0.6563333333333333,0.6292666666666666,0.6022,0.5751333333333333,0.5480666666666667,0.521,0.521,0.521,0.521,0.521,0.521,0.521,0.521,0.521,0.521,0.521,0.4986666666666667,0.47633333333333333,0.454,0.43166666666666664,0.4093333333333333,0.4093333333333333,0.4093333333333333,0.4093333333333333,0.4093333333333333,0.4093333333333333,0.4093333333333333,0.4093333333333333,0.4093333333333333,0.4093333333333333,0.4093333333333333,0.4093333333333333,0.4093333333333333,0.4093333333333333,0.4093333333333333,0.4093333333333333
81,scientific,seeded,wormlike micelle,1,,,,,9.149666666666667,8.4578,7.765933333333334,7.074066666666667,6.382200000000001,5.690333333333334,5.307666666666667,4.925000000000001,4.542333333333334,4.159666666666666,3.6655333333333333,3.1713999999999998,2.6772666666666667,2.183133333333333,1.689,1.6301333333333334,1.5712666666666668,1.5124,1.4535333333333333,1.3946666666666667,1.3930666666666667,1.3914666666666666,1.3898666666666668,1.3882666666666668,1.3866666666666667,1.2732,1.1597333333333333,1.0462666666666667,0.9328000000000001,0.8193333333333334,0.7524000000000001,0.6854666666666667,0.6185333333333334,0.5516000000000001,0.48466666666666675,0.48466666666666675,0.48466666666666675,0.48466666666666675,0.48466666666666675,0.48466666666666675,0.47206666666666675,0.45946666666666675,0.44686666666666675,0.4342666666666667,0.4216666666666667,0.4216666666666667
82,scientific,seeded,wormlike micelle,2,,,,,14.609,13.082666666666666,11.556333333333333,10.030000000000001,8.503666666666668,6.977333333333333,6.8815,6.785666666666667,6.6898333333333335,6.594,6.178333333333334,5.762666666666667,5.347,4.931333333333334,4.515666666666667,4.227066666666667,3.938466666666667,3.649866666666667,3.361266666666667,3.0726666666666667,2.837066666666667,2.6014666666666666,2.365866666666667,2.1302666666666665,1.8946666666666667,1.8553333333333333,1.8159999999999998,1.7766666666666666,1.7373333333333332,1.6979999999999997,1.6979999999999997,1.6979999999999997,1.6979999999999997,1.6979999999999997,1.6979999999999997,1.4986666666666664,1.2993333333333332,1.0999999999999999,0.9006666666666666,0.7013333333333334,0.7013333333333334,0.7013333333333334,0.7013333333333334,0.7013333333333334,0.7013333333333334,0.6738666666666667
83,scientific,seeded,wormlike micelle,3,,,,,8.152,7.204066666666666,6.256133333333333,5.308199999999999,4.360266666666666,3.412333333333333,3.098133333333333,2.783933333333333,2.469733333333333,2.1555333333333335,1.8413333333333333,1.6947999999999999,1.5482666666666667,1.4017333333333333,1.2551999999999999,1.1086666666666665,1.0862666666666665,1.0638666666666665,1.0414666666666665,1.0190666666666666,0.9966666666666667,0.9966666666666667,0.9966666666666667,0.9966666666666667,0.9966666666666667,0.9966666666666667,0.9667333333333333,0.9368,0.9068666666666667,0.8769333333333333,0.847,0.847,0.847,0.847,0.847,0.847,0.7846,0.7222,0.6597999999999999,0.5974,0.535,0.535,0.535,0.535,0.535,0.535
84,scientific,seeded,wormlike micelle,4,,,,,6.956333333333333,6.211333333333333,5.466333333333333,4.721333333333334,3.9763333333333337,3.2313333333333336,3.02125,2.811166666666667,2.6010833333333334,2.391,2.3536,2.3162000000000003,2.2788,2.2414,2.204,2.1768,2.1496,2.1224000000000003,2.0952,2.068,1.9859333333333333,1.9038666666666668,1.8218,1.7397333333333336,1.6576666666666668,1.6576666666666668,1.6576666666666668,1.6576666666666668,1.6576666666666668,1.6576666666666668,1.5719333333333334,1.4862,1.4004666666666665,1.3147333333333333,1.2289999999999999,1.2289999999999999,1.2289999999999999,1.2289999999999999,1.2289999999999999,1.2289999999999999,1.1743333333333332,1.1196666666666666,1.065,1.0103333333333333,0.9556666666666667,0.9556666666666667
85,scientific,seeded,spherical micelle,0,,,,,8.451666666666666,7.27175,6.091833333333334,4.911916666666667,3.7320000000000007,3.4574666666666674,3.1829333333333336,2.9084000000000003,2.633866666666667,2.3593333333333333,2.2248666666666668,2.0904,1.9559333333333333,1.8214666666666668,1.687,1.661,1.635,1.6090000000000002,1.5830000000000002,1.5570000000000002,1.530066666666667,1.5031333333333334,1.4762000000000002,1.4492666666666667,1.4223333333333334,1.3321333333333334,1.2419333333333333,1.1517333333333335,1.0615333333333332,0.9713333333333333,0.9713333333333333,0.9713333333333333,0.9713333333333333,0.9713333333333333,0.9713333333333333,0.9206666666666666,0.87,0.8193333333333332,0.7686666666666666,0.718,0.718,0.718,0.718,0.718,0.718,0.718
86,scientific,seeded,spherical micelle,1,,,,,9.107333333333333,7.7635000000000005,6.419666666666667,5.075833333333334,3.7320000000000007,3.3934000000000006,3.0548,2.7162,2.3776,2.039,1.8739333333333335,1.7088666666666668,1.5438,1.3787333333333334,1.2136666666666667,1.2036,1.1935333333333333,1.1834666666666667,1.1734,1.1633333333333333,1.1246,1.0858666666666665,1.0471333333333332,1.0084,0.9696666666666666,0.9475999999999999,0.9255333333333332,0.9034666666666666,0.8814,0.8593333333333333,0.8044,0.7494666666666666,0.6945333333333333,0.6396,0.5846666666666667,0.5708,0.5569333333333333,0.5430666666666667,0.5292,0.5153333333333333,0.5153333333333333,0.5153333333333333,0.5153333333333333,0.5153333333333333,0.5153333333333333,0.5153333333333333
87,scientific,seeded,spherical micelle,2,,,,,11.323333333333332,9.4255,7.527666666666667,5.629833333333334,3.7320000000000007,3.503533333333334,3.275066666666667,3.0466,2.8181333333333334,2.5896666666666666,2.393866666666667,2.1980666666666666,2.0022666666666664,1.8064666666666667,1.6106666666666667,1.5159333333333334,1.4212,1.3264666666666667,1.2317333333333333,1.137,1.1254666666666666,1.1139333333333334,1.1024,1.0908666666666669,1.0793333333333335,1.0522666666666667,1.0252000000000001,0.9981333333333333,0.9710666666666666,0.944,0.944,0.944,0.944,0.944,0.944,0.944,0.944,0.944,0.944,0.944,0.944,0.944,0.944,0.944,0.944,0.8845999999999999
88,scientific,seeded,spherical micelle,3,,,,,5.911333333333334,5.297583333333334,4.683833333333334,4.070083333333334,3.4563333333333333,3.2541333333333333,3.0519333333333334,2.8497333333333335,2.6475333333333335,2.4453333333333336,2.1664000000000003,1.8874666666666668,1.6085333333333334,1.3296000000000001,1.0506666666666666,0.9544,0.8581333333333333,0.7618666666666667,0.6656,0.5693333333333334,0.5606,0.5518666666666666,0.5431333333333334,0.5344,0.5256666666666666,0.4835333333333333,0.44139999999999996,0.39926666666666666,0.3571333333333333,0.315,0.315,0.315,0.315,0.315,0.315,0.313,0.311,0.309,0.307,0.305,0.305,0.305,0.305,0.305,0.305,0.305
89,scientific,seeded,spherical micelle,4,,,,,7.2236666666666665,6.235333333333333,5.247,4.258666666666667,3.2703333333333333,3.1194,2.9684666666666666,2.8175333333333334,2.6666,2.5156666666666667,2.3234,2.1311333333333335,1.9388666666666667,1.7466,1.5543333333333333,1.3914666666666666,1.2286,1.0657333333333332,0.9028666666666666,0.7399999999999999,0.7399999999999999,0.7399999999999999,0.7399999999999999,0.7399999999999999,0.7399999999999999,0.7080666666666666,0.6761333333333333,0.6442,0.6122666666666667,0.5803333333333334,0.5803333333333334,0.5803333333333334,0.5803333333333334,0.5803333333333334,0.5803333333333334,0.5542666666666667,0.5282,0.5021333333333333,0.4760666666666667,0.45,0.45,0.45,0.45,0.45,0.45,0.42873333333333336
90,scientific,unseeded,liquid,0,,,,,12.415000000000001,10.939666666666668,9.464333333333334,7.989,6.5136666666666665,5.038333333333333,4.8284666666666665,4.6186,4.408733333333333,4.1988666666666665,3.9890000000000003,3.5234666666666667,3.0579333333333336,2.5924,2.1268666666666665,1.6613333333333333,1.5091333333333332,1.3569333333333333,1.2047333333333332,1.0525333333333333,0.9003333333333332,0.8879999999999999,0.8756666666666666,0.8633333333333333,0.851,0.8386666666666667,0.8386666666666667,0.8386666666666667,0.8386666666666667,0.8386666666666667,0.8386666666666667,0.8386666666666667,0.8386666666666667,0.8386666666666667,0.8386666666666667,0.8386666666666667,0.7886666666666666,0.7386666666666667,0.6886666666666666,0.6386666666666667,0.5886666666666667,0.5831333333333334,0.5776,0.5720666666666667,0.5665333333333333,0.561
91,scientific,unseeded,liquid,1,,,,,10.869666666666667,10.171266666666668,9.472866666666667,8.774466666666667,8.076066666666666,7.377666666666666,7.031,6.684333333333333,6.337666666666666,5.991,5.7158,5.4406,5.1654,4.890199999999999,4.614999999999999,4.436333333333333,4.257666666666666,4.079,3.9003333333333328,3.7216666666666662,3.611133333333333,3.5006,3.390066666666667,3.2795333333333336,3.1690000000000005,3.0391333333333335,2.909266666666667,2.7794,2.6495333333333333,2.5196666666666663,2.3040666666666665,2.0884666666666662,1.8728666666666665,1.6572666666666664,1.4416666666666664,1.3219999999999998,1.2023333333333333,1.0826666666666664,0.963,0.8433333333333334,0.7954,0.7474666666666667,0.6995333333333333,0.6516,0.6036666666666667,0.6036666666666667
92,scientific,unseeded,liquid,2,,,,,5.108333333333333,4.9714,4.834466666666667,4.697533333333333,4.5606,4.423666666666667,4.423666666666667,4.423666666666667,4.423666666666667,4.423666666666667,4.423666666666667,4.423666666666667,4.423666666666667,4.423666666666667,4.423666666666667,4.423666666666667,4.1188666666666665,3.8140666666666667,3.5092666666666665,3.204466666666667,2.8996666666666666,2.6398666666666664,2.3800666666666666,2.1202666666666667,1.8604666666666665,1.6006666666666665,1.523,1.4453333333333331,1.3676666666666666,1.29,1.2123333333333333,1.0399333333333334,0.8675333333333333,0.6951333333333334,0.5227333333333334,0.35033333333333333,0.35033333333333333,0.35033333333333333,0.35033333333333333,0.35033333333333333,0.35033333333333333,0.34926666666666667,0.3482,0.3471333333333333,0.34606666666666663,0.345
93,scientific,unseeded,liquid,3,,,,,7.756666666666667,7.1422,6.527733333333334,5.913266666666667,5.2988,4.684333333333334,4.438533333333334,4.192733333333334,3.946933333333334,3.7011333333333334,3.4553333333333334,3.2852,3.115066666666667,2.944933333333333,2.7748,2.6046666666666667,2.288666666666667,1.9726666666666666,1.6566666666666667,1.3406666666666667,1.0246666666666666,0.9351333333333333,0.8455999999999999,0.7560666666666667,0.6665333333333333,0.577,0.5237333333333333,0.47046666666666664,0.4172,0.36393333333333333,0.3106666666666667,0.3106666666666667,0.3106666666666667,0.3106666666666667,0.3106666666666667,0.3106666666666667,0.29900000000000004,0.2873333333333334,0.2756666666666667,0.264,0.25233333333333335,0.25233333333333335,0.25233333333333335,0.25233333333333335,0.25233333333333335,0.25233333333333335
94,scientific,unseeded,liquid,4,,,,,7.679333333333333,6.4978,5.3162666666666665,4.134733333333333,2.9532,1.7716666666666665,1.5414666666666665,1.3112666666666666,1.0810666666666666,0.8508666666666667,0.6206666666666667,0.6176666666666667,0.6146666666666667,0.6116666666666667,0.6086666666666667,0.6056666666666667,0.5641333333333334,0.5226,0.48106666666666664,0.43953333333333333,0.39799999999999996,0.39799999999999996,0.39799999999999996,0.39799999999999996,0.39799999999999996,0.39799999999999996,0.39799999999999996,0.39799999999999996,0.39799999999999996,0.39799999999999996,0.39799999999999996,0.3777333333333333,0.35746666666666665,0.3372,0.31693333333333334,0.2966666666666667,0.2966666666666667,0.2966666666666667,0.2966666666666667,0.2966666666666667,0.2966666666666667,0.2966666666666667,0.2966666666666667,0.2966666666666667,0.2966666666666667,0.2966666666666667
95,scientific,unseeded,string,0,,,,,5.858666666666667,5.684066666666667,5.509466666666667,5.334866666666667,5.160266666666667,4.985666666666667,4.9728,4.959933333333334,4.947066666666666,4.9342,4.921333333333333,4.879266666666666,4.8372,4.795133333333333,4.753066666666667,4.711,4.7056000000000004,4.700200000000001,4.6948,4.6894,4.684,4.5962000000000005,4.5084,4.4206,4.3328,4.245,4.1576,4.0702,3.9828,3.8954,3.808,3.7336,3.6592,3.5848,3.5103999999999997,3.436,3.372133333333333,3.3082666666666665,3.2444,3.1805333333333334,3.1166666666666667,2.9831333333333334,2.8496,2.7160666666666664,2.582533333333333,2.449
96,scientific,unseeded,string,1,,,,,7.977666666666667,7.624066666666667,7.270466666666667,6.9168666666666665,6.563266666666666,6.209666666666666,5.9210666666666665,5.632466666666667,5.343866666666667,5.055266666666666,4.766666666666667,4.7068666666666665,4.6470666666666665,4.587266666666667,4.527466666666667,4.467666666666667,4.467666666666667,4.467666666666667,4.467666666666667,4.467666666666667,4.467666666666667,4.321266666666667,4.174866666666667,4.028466666666667,3.8820666666666668,3.735666666666667,3.6201333333333334,3.5046,3.3890666666666664,3.2735333333333334,3.158,3.0164666666666666,2.8749333333333333,2.7334,2.5918666666666668,2.4503333333333335,2.2724,2.094466666666667,1.9165333333333334,1.7386000000000001,1.5606666666666669,1.5606666666666669,1.5606666666666669,1.5606666666666669,1.5606666666666669,1.5606666666666669
97,scientific,unseeded,string,2,,,,,10.266333333333334,9.010666666666667,7.755,6.4993333333333325,5.243666666666666,3.988,3.796666666666667,3.6053333333333337,3.4140000000000006,3.222666666666667,3.031333333333334,3.011866666666667,2.9924000000000004,2.972933333333333,2.9534666666666665,2.9339999999999997,2.920933333333333,2.9078666666666666,2.8947999999999996,2.881733333333333,2.8686666666666665,2.8194,2.7701333333333333,2.7208666666666668,2.6716,2.6223333333333336,2.527866666666667,2.4334000000000002,2.3389333333333338,2.244466666666667,2.1500000000000004,2.120133333333334,2.090266666666667,2.0604000000000005,2.0305333333333335,2.000666666666667,1.9225333333333336,1.8444000000000003,1.7662666666666669,1.6881333333333335,1.61,1.61,1.61,1.61,1.61,1.61
98,scientific,unseeded,string,3,,,,,10.632,9.316533333333332,8.001066666666667,6.6856,5.370133333333333,4.054666666666667,3.7942666666666667,3.5338666666666665,3.2734666666666667,3.0130666666666666,2.7526666666666664,2.7126666666666663,2.6726666666666663,2.6326666666666667,2.5926666666666667,2.5526666666666666,2.4646,2.376533333333333,2.2884666666666664,2.2004,2.1123333333333334,1.9306,1.7488666666666668,1.5671333333333333,1.3854,1.2036666666666667,1.2036666666666667,1.2036666666666667,1.2036666666666667,1.2036666666666667,1.2036666666666667,1.2036666666666667,1.2036666666666667,1.2036666666666667,1.2036666666666667,1.2036666666666667,1.2036666666666667,1.2036666666666667,1.2036666666666667,1.2036666666666667,1.2036666666666667,1.1743333333333332,1.145,1.1156666666666666,1.0863333333333334,1.057
99,scientific,unseeded,string,4,,,,,7.619333333333333,7.338266666666666,7.057199999999999,6.776133333333332,6.495066666666666,6.2139999999999995,6.126133333333333,6.038266666666666,5.950399999999999,5.8625333333333325,5.774666666666666,5.666866666666666,5.559066666666666,5.451266666666666,5.343466666666667,5.235666666666667,5.166666666666667,5.097666666666667,5.028666666666667,4.959666666666667,4.890666666666667,4.886533333333333,4.8824000000000005,4.878266666666667,4.874133333333334,4.87,4.87,4.87,4.87,4.87,4.87,4.803,4.736,4.6690000000000005,4.602,4.535,4.440266666666667,4.345533333333333,4.2508,4.156066666666666,4.061333333333333,3.887533333333333,3.713733333333333,3.539933333333333,3.3661333333333334,3.1923333333333335
100,scientific,unseeded,membrane,0,,,,,5.2973333333333334,4.665466666666667,4.0336,3.4017333333333335,2.7698666666666667,2.138,2.1020666666666665,2.066133333333333,2.0302,1.9942666666666666,1.9583333333333333,1.8444666666666667,1.7306,1.6167333333333334,1.5028666666666668,1.389,1.3738,1.3586,1.3434,1.3282,1.313,1.2602,1.2074,1.1546,1.1018000000000001,1.0490000000000002,1.0089333333333335,0.9688666666666668,0.9288000000000001,0.8887333333333335,0.8486666666666668,0.7932000000000001,0.7377333333333335,0.6822666666666668,0.6268,0.5713333333333334,0.5361333333333334,0.5009333333333333,0.46573333333333333,0.4305333333333333,0.3953333333333333,0.3953333333333333,0.3953333333333333,0.3953333333333333,0.3953333333333333,0.3953333333333333
101,scientific,unseeded,membrane,1,,,,,4.129666666666666,3.805083333333333,3.4804999999999997,3.1559166666666663,2.8313333333333333,2.767,2.7026666666666666,2.638333333333333,2.574,2.5096666666666665,2.4892666666666665,2.4688666666666665,2.4484666666666666,2.4280666666666666,2.4076666666666666,2.2038666666666664,2.0000666666666667,1.7962666666666667,1.5924666666666667,1.3886666666666667,1.1944666666666668,1.0002666666666666,0.8060666666666667,0.6118666666666667,0.4176666666666667,0.4058,0.39393333333333336,0.38206666666666667,0.37020000000000003,0.35833333333333334,0.34726666666666667,0.3362,0.32513333333333333,0.31406666666666666,0.303,0.303,0.303,0.303,0.303,0.303,0.303,0.303,0.303,0.303,0.303,0.29846666666666666
102,scientific,unseeded,membrane,2,,,,,5.599333333333334,4.761333333333334,3.923333333333334,3.0853333333333337,2.2473333333333336,1.4093333333333333,1.4093333333333333,1.4093333333333333,1.4093333333333333,1.4093333333333333,1.4093333333333333,1.4025333333333334,1.3957333333333335,1.3889333333333334,1.3821333333333334,1.3753333333333335,1.3753333333333335,1.3753333333333335,1.3753333333333335,1.3753333333333335,1.3753333333333335,1.203466666666667,1.0316,0.8597333333333335,0.6878666666666667,0.516,0.4876,0.4592,0.43079999999999996,0.4024,0.37399999999999994,0.3703333333333333,0.36666666666666664,0.36299999999999993,0.3593333333333333,0.35566666666666663,0.35566666666666663,0.35566666666666663,0.35566666666666663,0.35566666666666663,0.35566666666666663,0.3516666666666666,0.3476666666666667,0.3436666666666667,0.33966666666666673,0.3356666666666667
103,scientific,unseeded,membrane,3,,,,,9.488666666666667,8.599933333333334,7.7112,6.822466666666667,5.9337333333333335,5.045,4.9162,4.7874,4.658600000000001,4.529800000000001,4.401000000000001,4.3087333333333335,4.216466666666667,4.1242,4.031933333333333,3.939666666666666,3.779933333333333,3.6201999999999996,3.4604666666666666,3.3007333333333335,3.141,3.0196666666666667,2.8983333333333334,2.777,2.655666666666667,2.5343333333333335,2.4293333333333336,2.3243333333333336,2.2193333333333336,2.1143333333333336,2.0093333333333336,1.9493333333333336,1.8893333333333335,1.8293333333333335,1.7693333333333334,1.7093333333333334,1.6614666666666666,1.6136,1.5657333333333332,1.5178666666666667,1.47,1.4498,1.4296,1.4094,1.3892,1.369
104,scientific,unseeded,membrane,4,,,,,7.202000000000001,6.5284,5.854800000000001,5.1812000000000005,4.5076,3.8339999999999996,3.3262666666666663,2.8185333333333333,2.3108000000000004,1.803066666666667,1.2953333333333334,1.2510000000000001,1.2066666666666668,1.1623333333333334,1.118,1.0736666666666668,1.0736666666666668,1.0736666666666668,1.0736666666666668,1.0736666666666668,1.0736666666666668,1.0486,1.0235333333333334,0.9984666666666666,0.9733999999999999,0.9483333333333333,0.8822666666666666,0.8161999999999999,0.7501333333333333,0.6840666666666666,0.618,0.618,0.618,0.618,0.618,0.618,0.6102,0.6024,0.5946,0.5868000000000001,0.5790000000000001,0.5790000000000001,0.5790000000000001,0.5790000000000001,0.5790000000000001,0.5790000000000001
105,scientific,unseeded,vesicle,0,,,,,6.9353333333333325,6.170733333333333,5.406133333333333,4.641533333333333,3.876933333333333,3.1123333333333334,2.9476666666666667,2.783,2.618333333333333,2.453666666666667,2.289,2.289,2.289,2.289,2.289,2.289,2.289,2.289,2.289,2.289,2.289,2.2575333333333334,2.2260666666666666,2.1946000000000003,2.1631333333333336,2.131666666666667,2.1272,2.1227333333333336,2.1182666666666665,2.1138,2.1093333333333333,1.9889999999999999,1.8686666666666665,1.748333333333333,1.628,1.5076666666666665,1.3899333333333332,1.2722,1.1544666666666665,1.0367333333333333,0.919,0.919,0.919,0.919,0.919,0.919
106,scientific,unseeded,vesicle,1,,,,,3.66,3.4585333333333335,3.2570666666666668,3.0556,2.8541333333333334,2.6526666666666667,2.3466666666666667,2.0406666666666666,1.7346666666666668,1.4286666666666668,1.1226666666666667,1.0985333333333334,1.0744,1.0502666666666667,1.0261333333333333,1.002,0.9783333333333333,0.9546666666666667,0.9309999999999999,0.9073333333333333,0.8836666666666666,0.8836666666666666,0.8836666666666666,0.8836666666666666,0.8836666666666666,0.8836666666666666,0.8836666666666666,0.8836666666666666,0.8836666666666666,0.8836666666666666,0.8836666666666666,0.8706666666666666,0.8576666666666666,0.8446666666666667,0.8316666666666667,0.8186666666666667,0.8186666666666667,0.8186666666666667,0.8186666666666667,0.8186666666666667,0.8186666666666667,0.7986,0.7785333333333333,0.7584666666666667,0.7384000000000001,0.7183333333333334
107,scientific,unseeded,vesicle,2,,,,,5.061,4.955133333333333,4.849266666666667,4.743399999999999,4.637533333333333,4.531666666666666,4.506133333333333,4.4806,4.455066666666666,4.4295333333333335,4.404,4.334866666666667,4.265733333333333,4.1966,4.127466666666667,4.058333333333334,3.752666666666667,3.447,3.1413333333333333,2.8356666666666666,2.53,2.4678,2.4055999999999997,2.3434,2.2811999999999997,2.219,2.219,2.219,2.219,2.219,2.219,2.219,2.219,2.219,2.219,2.219,2.219,2.219,2.219,2.219,2.219,2.219,2.219,2.219,2.219,2.219
108,scientific,unseeded,vesicle,3,,,,,9.373333333333333,8.985466666666667,8.5976,8.209733333333332,7.821866666666667,7.434,7.071733333333333,6.709466666666667,6.3472,5.984933333333333,5.6226666666666665,5.571666666666666,5.520666666666667,5.469666666666667,5.418666666666668,5.3676666666666675,5.3676666666666675,5.3676666666666675,5.3676666666666675,5.3676666666666675,5.3676666666666675,5.3554,5.343133333333334,5.330866666666667,5.318600000000001,5.306333333333334,5.229333333333334,5.152333333333334,5.075333333333333,4.998333333333333,4.921333333333333,4.8206,4.719866666666666,4.619133333333333,4.5184,4.417666666666666,4.391333333333333,4.365,4.338666666666667,4.312333333333334,4.2860000000000005,4.144933333333334,4.003866666666667,3.8628000000000005,3.721733333333334,3.580666666666667
109,scientific,unseeded,vesicle,4,,,,,7.961333333333333,7.3264,6.691466666666667,6.056533333333333,5.4216,4.786666666666666,4.601066666666666,4.415466666666666,4.229866666666666,4.044266666666666,3.8586666666666667,3.5519333333333334,3.2451999999999996,2.9384666666666663,2.631733333333333,2.3249999999999997,2.317133333333333,2.3092666666666664,2.3014,2.2935333333333334,2.2856666666666667,2.2856666666666667,2.2856666666666667,2.2856666666666667,2.2856666666666667,2.2856666666666667,2.2856666666666667,2.2856666666666667,2.2856666666666667,2.2856666666666667,2.2856666666666667,2.2856666666666667,2.2856666666666667,2.2856666666666667,2.2856666666666667,2.2856666666666667,2.2856666666666667,2.2856666666666667,2.2856666666666667,2.2856666666666667,2.2856666666666667,2.2856666666666667,2.2856666666666667,2.2856666666666667,2.2856666666666667,2.2856666666666667
110,scientific,unseeded,wormlike micelle,0,,,,,3.596,3.3049333333333335,3.013866666666667,2.7228,2.4317333333333333,2.1406666666666667,2.061733333333333,1.9828,1.9038666666666666,1.824933333333333,1.7459999999999998,1.7459999999999998,1.7459999999999998,1.7459999999999998,1.7459999999999998,1.7459999999999998,1.7459999999999998,1.7459999999999998,1.7459999999999998,1.7459999999999998,1.7459999999999998,1.7459999999999998,1.7459999999999998,1.7459999999999998,1.7459999999999998,1.7459999999999998,1.7459999999999998,1.7459999999999998,1.7459999999999998,1.7459999999999998,1.7459999999999998,1.7436666666666665,1.7413333333333332,1.739,1.7366666666666668,1.7343333333333335,1.7343333333333335,1.7343333333333335,1.7343333333333335,1.7343333333333335,1.7343333333333335,1.7343333333333335,1.7343333333333335,1.7343333333333335,1.7343333333333335,1.7343333333333335
111,scientific,unseeded,wormlike micelle,1,,,,,9.149666666666667,8.636833333333334,8.124,7.611166666666667,7.098333333333334,6.956466666666667,6.8146,6.672733333333333,6.530866666666667,6.389,6.125533333333333,5.862066666666666,5.598599999999999,5.335133333333333,5.071666666666666,4.835266666666667,4.598866666666667,4.362466666666666,4.1260666666666665,3.889666666666667,3.7659333333333334,3.6422000000000003,3.518466666666667,3.394733333333334,3.2710000000000004,3.2436000000000003,3.2162,3.1888000000000005,3.1614000000000004,3.1340000000000003,3.0917333333333334,3.049466666666667,3.0072,2.9649333333333336,2.9226666666666667,2.9226666666666667,2.9226666666666667,2.9226666666666667,2.9226666666666667,2.9226666666666667,2.9226666666666667,2.9226666666666667,2.9226666666666667,2.9226666666666667,2.9226666666666667,2.8998
112,scientific,unseeded,wormlike micelle,2,,,,,11.849000000000002,11.014466666666667,10.179933333333334,9.345400000000001,8.510866666666667,7.676333333333333,7.351333333333334,7.0263333333333335,6.701333333333334,6.376333333333335,6.051333333333335,5.9973333333333345,5.943333333333334,5.889333333333334,5.835333333333334,5.781333333333333,5.6712,5.561066666666667,5.450933333333333,5.340800000000001,5.230666666666667,5.2157333333333336,5.2008,5.185866666666667,5.170933333333333,5.156,5.153333333333333,5.150666666666667,5.148,5.145333333333333,5.142666666666667,5.142533333333334,5.1424,5.142266666666667,5.142133333333334,5.142,5.123333333333334,5.104666666666667,5.086,5.067333333333333,5.048666666666667,5.048666666666667,5.048666666666667,5.048666666666667,5.048666666666667,5.048666666666667
113,scientific,unseeded,wormlike micelle,3,,,,,8.152,7.292,6.4319999999999995,5.572,4.712,3.8520000000000003,3.756266666666667,3.6605333333333334,3.5648,3.469066666666667,3.3733333333333335,3.3302,3.287066666666667,3.2439333333333336,3.2008000000000005,3.157666666666667,3.157666666666667,3.157666666666667,3.157666666666667,3.157666666666667,3.157666666666667,3.0531333333333337,2.9486000000000003,2.8440666666666665,2.739533333333333,2.635,2.5238666666666667,2.412733333333333,2.3016,2.1904666666666666,2.0793333333333335,2.0209333333333337,1.9625333333333335,1.9041333333333335,1.8457333333333334,1.7873333333333334,1.7873333333333334,1.7873333333333334,1.7873333333333334,1.7873333333333334,1.7873333333333334,1.7873333333333334,1.7873333333333334,1.7873333333333334,1.7873333333333334,1.7873333333333334
114,scientific,unseeded,wormlike micelle,4,,,,,6.219000000000001,5.3512666666666675,4.483533333333334,3.615800000000001,2.7480666666666673,1.8803333333333334,1.5978,1.3152666666666666,1.0327333333333333,0.7502,0.4676666666666667,0.4676666666666667,0.4676666666666667,0.4676666666666667,0.4676666666666667,0.4676666666666667,0.43406666666666666,0.4004666666666667,0.3668666666666667,0.3332666666666667,0.2996666666666667,0.2976666666666667,0.2956666666666667,0.2936666666666667,0.2916666666666667,0.2896666666666667,0.2850666666666667,0.2804666666666667,0.27586666666666665,0.27126666666666666,0.26666666666666666,0.25026666666666664,0.23386666666666667,0.21746666666666667,0.20106666666666667,0.18466666666666667,0.18466666666666667,0.18466666666666667,0.18466666666666667,0.18466666666666667,0.18466666666666667,0.18466666666666667,0.18466666666666667,0.18466666666666667,0.18466666666666667,0.18466666666666667
115,scientific,unseeded,spherical micelle,0,,,,,7.1436666666666655,6.784466666666666,6.425266666666666,6.066066666666666,5.7068666666666665,5.347666666666666,5.176733333333333,5.0058,4.834866666666667,4.663933333333333,4.492999999999999,4.492999999999999,4.492999999999999,4.492999999999999,4.492999999999999,4.492999999999999,4.399466666666666,4.305933333333333,4.2124,4.1188666666666665,4.025333333333333,4.025333333333333,4.025333333333333,4.025333333333333,4.025333333333333,4.025333333333333,4.025333333333333,4.025333333333333,4.025333333333333,4.025333333333333,4.025333333333333,3.9108,3.796266666666667,3.6817333333333337,3.5672,3.452666666666667,3.441466666666667,3.430266666666667,3.419066666666667,3.407866666666667,3.396666666666667,3.396666666666667,3.396666666666667,3.396666666666667,3.396666666666667,3.396666666666667
116,scientific,unseeded,spherical micelle,1,,,,,8.621,8.1445,7.668,7.1915,6.715,6.510666666666666,6.306333333333333,6.101999999999999,5.897666666666666,5.6933333333333325,5.687266666666666,5.6812,5.675133333333333,5.669066666666667,5.663,5.6538,5.6446000000000005,5.6354,5.6262,5.617,5.4792,5.3414,5.2036,5.0658,4.928,4.732733333333333,4.537466666666667,4.3422,4.146933333333333,3.9516666666666667,3.807,3.662333333333333,3.517666666666667,3.373,3.2283333333333335,3.017466666666667,2.8066,2.5957333333333334,2.3848666666666665,2.174,2.0934,2.0128,1.9322,1.8516,1.771,1.7477333333333331
117,scientific,unseeded,spherical micelle,2,,,,,11.323333333333332,10.838866666666666,10.3544,9.869933333333332,9.385466666666666,8.901,8.363666666666667,7.826333333333333,7.289,6.751666666666667,6.214333333333333,6.0304,5.846466666666667,5.662533333333334,5.4786,5.294666666666667,5.294666666666667,5.294666666666667,5.294666666666667,5.294666666666667,5.294666666666667,5.1936,5.092533333333333,4.991466666666667,4.8904,4.7893333333333326,4.740333333333333,4.691333333333333,4.642333333333333,4.593333333333333,4.544333333333333,4.4104,4.276466666666667,4.142533333333334,4.0086,3.8746666666666667,3.6812666666666667,3.4878666666666667,3.2944666666666667,3.101066666666667,2.907666666666667,2.7678000000000003,2.6279333333333335,2.4880666666666666,2.3482000000000003,2.2083333333333335
118,scientific,unseeded,spherical micelle,3,,,,,5.911333333333334,5.569666666666667,5.228000000000001,4.886333333333334,4.544666666666667,4.203,4.143266666666667,4.0835333333333335,4.0238000000000005,3.964066666666667,3.9043333333333337,3.828866666666667,3.7534,3.6779333333333333,3.6024666666666665,3.5269999999999997,3.5269999999999997,3.5269999999999997,3.5269999999999997,3.5269999999999997,3.5269999999999997,3.460933333333333,3.3948666666666667,3.3287999999999998,3.2627333333333333,3.1966666666666668,3.1966666666666668,3.1966666666666668,3.1966666666666668,3.1966666666666668,3.1966666666666668,3.1227333333333336,3.0488,2.9748666666666668,2.900933333333333,2.827,2.812133333333333,2.7972666666666663,2.7824,2.767533333333333,2.7526666666666664,2.7288666666666663,2.7050666666666663,2.6812666666666667,2.6574666666666666,2.6336666666666666
119,scientific,unseeded,spherical micelle,4,,,,,6.711666666666667,6.436333333333334,6.1610000000000005,5.885666666666667,5.610333333333333,5.335,5.3011333333333335,5.267266666666667,5.2334,5.199533333333333,5.165666666666667,5.068666666666667,4.971666666666667,4.874666666666667,4.777666666666667,4.680666666666667,4.527266666666667,4.373866666666667,4.220466666666667,4.067066666666666,3.9136666666666664,3.711933333333333,3.5101999999999998,3.3084666666666664,3.106733333333333,2.905,2.8064666666666667,2.707933333333333,2.6094,2.5108666666666664,2.412333333333333,2.412333333333333,2.412333333333333,2.412333333333333,2.412333333333333,2.412333333333333,2.412333333333333,2.412333333333333,2.412333333333333,2.412333333333333,2.412333333333333,2.412333333333333,2.412333333333333,2.412333333333333,2.412333333333333,2.412333333333333
120,active,seeded,liquid,0,,,,,12.415000000000001,11.152733333333334,9.890466666666667,8.6282,7.365933333333333,6.103666666666666,5.1578,4.211933333333333,3.2660666666666662,2.3202,1.3743333333333334,1.264,1.1536666666666666,1.0433333333333334,0.933,0.8226666666666667,0.7962,0.7697333333333334,0.7432666666666667,0.7168,0.6903333333333334,0.6903333333333334,0.6903333333333334,0.6903333333333334,0.6903333333333334,0.6903333333333334,0.6272,0.5640666666666667,0.5009333333333333,0.4378,0.3746666666666667,0.3746666666666667,0.3746666666666667,0.3746666666666667,0.3746666666666667,0.3746666666666667,0.3746666666666667,0.3746666666666667,0.3746666666666667,0.3746666666666667,0.3746666666666667,0.3746666666666667,0.3746666666666667,0.3746666666666667,0.3746666666666667,0.3746666666666667
121,active,seeded,liquid,1,,,,,13.251,11.7084,10.1658,8.6232,7.0806000000000004,5.538,5.538,5.538,5.538,5.538,5.538,5.226866666666667,4.915733333333334,4.6046000000000005,4.293466666666667,3.9823333333333335,3.8288,3.6752666666666665,3.521733333333333,3.3682,3.214666666666666,3.214666666666666,3.214666666666666,3.214666666666666,3.214666666666666,3.214666666666666,3.1507333333333327,3.0867999999999993,3.0228666666666664,2.958933333333333,2.8949999999999996,2.8949999999999996,2.8949999999999996,2.8949999999999996,2.8949999999999996,2.8949999999999996,2.8949999999999996,2.8949999999999996,2.8949999999999996,2.8949999999999996,2.8949999999999996,2.8949999999999996,2.8949999999999996,2.8949999999999996,2.8949999999999996,2.8949999999999996
122,active,seeded,liquid,2,,,,,5.108333333333333,5.108333333333333,5.108333333333333,5.108333333333333,5.108333333333333,5.108333333333333,5.0502,4.992066666666667,4.933933333333333,4.8758,4.817666666666667,4.3412,3.8647333333333336,3.3882666666666665,2.9118,2.4353333333333333,2.2842000000000002,2.1330666666666667,1.9819333333333333,1.8308,1.6796666666666666,1.6796666666666666,1.6796666666666666,1.6796666666666666,1.6796666666666666,1.6796666666666666,1.6796666666666666,1.6796666666666666,1.6796666666666666,1.6796666666666666,1.6796666666666666,1.5932,1.5067333333333333,1.4202666666666666,1.3338,1.2473333333333334,1.2473333333333334,1.2473333333333334,1.2473333333333334,1.2473333333333334,1.2473333333333334,1.1696,1.0918666666666668,1.0141333333333333,0.9364,0.8586666666666667
123,active,seeded,liquid,3,,,,,11.065666666666667,10.525,9.984333333333334,9.443666666666667,8.903,8.362333333333334,7.905466666666667,7.4486,6.991733333333333,6.534866666666666,6.077999999999999,6.077999999999999,6.077999999999999,6.077999999999999,6.077999999999999,6.077999999999999,5.476666666666667,4.875333333333333,4.274,3.6726666666666667,3.0713333333333335,2.6487333333333334,2.2261333333333333,1.8035333333333337,1.3809333333333336,0.9583333333333334,0.9583333333333334,0.9583333333333334,0.9583333333333334,0.9583333333333334,0.9583333333333334,0.9021333333333333,0.8459333333333333,0.7897333333333334,0.7335333333333334,0.6773333333333333,0.6773333333333333,0.6773333333333333,0.6773333333333333,0.6773333333333333,0.6773333333333333,0.6773333333333333,0.6773333333333333,0.6773333333333333,0.6773333333333333,0.6773333333333333
124,active,seeded,liquid,4,,,,,10.083,9.412933333333333,8.742866666666666,8.0728,7.402733333333334,6.732666666666667,6.252,5.771333333333334,5.290666666666667,4.8100000000000005,4.3293333333333335,4.2405333333333335,4.1517333333333335,4.0629333333333335,3.974133333333333,3.885333333333333,3.5016666666666665,3.118,2.734333333333333,2.3506666666666662,1.9669999999999999,1.8626666666666665,1.7583333333333333,1.654,1.5496666666666665,1.4453333333333334,1.3114666666666668,1.1776,1.0437333333333334,0.9098666666666668,0.7760000000000001,0.7760000000000001,0.7760000000000001,0.7760000000000001,0.7760000000000001,0.7760000000000001,0.7760000000000001,0.7760000000000001,0.7760000000000001,0.7760000000000001,0.7760000000000001,0.7582000000000001,0.7404000000000001,0.7226,0.7048,0.6869999999999999
125,active,seeded,string,0,,,,,3.862666666666667,3.862666666666667,3.862666666666667,3.862666666666667,3.862666666666667,3.862666666666667,3.580066666666667,3.2974666666666668,3.014866666666667,2.732266666666667,2.449666666666667,2.449666666666667,2.449666666666667,2.449666666666667,2.449666666666667,2.449666666666667,2.449666666666667,2.449666666666667,2.449666666666667,2.449666666666667,2.449666666666667,2.2760000000000002,2.1023333333333336,1.9286666666666668,1.755,1.5813333333333333,1.4521333333333333,1.3229333333333333,1.1937333333333333,1.0645333333333333,0.9353333333333333,0.9353333333333333,0.9353333333333333,0.9353333333333333,0.9353333333333333,0.9353333333333333,0.9353333333333333,0.9353333333333333,0.9353333333333333,0.9353333333333333,0.9353333333333333,0.9204,0.9054666666666666,0.8905333333333333,0.8755999999999999,0.8606666666666666
126,active,seeded,string,1,,,,,5.0713333333333335,4.9822,4.893066666666667,4.803933333333333,4.7148,4.625666666666667,4.625666666666667,4.625666666666667,4.625666666666667,4.625666666666667,4.625666666666667,4.625666666666667,4.625666666666667,4.625666666666667,4.625666666666667,4.625666666666667,4.568133333333333,4.5106,4.4530666666666665,4.395533333333334,4.338,4.338,4.338,4.338,4.338,4.338,4.100466666666667,3.8629333333333333,3.6254,3.387866666666667,3.1503333333333337,2.9965333333333337,2.842733333333334,2.688933333333334,2.5351333333333335,2.3813333333333335,2.3813333333333335,2.3813333333333335,2.3813333333333335,2.3813333333333335,2.3813333333333335,2.3431333333333333,2.3049333333333335,2.2667333333333333,2.2285333333333335,2.1903333333333332
127,active,seeded,string,2,,,,,8.447000000000001,7.724666666666668,7.002333333333334,6.28,5.557666666666667,4.835333333333334,4.318533333333334,3.8017333333333334,3.284933333333333,2.768133333333333,2.251333333333333,2.1742666666666666,2.0972,2.0201333333333333,1.9430666666666665,1.8659999999999999,1.7304,1.5947999999999998,1.4591999999999998,1.3235999999999999,1.188,1.188,1.188,1.188,1.188,1.188,1.188,1.188,1.188,1.188,1.188,1.0662666666666667,0.9445333333333333,0.8228,0.7010666666666667,0.5793333333333334,0.5793333333333334,0.5793333333333334,0.5793333333333334,0.5793333333333334,0.5793333333333334,0.5793333333333334,0.5793333333333334,0.5793333333333334,0.5793333333333334,0.5793333333333334
128,active,seeded,string,3,,,,,6.154333333333334,5.5570666666666675,4.9598,4.362533333333333,3.765266666666667,3.1680000000000006,3.1680000000000006,3.1680000000000006,3.1680000000000006,3.1680000000000006,3.1680000000000006,3.1680000000000006,3.1680000000000006,3.1680000000000006,3.1680000000000006,3.1680000000000006,3.065266666666667,2.9625333333333335,2.8598,2.7570666666666668,2.654333333333333,2.4299999999999997,2.2056666666666667,1.9813333333333332,1.757,1.5326666666666666,1.5326666666666666,1.5326666666666666,1.5326666666666666,1.5326666666666666,1.5326666666666666,1.5326666666666666,1.5326666666666666,1.5326666666666666,1.5326666666666666,1.5326666666666666,1.4043333333333332,1.276,1.1476666666666666,1.0193333333333334,0.891,0.8405333333333334,0.7900666666666667,0.7396,0.6891333333333333,0.6386666666666666
129,active,seeded,string,4,,,,,4.0169999999999995,3.691733333333333,3.3664666666666663,3.0412,2.715933333333333,2.3906666666666667,2.3906666666666667,2.3906666666666667,2.3906666666666667,2.3906666666666667,2.3906666666666667,2.3906666666666667,2.3906666666666667,2.3906666666666667,2.3906666666666667,2.3906666666666667,2.1064666666666665,1.8222666666666667,1.5380666666666665,1.2538666666666665,0.9696666666666666,0.8894,0.8091333333333333,0.7288666666666667,0.6486000000000001,0.5683333333333334,0.5683333333333334,0.5683333333333334,0.5683333333333334,0.5683333333333334,0.5683333333333334,0.5547333333333333,0.5411333333333334,0.5275333333333333,0.5139333333333334,0.5003333333333333,0.5003333333333333,0.5003333333333333,0.5003333333333333,0.5003333333333333,0.5003333333333333,0.47746666666666665,0.45459999999999995,0.4317333333333333,0.4088666666666666,0.38599999999999995
130,active,seeded,membrane,0,,,,,5.2973333333333334,5.2973333333333334,5.2973333333333334,5.2973333333333334,5.2973333333333334,5.2973333333333334,5.2973333333333334,5.2973333333333334,5.2973333333333334,5.2973333333333334,5.2973333333333334,5.2973333333333334,5.2973333333333334,5.2973333333333334,5.2973333333333334,5.2973333333333334,4.770733333333333,4.244133333333334,3.717533333333334,3.1909333333333336,2.6643333333333334,2.6643333333333334,2.6643333333333334,2.6643333333333334,2.6643333333333334,2.6643333333333334,2.6643333333333334,2.6643333333333334,2.6643333333333334,2.6643333333333334,2.6643333333333334,2.491,2.3176666666666668,2.144333333333334,1.9710000000000003,1.797666666666667,1.797666666666667,1.797666666666667,1.797666666666667,1.797666666666667,1.797666666666667,1.7058666666666669,1.6140666666666668,1.5222666666666669,1.4304666666666668,1.3386666666666667
131,active,seeded,membrane,1,,,,,4.129666666666666,4.129666666666666,4.129666666666666,4.129666666666666,4.129666666666666,4.129666666666666,4.0822666666666665,4.034866666666667,3.9874666666666667,3.9400666666666666,3.892666666666667,3.8004000000000002,3.7081333333333335,3.615866666666667,3.5236,3.4313333333333333,3.159866666666667,2.8884,2.6169333333333333,2.345466666666667,2.074,1.8989999999999998,1.724,1.549,1.374,1.199,1.1962,1.1934,1.1905999999999999,1.1878,1.1849999999999998,1.1849999999999998,1.1849999999999998,1.1849999999999998,1.1849999999999998,1.1849999999999998,1.1746666666666665,1.1643333333333332,1.154,1.1436666666666666,1.1333333333333333,1.0710666666666666,1.0088,0.9465333333333333,0.8842666666666668,0.8220000000000001
132,active,seeded,membrane,2,,,,,10.405333333333333,9.422466666666667,8.4396,7.456733333333333,6.473866666666666,5.491,5.491,5.491,5.491,5.491,5.491,5.491,5.491,5.491,5.491,5.491,5.228866666666667,4.966733333333333,4.7046,4.442466666666666,4.1803333333333335,4.1803333333333335,4.1803333333333335,4.1803333333333335,4.1803333333333335,4.1803333333333335,4.061733333333334,3.9431333333333334,3.8245333333333336,3.7059333333333333,3.5873333333333335,3.393066666666667,3.1988000000000003,3.0045333333333337,2.8102666666666667,2.616,2.5263333333333335,2.436666666666667,2.3470000000000004,2.2573333333333334,2.167666666666667,2.075,1.9823333333333335,1.8896666666666668,1.797,1.7043333333333333
133,active,seeded,membrane,3,,,,,9.488666666666667,9.178066666666666,8.867466666666667,8.556866666666668,8.246266666666667,7.935666666666667,7.641800000000001,7.347933333333334,7.054066666666667,6.760200000000001,6.466333333333334,6.0406,5.614866666666667,5.189133333333333,4.7634,4.337666666666666,3.7807999999999997,3.223933333333333,2.667066666666667,2.1102000000000003,1.5533333333333335,1.5533333333333335,1.5533333333333335,1.5533333333333335,1.5533333333333335,1.5533333333333335,1.5237333333333334,1.4941333333333333,1.4645333333333335,1.4349333333333334,1.4053333333333333,1.3838,1.3622666666666665,1.3407333333333333,1.3192,1.2976666666666665,1.2976666666666665,1.2976666666666665,1.2976666666666665,1.2976666666666665,1.2976666666666665,1.2976666666666665,1.2976666666666665,1.2976666666666665,1.2976666666666665,1.2976666666666665
134,active,seeded,membrane,4,,,,,9.119666666666667,8.633266666666668,8.146866666666666,7.660466666666666,7.174066666666667,6.687666666666666,5.900399999999999,5.113133333333333,4.325866666666666,3.5385999999999997,2.751333333333333,2.751333333333333,2.751333333333333,2.751333333333333,2.751333333333333,2.751333333333333,2.751333333333333,2.751333333333333,2.751333333333333,2.751333333333333,2.751333333333333,2.751333333333333,2.751333333333333,2.751333333333333,2.751333333333333,2.751333333333333,2.6742,2.5970666666666666,2.519933333333333,2.4427999999999996,2.3656666666666664,2.3656666666666664,2.3656666666666664,2.3656666666666664,2.3656666666666664,2.3656666666666664,2.2676666666666665,2.1696666666666666,2.0716666666666663,1.9736666666666665,1.8756666666666666,1.8756666666666666,1.8756666666666666,1.8756666666666666,1.8756666666666666,1.8756666666666666
135,active,seeded,vesicle,0,,,,,6.9353333333333325,6.050133333333333,5.164933333333333,4.279733333333334,3.394533333333334,2.5093333333333336,2.5093333333333336,2.5093333333333336,2.5093333333333336,2.5093333333333336,2.5093333333333336,2.2755333333333336,2.0417333333333336,1.8079333333333336,1.5741333333333336,1.3403333333333336,1.311866666666667,1.2834000000000003,1.2549333333333335,1.2264666666666668,1.1980000000000002,1.1652000000000002,1.1324,1.0996000000000001,1.0668,1.034,1.034,1.034,1.034,1.034,1.034,1.034,1.034,1.034,1.034,1.034,1.034,1.034,1.034,1.034,1.034,1.034,1.034,1.034,1.034,1.034
136,active,seeded,vesicle,1,,,,,3.66,3.66,3.66,3.66,3.66,3.66,3.4398,3.2196,2.9993999999999996,2.7792,2.5589999999999997,2.5589999999999997,2.5589999999999997,2.5589999999999997,2.5589999999999997,2.5589999999999997,2.5159999999999996,2.473,2.4299999999999997,2.387,2.344,2.3371999999999997,2.3304,2.3236,2.3168,2.31,2.2518000000000002,2.1936,2.1354,2.0772,2.019,2.019,2.019,2.019,2.019,2.019,2.019,2.019,2.019,2.019,2.019,2.019,2.019,2.019,2.019,2.019
137,active,seeded,vesicle,2,,,,,6.383666666666667,5.914533333333333,5.4454,4.976266666666667,4.507133333333334,4.038,3.9054,3.7728,3.6402,3.5076,3.375,3.3260666666666667,3.2771333333333335,3.2281999999999997,3.1792666666666665,3.130333333333333,2.9838666666666667,2.8373999999999997,2.690933333333333,2.5444666666666667,2.3979999999999997,2.3979999999999997,2.3979999999999997,2.3979999999999997,2.3979999999999997,2.3979999999999997,2.3758,2.3536,2.3314,2.3092,2.2870000000000004,2.2870000000000004,2.2870000000000004,2.2870000000000004,2.2870000000000004,2.2870000000000004,2.2430000000000003,2.1990000000000003,2.1550000000000002,2.111,2.067,2.067,2.067,2.067,2.067,2.067
138,active,seeded,vesicle,3,,,,,9.373333333333333,8.0234,6.673466666666666,5.323533333333334,3.9736000000000002,2.6236666666666664,2.5328,2.441933333333333,2.3510666666666666,2.2601999999999998,2.1693333333333333,2.1693333333333333,2.1693333333333333,2.1693333333333333,2.1693333333333333,2.1693333333333333,2.1693333333333333,2.1693333333333333,2.1693333333333333,2.1693333333333333,2.1693333333333333,2.1170666666666667,2.0648,2.0125333333333333,1.9602666666666668,1.9080000000000001,1.8034666666666668,1.6989333333333334,1.5944000000000003,1.489866666666667,1.3853333333333335,1.3270666666666668,1.2688000000000001,1.2105333333333335,1.1522666666666668,1.094,1.094,1.094,1.094,1.094,1.094,1.094,1.094,1.094,1.094,1.094
139,active,seeded,vesicle,4,,,,,10.511333333333333,10.187266666666666,9.863199999999999,9.539133333333334,9.215066666666667,8.891,7.6782,6.4654,5.252599999999999,4.0398,2.827,2.5343333333333335,2.2416666666666667,1.949,1.6563333333333334,1.3636666666666668,1.3370000000000002,1.3103333333333336,1.2836666666666667,1.2570000000000001,1.2303333333333335,1.2303333333333335,1.2303333333333335,1.2303333333333335,1.2303333333333335,1.2303333333333335,1.2303333333333335,1.2303333333333335,1.2303333333333335,1.2303333333333335,1.2303333333333335,1.1349333333333336,1.0395333333333334,0.9441333333333334,0.8487333333333333,0.7533333333333333,0.7139333333333333,0.6745333333333333,0.6351333333333333,0.5957333333333333,0.5563333333333333,0.5563333333333333,0.5563333333333333,0.5563333333333333,0.5563333333333333,0.5563333333333333
140,active,seeded,wormlike micelle,0,,,,,6.206333333333333,6.0222,5.838066666666666,5.653933333333333,5.4698,5.285666666666667,4.958933333333333,4.6322,4.305466666666667,3.978733333333333,3.6519999999999997,3.4875999999999996,3.3232,3.1588,2.9943999999999997,2.83,2.83,2.83,2.83,2.83,2.83,2.7658666666666667,2.7017333333333333,2.6376000000000004,2.573466666666667,2.5093333333333336,2.5089333333333337,2.5085333333333337,2.5081333333333333,2.5077333333333334,2.5073333333333334,2.4716,2.4358666666666666,2.4001333333333337,2.3644000000000003,2.328666666666667,2.328666666666667,2.328666666666667,2.328666666666667,2.328666666666667,2.328666666666667,2.328666666666667,2.328666666666667,2.328666666666667,2.328666666666667,2.328666666666667
141,active,seeded,wormlike micelle,1,,,,,9.149666666666667,9.149666666666667,9.149666666666667,9.149666666666667,9.149666666666667,9.149666666666667,8.831133333333334,8.512599999999999,8.194066666666666,7.875533333333333,7.5569999999999995,7.5569999999999995,7.5569999999999995,7.5569999999999995,7.5569999999999995,7.5569999999999995,6.660799999999999,5.7646,4.868399999999999,3.9721999999999995,3.076,3.076,3.076,3.076,3.076,3.076,2.903,2.73,2.557,2.384,2.211,2.211,2.211,2.211,2.211,2.211,2.211,2.211,2.211,2.211,2.211,2.211,2.211,2.211,2.211,2.211
142,active,seeded,wormlike micelle,2,,,,,14.609,13.762066666666668,12.915133333333333,12.068200000000001,11.221266666666668,10.374333333333334,9.905600000000002,9.436866666666667,8.968133333333334,8.4994,8.030666666666667,8.030666666666667,8.030666666666667,8.030666666666667,8.030666666666667,8.030666666666667,7.2028,6.374933333333334,5.547066666666667,4.719200000000001,3.8913333333333333,3.6802,3.469066666666667,3.257933333333334,3.0468,2.835666666666667,2.835666666666667,2.835666666666667,2.835666666666667,2.835666666666667,2.835666666666667,2.835666666666667,2.835666666666667,2.835666666666667,2.835666666666667,2.835666666666667,2.835666666666667,2.835666666666667,2.835666666666667,2.835666666666667,2.835666666666667,2.3753333333333337,1.9150000000000003,1.4546666666666668,0.9943333333333335,0.534
143,active,seeded,wormlike micelle,3,,,,,8.152,7.993199999999999,7.8344,7.675599999999999,7.5168,7.358,7.0412,6.7244,6.4076,6.090800000000001,5.774000000000001,5.401733333333334,5.029466666666667,4.6572000000000005,4.284933333333333,3.9126666666666665,3.9126666666666665,3.9126666666666665,3.9126666666666665,3.9126666666666665,3.9126666666666665,3.8882666666666665,3.8638666666666666,3.8394666666666666,3.8150666666666666,3.7906666666666666,3.7612666666666668,3.731866666666667,3.7024666666666666,3.6730666666666667,3.643666666666667,3.643666666666667,3.643666666666667,3.643666666666667,3.643666666666667,3.643666666666667,3.6301333333333337,3.6166000000000005,3.603066666666667,3.5895333333333337,3.5760000000000005,3.5760000000000005,3.5760000000000005,3.5760000000000005,3.5760000000000005,3.5760000000000005
144,active,seeded,wormlike micelle,4,,,,,6.956333333333333,6.607066666666666,6.2578000000000005,5.908533333333334,5.559266666666668,5.210000000000001,4.821200000000001,4.4324,4.0436000000000005,3.6548000000000003,3.266,3.0890666666666666,2.9121333333333332,2.7352,2.558266666666667,2.3813333333333335,2.3813333333333335,2.3813333333333335,2.3813333333333335,2.3813333333333335,2.3813333333333335,2.3813333333333335,2.3813333333333335,2.3813333333333335,2.3813333333333335,2.3813333333333335,2.3813333333333335,2.3813333333333335,2.3813333333333335,2.3813333333333335,2.3813333333333335,2.369266666666667,2.3572,2.3451333333333335,2.333066666666667,2.321,2.321,2.321,2.321,2.321,2.321,2.3185333333333333,2.316066666666667,2.3136,2.3111333333333337,2.308666666666667
145,active,seeded,spherical micelle,0,,,,,8.451666666666666,8.049133333333334,7.646599999999999,7.244066666666667,6.8415333333333335,6.439,6.346266666666667,6.253533333333333,6.160799999999999,6.068066666666666,5.9753333333333325,5.9753333333333325,5.9753333333333325,5.9753333333333325,5.9753333333333325,5.9753333333333325,5.9753333333333325,5.9753333333333325,5.9753333333333325,5.9753333333333325,5.9753333333333325,5.786199999999999,5.597066666666666,5.407933333333332,5.2188,5.0296666666666665,4.951666666666666,4.873666666666667,4.7956666666666665,4.717666666666667,4.639666666666667,4.639666666666667,4.639666666666667,4.639666666666667,4.639666666666667,4.639666666666667,4.4834,4.327133333333333,4.170866666666667,4.0146,3.858333333333333,3.6131999999999995,3.3680666666666665,3.122933333333333,2.8777999999999997,2.6326666666666667
146,active,seeded,spherical micelle,1,,,,,9.107333333333333,8.218266666666667,7.3292,6.440133333333333,5.551066666666666,4.662,4.358466666666667,4.0549333333333335,3.7514,3.4478666666666666,3.1443333333333334,3.1443333333333334,3.1443333333333334,3.1443333333333334,3.1443333333333334,3.1443333333333334,3.1002,3.0560666666666667,3.011933333333334,2.9678000000000004,2.923666666666667,2.923666666666667,2.923666666666667,2.923666666666667,2.923666666666667,2.923666666666667,2.8836000000000004,2.8435333333333337,2.8034666666666674,2.7634000000000007,2.723333333333334,2.6348000000000007,2.546266666666667,2.4577333333333335,2.3691999999999998,2.2806666666666664,2.1962666666666664,2.111866666666667,2.0274666666666668,1.9430666666666667,1.858666666666667,1.858666666666667,1.858666666666667,1.858666666666667,1.858666666666667,1.858666666666667
147,active,seeded,spherical micelle,2,,,,,11.323333333333332,9.947933333333333,8.572533333333332,7.197133333333333,5.821733333333333,4.4463333333333335,4.321066666666667,4.1958,4.070533333333334,3.945266666666667,3.8200000000000003,3.8200000000000003,3.8200000000000003,3.8200000000000003,3.8200000000000003,3.8200000000000003,3.8200000000000003,3.8200000000000003,3.8200000000000003,3.8200000000000003,3.8200000000000003,3.8200000000000003,3.8200000000000003,3.8200000000000003,3.8200000000000003,3.8200000000000003,3.8200000000000003,3.8200000000000003,3.8200000000000003,3.8200000000000003,3.8200000000000003,3.8200000000000003,3.8200000000000003,3.8200000000000003,3.8200000000000003,3.8200000000000003,3.6027333333333336,3.385466666666667,3.1682,2.9509333333333334,2.7336666666666667,2.7336666666666667,2.7336666666666667,2.7336666666666667,2.7336666666666667,2.7336666666666667
148,active,seeded,spherical micelle,3,,,,,5.911333333333334,5.911333333333334,5.911333333333334,5.911333333333334,5.911333333333334,5.911333333333334,5.782466666666667,5.6536,5.524733333333334,5.395866666666667,5.2669999999999995,5.2669999999999995,5.2669999999999995,5.2669999999999995,5.2669999999999995,5.2669999999999995,5.1606,5.0542,4.9478,4.8414,4.735,4.2578000000000005,3.7806,3.3034,2.8262,2.3489999999999998,2.3489999999999998,2.3489999999999998,2.3489999999999998,2.3489999999999998,2.3489999999999998,2.3489999999999998,2.3489999999999998,2.3489999999999998,2.3489999999999998,2.3489999999999998,2.3489999999999998,2.3489999999999998,2.3489999999999998,2.3489999999999998,2.3489999999999998,2.3489999999999998,2.3489999999999998,2.3489999999999998,2.3489999999999998,2.3489999999999998
149,active,seeded,spherical micelle,4,,,,,7.2236666666666665,6.322266666666667,5.420866666666667,4.519466666666666,3.6180666666666665,2.716666666666667,2.6408,2.5649333333333333,2.489066666666667,2.4132000000000002,2.3373333333333335,2.2835333333333336,2.2297333333333333,2.1759333333333335,2.122133333333333,2.0683333333333334,2.0683333333333334,2.0683333333333334,2.0683333333333334,2.0683333333333334,2.0683333333333334,2.0683333333333334,2.0683333333333334,2.0683333333333334,2.0683333333333334,2.0683333333333334,2.038733333333333,2.009133333333333,1.9795333333333331,1.949933333333333,1.920333333333333,1.920333333333333,1.920333333333333,1.920333333333333,1.920333333333333,1.920333333333333,1.920333333333333,1.920333333333333,1.920333333333333,1.920333333333333,1.920333333333333,1.920333333333333,1.920333333333333,1.920333333333333,1.920333333333333,1.920333333333333
150,active,unseeded,liquid,0,,,,,12.415000000000001,12.081933333333334,11.748866666666666,11.415799999999999,11.082733333333332,10.749666666666664,10.749666666666664,10.749666666666664,10.749666666666664,10.749666666666664,10.749666666666664,10.282733333333331,9.815799999999998,9.348866666666666,8.881933333333333,8.415,7.984133333333332,7.553266666666666,7.122399999999999,6.691533333333333,6.260666666666666,6.260666666666666,6.260666666666666,6.260666666666666,6.260666666666666,6.260666666666666,6.1506,6.040533333333333,5.930466666666667,5.8204,5.710333333333334,5.710333333333334,5.710333333333334,5.710333333333334,5.710333333333334,5.710333333333334,5.710333333333334,5.710333333333334,5.710333333333334,5.710333333333334,5.710333333333334,5.710333333333334,5.710333333333334,5.710333333333334,5.710333333333334,5.710333333333334
151,active,unseeded,liquid,1,,,,,10.869666666666667,10.266066666666667,9.662466666666667,9.058866666666667,8.455266666666667,7.851666666666667,7.599266666666667,7.346866666666666,7.0944666666666665,6.842066666666666,6.589666666666666,5.809666666666667,5.0296666666666665,4.249666666666666,3.469666666666667,2.689666666666667,2.689666666666667,2.689666666666667,2.689666666666667,2.689666666666667,2.689666666666667,2.5911333333333335,2.4926000000000004,2.394066666666667,2.2955333333333336,2.197,2.197,2.197,2.197,2.197,2.197,2.197,2.197,2.197,2.197,2.197,2.197,2.197,2.197,2.197,2.197,2.1704666666666665,2.1439333333333335,2.1174,2.090866666666667,2.0643333333333334
152,active,unseeded,liquid,2,,,,,5.108333333333333,5.108333333333333,5.108333333333333,5.108333333333333,5.108333333333333,5.108333333333333,5.108333333333333,5.108333333333333,5.108333333333333,5.108333333333333,5.108333333333333,4.8112,4.5140666666666664,4.216933333333333,3.9198000000000004,3.622666666666667,3.4387333333333334,3.2548,3.0708666666666664,2.8869333333333334,2.703,2.6271999999999998,2.5513999999999997,2.4756,2.3998,2.324,2.2778,2.2316,2.1854,2.1391999999999998,2.093,2.0283333333333333,1.9636666666666667,1.899,1.8343333333333334,1.7696666666666667,1.7696666666666667,1.7696666666666667,1.7696666666666667,1.7696666666666667,1.7696666666666667,1.7696666666666667,1.7696666666666667,1.7696666666666667,1.7696666666666667,1.7696666666666667
153,active,unseeded,liquid,3,,,,,7.756666666666667,7.3895333333333335,7.0224,6.655266666666666,6.288133333333333,5.920999999999999,5.920999999999999,5.920999999999999,5.920999999999999,5.920999999999999,5.920999999999999,5.920999999999999,5.920999999999999,5.920999999999999,5.920999999999999,5.920999999999999,5.411266666666666,4.901533333333333,4.3918,3.8820666666666668,3.3723333333333336,3.3723333333333336,3.3723333333333336,3.3723333333333336,3.3723333333333336,3.3723333333333336,3.3723333333333336,3.3723333333333336,3.3723333333333336,3.3723333333333336,3.3723333333333336,3.215466666666667,3.0586,2.9017333333333335,2.7448666666666663,2.5879999999999996,2.5879999999999996,2.5879999999999996,2.5879999999999996,2.5879999999999996,2.5879999999999996,2.5879999999999996,2.5879999999999996,2.5879999999999996,2.5879999999999996,2.5879999999999996
154,active,unseeded,liquid,4,,,,,7.679333333333333,7.507533333333333,7.335733333333333,7.163933333333333,6.992133333333333,6.820333333333333,6.820333333333333,6.820333333333333,6.820333333333333,6.820333333333333,6.820333333333333,6.3598,5.899266666666667,5.438733333333333,4.9782,4.517666666666667,4.517666666666667,4.517666666666667,4.517666666666667,4.517666666666667,4.517666666666667,3.8111333333333333,3.1046,2.398066666666667,1.6915333333333331,0.985,0.985,0.985,0.985,0.985,0.985,0.985,0.985,0.985,0.985,0.985,0.985,0.985,0.985,0.985,0.985,0.985,0.985,0.985,0.985,0.985
155,active,unseeded,string,0,,,,,5.858666666666667,5.831333333333334,5.804,5.776666666666667,5.749333333333333,5.722,5.238066666666667,4.754133333333334,4.2702,3.7862666666666667,3.3023333333333333,3.3023333333333333,3.3023333333333333,3.3023333333333333,3.3023333333333333,3.3023333333333333,3.1923333333333335,3.082333333333333,2.9723333333333333,2.862333333333333,2.752333333333333,2.752333333333333,2.752333333333333,2.752333333333333,2.752333333333333,2.752333333333333,2.752333333333333,2.752333333333333,2.752333333333333,2.752333333333333,2.752333333333333,2.752333333333333,2.752333333333333,2.752333333333333,2.752333333333333,2.752333333333333,2.752333333333333,2.752333333333333,2.752333333333333,2.752333333333333,2.752333333333333,2.752333333333333,2.752333333333333,2.752333333333333,2.752333333333333,2.752333333333333
156,active,unseeded,string,1,,,,,7.977666666666667,7.977666666666667,7.977666666666667,7.977666666666667,7.977666666666667,7.977666666666667,7.7966,7.6155333333333335,7.434466666666666,7.2534,7.072333333333333,7.072333333333333,7.072333333333333,7.072333333333333,7.072333333333333,7.072333333333333,7.0684,7.064466666666666,7.060533333333333,7.0565999999999995,7.052666666666666,7.052666666666666,7.052666666666666,7.052666666666666,7.052666666666666,7.052666666666666,6.6998,6.346933333333333,5.994066666666667,5.6411999999999995,5.288333333333333,5.2514666666666665,5.2146,5.177733333333333,5.140866666666667,5.104,5.104,5.104,5.104,5.104,5.104,5.104,5.104,5.104,5.104,5.104
157,active,unseeded,string,2,,,,,10.266333333333334,9.321,8.375666666666667,7.4303333333333335,6.484999999999999,5.539666666666666,4.771599999999999,4.003533333333333,3.2354666666666665,2.4674,1.6993333333333336,1.6993333333333336,1.6993333333333336,1.6993333333333336,1.6993333333333336,1.6993333333333336,1.677266666666667,1.6552000000000002,1.6331333333333335,1.6110666666666669,1.5890000000000002,1.4728,1.3566,1.2404000000000002,1.1242,1.008,1.008,1.008,1.008,1.008,1.008,1.008,1.008,1.008,1.008,1.008,1.008,1.008,1.008,1.008,1.008,0.9421333333333334,0.8762666666666666,0.8104,0.7445333333333333,0.6786666666666666
158,active,unseeded,string,3,,,,,10.632,10.632,10.632,10.632,10.632,10.632,10.2432,9.8544,9.4656,9.0768,8.688,8.233466666666667,7.778933333333334,7.3244,6.869866666666667,6.415333333333333,6.374933333333333,6.334533333333333,6.294133333333334,6.253733333333334,6.213333333333334,6.023333333333333,5.833333333333333,5.643333333333333,5.453333333333333,5.263333333333333,5.263333333333333,5.263333333333333,5.263333333333333,5.263333333333333,5.263333333333333,5.263333333333333,5.263333333333333,5.263333333333333,5.263333333333333,5.263333333333333,5.210066666666666,5.1568,5.103533333333333,5.0502666666666665,4.997,4.997,4.997,4.997,4.997,4.997
159,active,unseeded,string,4,,,,,7.619333333333333,7.505266666666666,7.3911999999999995,7.277133333333333,7.1630666666666665,7.0489999999999995,6.331133333333333,5.613266666666666,4.8954,4.177533333333334,3.459666666666667,3.2519333333333336,3.0442,2.8364666666666665,2.6287333333333334,2.421,2.421,2.421,2.421,2.421,2.421,2.363,2.305,2.247,2.189,2.1310000000000002,2.1310000000000002,2.1310000000000002,2.1310000000000002,2.1310000000000002,2.1310000000000002,2.1310000000000002,2.1310000000000002,2.1310000000000002,2.1310000000000002,2.1310000000000002,2.0680666666666667,2.0051333333333337,1.9422000000000001,1.8792666666666666,1.8163333333333334,1.7372666666666667,1.6582000000000001,1.5791333333333335,1.5000666666666667,1.421
160,active,unseeded,membrane,0,,,,,5.2973333333333334,5.209733333333333,5.122133333333333,5.034533333333333,4.946933333333333,4.859333333333333,4.859333333333333,4.859333333333333,4.859333333333333,4.859333333333333,4.859333333333333,4.859333333333333,4.859333333333333,4.859333333333333,4.859333333333333,4.859333333333333,4.859333333333333,4.859333333333333,4.859333333333333,4.859333333333333,4.859333333333333,4.859333333333333,4.859333333333333,4.859333333333333,4.859333333333333,4.859333333333333,4.859333333333333,4.859333333333333,4.859333333333333,4.859333333333333,4.859333333333333,4.859333333333333,4.859333333333333,4.859333333333333,4.859333333333333,4.859333333333333,4.859333333333333,4.859333333333333,4.859333333333333,4.859333333333333,4.859333333333333,4.736599999999999,4.613866666666667,4.491133333333333,4.3684,4.245666666666667
161,active,unseeded,membrane,1,,,,,4.129666666666666,4.129666666666666,4.129666666666666,4.129666666666666,4.129666666666666,4.129666666666666,4.129666666666666,4.129666666666666,4.129666666666666,4.129666666666666,4.129666666666666,4.129666666666666,4.129666666666666,4.129666666666666,4.129666666666666,4.129666666666666,3.7553333333333327,3.381,3.0066666666666664,2.6323333333333334,2.258,2.2169333333333334,2.175866666666667,2.1348,2.0937333333333332,2.0526666666666666,2.0526666666666666,2.0526666666666666,2.0526666666666666,2.0526666666666666,2.0526666666666666,2.0526666666666666,2.0526666666666666,2.0526666666666666,2.0526666666666666,2.0526666666666666,2.0526666666666666,2.0526666666666666,2.0526666666666666,2.0526666666666666,2.0526666666666666,2.0526666666666666,2.0526666666666666,2.0526666666666666,2.0526666666666666,2.0526666666666666
162,active,unseeded,membrane,2,,,,,5.599333333333334,4.848733333333334,4.098133333333333,3.3475333333333337,2.5969333333333333,1.8463333333333332,1.6963333333333332,1.5463333333333331,1.3963333333333332,1.2463333333333333,1.0963333333333334,1.0963333333333334,1.0963333333333334,1.0963333333333334,1.0963333333333334,1.0963333333333334,1.0660666666666667,1.0358,1.0055333333333334,0.9752666666666666,0.945,0.945,0.945,0.945,0.945,0.945,0.945,0.945,0.945,0.945,0.945,0.9199999999999999,0.8949999999999999,0.8699999999999999,0.845,0.82,0.82,0.82,0.82,0.82,0.82,0.7899333333333333,0.7598666666666666,0.7298,0.6997333333333333,0.6696666666666666
163,active,unseeded,membrane,3,,,,,9.488666666666667,9.476733333333334,9.4648,9.452866666666667,9.440933333333334,9.429,8.374866666666668,7.320733333333334,6.2666,5.212466666666668,4.158333333333334,4.042466666666668,3.9266000000000005,3.8107333333333337,3.694866666666667,3.579,3.579,3.579,3.579,3.579,3.579,3.571266666666667,3.5635333333333334,3.5558,3.5480666666666667,3.5403333333333333,3.5403333333333333,3.5403333333333333,3.5403333333333333,3.5403333333333333,3.5403333333333333,3.4667333333333334,3.393133333333333,3.3195333333333332,3.245933333333333,3.172333333333333,3.172333333333333,3.172333333333333,3.172333333333333,3.172333333333333,3.172333333333333,3.1691999999999996,3.1660666666666666,3.162933333333333,3.1598,3.1566666666666667
164,active,unseeded,membrane,4,,,,,7.202000000000001,6.813533333333334,6.425066666666667,6.0366,5.648133333333334,5.259666666666667,5.259666666666667,5.259666666666667,5.259666666666667,5.259666666666667,5.259666666666667,4.5056666666666665,3.751666666666667,2.9976666666666665,2.2436666666666665,1.4896666666666667,1.4032666666666667,1.3168666666666666,1.2304666666666666,1.1440666666666668,1.0576666666666668,1.0576666666666668,1.0576666666666668,1.0576666666666668,1.0576666666666668,1.0576666666666668,0.9854666666666667,0.9132666666666667,0.8410666666666667,0.7688666666666667,0.6966666666666667,0.6966666666666667,0.6966666666666667,0.6966666666666667,0.6966666666666667,0.6966666666666667,0.6966666666666667,0.6966666666666667,0.6966666666666667,0.6966666666666667,0.6966666666666667,0.6966666666666667,0.6966666666666667,0.6966666666666667,0.6966666666666667,0.6966666666666667
165,active,unseeded,vesicle,0,,,,,6.9353333333333325,6.735533333333333,6.535733333333333,6.335933333333333,6.136133333333333,5.936333333333334,5.5822666666666665,5.2282,4.874133333333333,4.520066666666667,4.1659999999999995,4.1659999999999995,4.1659999999999995,4.1659999999999995,4.1659999999999995,4.1659999999999995,4.1659999999999995,4.1659999999999995,4.1659999999999995,4.1659999999999995,4.1659999999999995,4.1659999999999995,4.1659999999999995,4.1659999999999995,4.1659999999999995,4.1659999999999995,4.081533333333333,3.997066666666666,3.9125999999999994,3.828133333333333,3.7436666666666665,3.7436666666666665,3.7436666666666665,3.7436666666666665,3.7436666666666665,3.7436666666666665,3.4390666666666667,3.1344666666666665,2.8298666666666668,2.525266666666667,2.220666666666667,2.220666666666667,2.220666666666667,2.220666666666667,2.220666666666667,2.220666666666667
166,active,unseeded,vesicle,1,,,,,3.66,3.66,3.66,3.66,3.66,3.66,3.5014,3.3428,3.1841999999999997,3.0256,2.8669999999999995,2.8669999999999995,2.8669999999999995,2.8669999999999995,2.8669999999999995,2.8669999999999995,2.8669999999999995,2.8669999999999995,2.8669999999999995,2.8669999999999995,2.8669999999999995,2.8669999999999995,2.8669999999999995,2.8669999999999995,2.8669999999999995,2.8669999999999995,2.8669999999999995,2.8669999999999995,2.8669999999999995,2.8669999999999995,2.8669999999999995,2.730266666666666,2.593533333333333,2.4567999999999994,2.3200666666666665,2.183333333333333,2.1156666666666664,2.048,1.9803333333333333,1.9126666666666665,1.845,1.845,1.845,1.845,1.845,1.845
167,active,unseeded,vesicle,2,,,,,5.061,4.7254000000000005,4.3898,4.0542,3.7186000000000003,3.3830000000000005,3.271666666666667,3.1603333333333334,3.049,2.9376666666666664,2.826333333333333,2.826333333333333,2.826333333333333,2.826333333333333,2.826333333333333,2.826333333333333,2.826333333333333,2.826333333333333,2.826333333333333,2.826333333333333,2.826333333333333,2.785533333333333,2.744733333333333,2.703933333333333,2.663133333333333,2.622333333333333,2.622333333333333,2.622333333333333,2.622333333333333,2.622333333333333,2.622333333333333,2.622333333333333,2.622333333333333,2.622333333333333,2.622333333333333,2.622333333333333,2.622333333333333,2.622333333333333,2.622333333333333,2.622333333333333,2.622333333333333,2.5505999999999998,2.4788666666666668,2.4071333333333333,2.3354000000000004,2.263666666666667
168,active,unseeded,vesicle,3,,,,,9.373333333333333,9.224466666666666,9.0756,8.926733333333333,8.777866666666666,8.629,8.5184,8.4078,8.2972,8.1866,8.076,8.076,8.076,8.076,8.076,8.076,8.076,8.076,8.076,8.076,8.076,7.718066666666667,7.360133333333334,7.0022,6.644266666666668,6.286333333333334,5.941200000000001,5.596066666666667,5.250933333333334,4.905800000000001,4.560666666666667,4.560666666666667,4.560666666666667,4.560666666666667,4.560666666666667,4.560666666666667,4.560666666666667,4.560666666666667,4.560666666666667,4.560666666666667,4.560666666666667,4.560666666666667,4.560666666666667,4.560666666666667,4.560666666666667,4.560666666666667
169,active,unseeded,vesicle,4,,,,,7.961333333333333,7.326466666666667,6.691599999999999,6.056733333333333,5.421866666666666,4.787,4.787,4.787,4.787,4.787,4.787,4.5706,4.3542000000000005,4.1378,3.9214,3.7050000000000005,3.7050000000000005,3.7050000000000005,3.7050000000000005,3.7050000000000005,3.7050000000000005,3.476666666666667,3.2483333333333335,3.0200000000000005,2.791666666666667,2.5633333333333335,2.5633333333333335,2.5633333333333335,2.5633333333333335,2.5633333333333335,2.5633333333333335,2.5633333333333335,2.5633333333333335,2.5633333333333335,2.5633333333333335,2.5633333333333335,2.5633333333333335,2.5633333333333335,2.5633333333333335,2.5633333333333335,2.5633333333333335,2.533,2.502666666666667,2.4723333333333333,2.442,2.4116666666666666
170,active,unseeded,wormlike micelle,0,,,,,3.596,3.596,3.596,3.596,3.596,3.596,3.4911333333333334,3.3862666666666668,3.2814,3.1765333333333334,3.0716666666666668,3.041,3.010333333333333,2.9796666666666667,2.949,2.918333333333333,2.764333333333333,2.610333333333333,2.4563333333333333,2.3023333333333333,2.1483333333333334,2.122866666666667,2.0974000000000004,2.0719333333333334,2.046466666666667,2.0210000000000004,2.0210000000000004,2.0210000000000004,2.0210000000000004,2.0210000000000004,2.0210000000000004,2.019533333333334,2.018066666666667,2.0166000000000004,2.0151333333333334,2.013666666666667,1.9867333333333337,1.9598000000000002,1.932866666666667,1.9059333333333335,1.8790000000000002,1.8674000000000002,1.8558000000000001,1.8442,1.8326,1.821
171,active,unseeded,wormlike micelle,1,,,,,9.149666666666667,9.149666666666667,9.149666666666667,9.149666666666667,9.149666666666667,9.149666666666667,8.881466666666666,8.613266666666666,8.345066666666668,8.076866666666668,7.808666666666667,7.808666666666667,7.808666666666667,7.808666666666667,7.808666666666667,7.808666666666667,7.808666666666667,7.808666666666667,7.808666666666667,7.808666666666667,7.808666666666667,7.582800000000001,7.356933333333334,7.131066666666667,6.9052,6.679333333333333,6.6701999999999995,6.661066666666667,6.651933333333333,6.6428,6.633666666666667,6.430466666666667,6.227266666666667,6.024066666666667,5.820866666666667,5.6176666666666675,5.533533333333334,5.449400000000001,5.365266666666667,5.281133333333334,5.197,5.113133333333333,5.0292666666666666,4.945399999999999,4.861533333333333,4.777666666666666
172,active,unseeded,wormlike micelle,2,,,,,11.849000000000002,11.154866666666669,10.460733333333334,9.7666,9.072466666666667,8.378333333333332,8.104866666666666,7.831399999999999,7.557933333333333,7.284466666666666,7.010999999999999,6.9147333333333325,6.818466666666666,6.7222,6.625933333333333,6.5296666666666665,6.011533333333333,5.493399999999999,4.975266666666666,4.457133333333333,3.939,3.939,3.939,3.939,3.939,3.939,3.939,3.939,3.939,3.939,3.939,3.5225333333333335,3.1060666666666665,2.6896,2.273133333333333,1.8566666666666667,1.7556666666666667,1.6546666666666667,1.5536666666666665,1.4526666666666666,1.3516666666666666,1.3516666666666666,1.3516666666666666,1.3516666666666666,1.3516666666666666,1.3516666666666666
173,active,unseeded,wormlike micelle,3,,,,,8.152,7.614933333333333,7.077866666666667,6.5408,6.003733333333334,5.466666666666668,5.466666666666668,5.466666666666668,5.466666666666668,5.466666666666668,5.466666666666668,5.141533333333334,4.816400000000001,4.491266666666667,4.166133333333333,3.8409999999999997,3.8409999999999997,3.8409999999999997,3.8409999999999997,3.8409999999999997,3.8409999999999997,3.8409999999999997,3.8409999999999997,3.8409999999999997,3.8409999999999997,3.8409999999999997,3.8409999999999997,3.8409999999999997,3.8409999999999997,3.8409999999999997,3.8409999999999997,3.7329999999999997,3.625,3.517,3.4090000000000003,3.301,3.301,3.301,3.301,3.301,3.301,3.301,3.301,3.301,3.301,3.301
174,active,unseeded,wormlike micelle,4,,,,,6.219000000000001,6.091733333333335,5.9644666666666675,5.837200000000001,5.709933333333334,5.582666666666667,5.098000000000001,4.613333333333333,4.128666666666667,3.644,3.159333333333333,3.074333333333333,2.989333333333333,2.9043333333333337,2.8193333333333337,2.7343333333333337,2.6798,2.625266666666667,2.5707333333333335,2.5162000000000004,2.461666666666667,2.4516666666666667,2.441666666666667,2.4316666666666666,2.421666666666667,2.4116666666666666,2.4116666666666666,2.4116666666666666,2.4116666666666666,2.4116666666666666,2.4116666666666666,2.4116666666666666,2.4116666666666666,2.4116666666666666,2.4116666666666666,2.4116666666666666,2.4116666666666666,2.4116666666666666,2.4116666666666666,2.4116666666666666,2.4116666666666666,2.4116666666666666,2.4116666666666666,2.4116666666666666,2.4116666666666666,2.4116666666666666
175,active,unseeded,spherical micelle,0,,,,,7.1436666666666655,6.9142666666666655,6.684866666666665,6.455466666666666,6.226066666666666,5.996666666666666,5.820533333333333,5.644399999999999,5.468266666666667,5.292133333333333,5.116,4.851533333333333,4.587066666666667,4.3225999999999996,4.058133333333333,3.7936666666666667,3.7936666666666667,3.7936666666666667,3.7936666666666667,3.7936666666666667,3.7936666666666667,3.7936666666666667,3.7936666666666667,3.7936666666666667,3.7936666666666667,3.7936666666666667,3.6814,3.5691333333333333,3.4568666666666665,3.3446000000000002,3.2323333333333335,3.2304000000000004,3.228466666666667,3.2265333333333337,3.2246,3.222666666666667,3.222666666666667,3.222666666666667,3.222666666666667,3.222666666666667,3.222666666666667,3.218066666666667,3.213466666666667,3.2088666666666668,3.204266666666667,3.199666666666667
176,active,unseeded,spherical micelle,1,,,,,8.621,7.964066666666667,7.307133333333334,6.6502,5.993266666666667,5.336333333333333,4.678066666666666,4.0198,3.361533333333333,2.7032666666666665,2.045,1.9838666666666667,1.9227333333333334,1.8616000000000001,1.8004666666666667,1.7393333333333334,1.7186666666666668,1.6980000000000002,1.6773333333333333,1.6566666666666667,1.6360000000000001,1.6360000000000001,1.6360000000000001,1.6360000000000001,1.6360000000000001,1.6360000000000001,1.6360000000000001,1.6360000000000001,1.6360000000000001,1.6360000000000001,1.6360000000000001,1.6360000000000001,1.6360000000000001,1.6360000000000001,1.6360000000000001,1.6360000000000001,1.6360000000000001,1.6360000000000001,1.6360000000000001,1.6360000000000001,1.6360000000000001,1.6360000000000001,1.6360000000000001,1.6360000000000001,1.6360000000000001,1.6360000000000001
177,active,unseeded,spherical micelle,2,,,,,11.323333333333332,11.095066666666666,10.8668,10.638533333333333,10.410266666666667,10.182,9.795933333333334,9.409866666666668,9.023800000000001,8.637733333333333,8.251666666666667,7.7724,7.2931333333333335,6.813866666666668,6.334600000000001,5.855333333333334,5.752066666666668,5.648800000000001,5.545533333333334,5.442266666666668,5.339000000000001,5.339000000000001,5.339000000000001,5.339000000000001,5.339000000000001,5.339000000000001,4.960400000000001,4.581800000000001,4.203200000000001,3.8246,3.446,3.3718000000000004,3.2976000000000005,3.2234000000000003,3.1492000000000004,3.0750000000000006,3.0750000000000006,3.0750000000000006,3.0750000000000006,3.0750000000000006,3.0750000000000006,3.0750000000000006,3.0750000000000006,3.0750000000000006,3.0750000000000006,3.0750000000000006
178,active,unseeded,spherical micelle,3,,,,,5.911333333333334,5.187266666666668,4.4632000000000005,3.7391333333333336,3.015066666666667,2.291,2.291,2.291,2.291,2.291,2.291,2.291,2.291,2.291,2.291,2.291,2.2785333333333333,2.2660666666666667,2.2536,2.2411333333333334,2.228666666666667,2.228666666666667,2.228666666666667,2.228666666666667,2.228666666666667,2.228666666666667,2.228666666666667,2.228666666666667,2.228666666666667,2.228666666666667,2.228666666666667,2.228666666666667,2.228666666666667,2.228666666666667,2.228666666666667,2.228666666666667,2.228666666666667,2.228666666666667,2.228666666666667,2.228666666666667,2.228666666666667,2.2265333333333333,2.2244,2.2222666666666666,2.2201333333333335,2.218
179,active,unseeded,spherical micelle,4,,,,,6.711666666666667,6.688866666666667,6.666066666666667,6.643266666666666,6.620466666666666,6.597666666666666,6.5126,6.427533333333334,6.342466666666667,6.2574000000000005,6.172333333333334,6.0726666666666675,5.973000000000001,5.873333333333334,5.773666666666667,5.674,5.674,5.674,5.674,5.674,5.674,5.671666666666667,5.669333333333333,5.667000000000001,5.664666666666667,5.662333333333334,5.563466666666667,5.4646,5.365733333333334,5.266866666666667,5.168,5.168,5.168,5.168,5.168,5.168,5.1096,5.051200000000001,4.9928,4.9344,4.876,4.849600000000001,4.8232,4.7968,4.7703999999999995,4.744
180,evolutionary,seeded,liquid,0,,,,,12.415000000000001,10.755555555555556,9.096111111111112,7.4366666666666665,6.71425,5.991833333333333,5.269416666666666,4.547,4.547,3.751,3.751,3.751,3.751,3.6683333333333334,3.585666666666667,3.581666666666667,3.577666666666667,3.5545000000000004,3.531333333333334,3.531333333333334,3.531333333333334,3.531333333333334,3.531333333333334,3.531333333333334,3.531333333333334,3.531333333333334,3.531333333333334,3.4726666666666666,3.4726666666666666,3.4726666666666666,3.030333333333333,2.588,2.0781666666666667,1.5683333333333334,1.4266666666666665,1.4266666666666665,0.8906666666666666,0.8906666666666666,0.8238333333333333,0.757,0.757,0.757,0.757,0.7230000000000001,0.6890000000000001,0.6890000000000001
181,evolutionary,seeded,liquid,1,,,,,13.251,9.804,5.774,5.774,5.774,3.732666666666667,2.3063333333333333,1.2233333333333334,1.0518333333333334,0.8803333333333333,0.8803333333333333,0.8803333333333333,0.8803333333333333,0.8803333333333333,0.8803333333333333,0.8803333333333333,0.8803333333333333,0.8803333333333333,0.8803333333333333,0.7853333333333333,0.7853333333333333,0.7000000000000001,0.7000000000000001,0.7000000000000001,0.7000000000000001,0.7000000000000001,0.7000000000000001,0.7000000000000001,0.7000000000000001,0.7000000000000001,0.7000000000000001,0.7000000000000001,0.7000000000000001,0.7000000000000001,0.7000000000000001,0.7000000000000001,0.7000000000000001,0.7000000000000001,0.7000000000000001,,,,,,,
182,evolutionary,seeded,liquid,2,,,,,5.108333333333333,4.4735555555555555,3.8387777777777776,3.204,2.0996666666666663,1.6036666666666666,1.4466666666666665,1.2896666666666665,1.1326666666666665,1.1326666666666665,1.1326666666666665,1.1326666666666665,1.1326666666666665,1.1326666666666665,1.1326666666666665,1.1326666666666665,1.1326666666666665,1.1326666666666665,0.93,0.93,0.93,0.93,0.93,0.93,0.93,0.781,0.632,0.632,0.632,0.632,0.632,0.632,0.632,0.632,0.632,0.632,0.632,0.632,0.632,0.632,0.632,0.632,0.632,0.632,0.632,
183,evolutionary,seeded,liquid,3,,,,,11.065666666666667,11.065666666666667,11.065666666666667,9.049666666666667,7.033666666666666,5.206666666666667,3.379666666666667,3.379666666666667,0.932,0.932,0.932,0.932,0.932,0.932,0.932,0.932,0.932,0.6343333333333333,0.6343333333333333,0.6343333333333333,0.6343333333333333,0.6343333333333333,0.6343333333333333,0.6343333333333333,0.6343333333333333,0.6343333333333333,0.6343333333333333,0.6343333333333333,0.6343333333333333,0.6343333333333333,0.6343333333333333,0.6343333333333333,0.6343333333333333,0.6343333333333333,0.6343333333333333,0.6343333333333333,0.6343333333333333,0.6343333333333333,,,,,,,,
184,evolutionary,seeded,liquid,4,,,,,10.083,8.716666666666667,6.711333333333333,3.9843333333333333,1.2573333333333334,0.8663333333333333,0.8663333333333333,0.8663333333333333,0.8663333333333333,0.8663333333333333,0.8663333333333333,0.8663333333333333,0.8663333333333333,0.8203333333333334,0.7743333333333333,0.7608888888888888,0.7474444444444445,0.734,0.734,0.7115,0.6890000000000001,0.6890000000000001,0.5766666666666667,0.5766666666666667,0.5766666666666667,0.5766666666666667,0.5766666666666667,0.5766666666666667,0.39266666666666666,0.39266666666666666,0.39266666666666666,0.39266666666666666,0.39266666666666666,0.39266666666666666,0.39266666666666666,0.39266666666666666,0.39266666666666666,0.39266666666666666,0.39266666666666666,0.39266666666666666,0.39266666666666666,0.39266666666666666,,,,
185,evolutionary,seeded,string,0,,,,,3.862666666666667,3.6713333333333336,3.48,3.2886666666666664,3.2886666666666664,3.2886666666666664,3.2886666666666664,2.7883333333333336,2.7883333333333336,2.7883333333333336,2.7883333333333336,2.7563333333333335,2.7243333333333335,2.7243333333333335,2.7243333333333335,2.7243333333333335,2.7243333333333335,2.7243333333333335,2.7243333333333335,2.7243333333333335,2.7243333333333335,2.595,2.465666666666667,2.465666666666667,2.465666666666667,2.465666666666667,2.465666666666667,2.465666666666667,2.465666666666667,2.465666666666667,2.465666666666667,2.465666666666667,2.465666666666667,2.465666666666667,2.465666666666667,2.465666666666667,2.363666666666667,2.2616666666666667,2.2616666666666667,2.2616666666666667,2.2616666666666667,2.2616666666666667,2.2616666666666667,2.2616666666666667,2.2616666666666667,2.2616666666666667
186,evolutionary,seeded,string,1,,,,,5.0713333333333335,2.404333333333333,2.404333333333333,2.06,1.7156666666666667,1.7156666666666667,0.3986666666666667,0.3986666666666667,0.3986666666666667,0.3986666666666667,0.38466666666666666,0.38466666666666666,0.38466666666666666,0.38466666666666666,0.38466666666666666,0.38466666666666666,0.3415,0.29833333333333334,0.29833333333333334,0.29833333333333334,0.29833333333333334,0.29833333333333334,0.23466666666666666,0.23466666666666666,0.23466666666666666,0.23466666666666666,0.23466666666666666,0.23466666666666666,0.23466666666666666,0.165,0.165,0.165,0.165,0.165,0.165,0.165,0.165,0.165,0.165,,,,,,,
187,evolutionary,seeded,string,2,,,,,8.447000000000001,7.931,7.414999999999999,6.464666666666666,5.514333333333333,4.564,4.564,3.9996666666666667,3.283,2.566333333333333,1.8496666666666666,1.8496666666666666,1.1711666666666667,0.49266666666666664,0.49266666666666664,0.49266666666666664,0.49266666666666664,0.49266666666666664,0.49266666666666664,0.49266666666666664,0.49266666666666664,0.49266666666666664,0.49266666666666664,0.49266666666666664,0.49266666666666664,0.49266666666666664,0.49266666666666664,0.49266666666666664,0.49266666666666664,0.49266666666666664,0.49266666666666664,0.49266666666666664,0.49266666666666664,0.49266666666666664,0.49266666666666664,0.49266666666666664,0.49266666666666664,0.49266666666666664,0.49266666666666664,0.49266666666666664,0.49266666666666664,0.49266666666666664,0.49266666666666664,0.49266666666666664,0.3406666666666667,0.3406666666666667
188,evolutionary,seeded,string,3,,,,,6.154333333333334,5.719,5.283666666666667,4.848333333333334,4.308333333333334,3.7683333333333335,3.2283333333333335,2.947,2.6656666666666666,2.4835000000000003,2.3013333333333335,1.7588333333333335,1.2163333333333333,1.2163333333333333,0.49833333333333335,0.49833333333333335,0.49833333333333335,0.49833333333333335,0.49833333333333335,0.49833333333333335,0.49833333333333335,0.49833333333333335,0.49833333333333335,0.49833333333333335,0.49833333333333335,0.4043333333333334,0.4043333333333334,0.4043333333333334,0.4043333333333334,0.4043333333333334,0.4043333333333334,0.4043333333333334,0.4043333333333334,0.38033333333333336,0.38033333333333336,0.38033333333333336,0.38033333333333336,0.38033333333333336,0.38033333333333336,0.38033333333333336,0.38033333333333336,0.38033333333333336,,,,
189,evolutionary,seeded,string,4,,,,,4.0169999999999995,3.266166666666666,2.515333333333333,2.515333333333333,2.515333333333333,2.515333333333333,1.4236666666666666,1.1315,0.8393333333333333,0.8393333333333333,0.8393333333333333,0.8393333333333333,0.8393333333333333,0.8393333333333333,0.8393333333333333,0.8393333333333333,0.8393333333333333,0.8393333333333333,0.8393333333333333,0.8393333333333333,0.6568333333333333,0.47433333333333333,0.47433333333333333,0.4343333333333333,0.4343333333333333,0.4343333333333333,0.4343333333333333,0.4343333333333333,0.4343333333333333,0.4343333333333333,0.42733333333333334,0.4203333333333334,0.4203333333333334,0.4203333333333334,0.4203333333333334,0.4203333333333334,0.4203333333333334,0.3771666666666667,0.334,0.334,0.334,0.334,0.334,0.334,,
190,evolutionary,seeded,membrane,0,,,,,5.2973333333333334,4.798777777777778,4.300222222222223,3.801666666666667,3.801666666666667,3.801666666666667,3.801666666666667,3.801666666666667,3.801666666666667,3.6305000000000005,3.4593333333333334,3.232166666666667,3.0050000000000003,3.0050000000000003,3.0050000000000003,2.6786666666666665,2.352333333333333,2.352333333333333,2.352333333333333,2.352333333333333,2.352333333333333,2.352333333333333,2.352333333333333,2.352333333333333,2.352333333333333,2.352333333333333,2.352333333333333,2.352333333333333,2.352333333333333,2.352333333333333,2.352333333333333,2.352333333333333,2.352333333333333,2.352333333333333,2.1253333333333333,2.1253333333333333,2.101,2.0766666666666667,2.0766666666666667,2.0766666666666667,2.0766666666666667,2.0766666666666667,2.0766666666666667,2.0766666666666667,2.0766666666666667,2.0766666666666667
191,evolutionary,seeded,membrane,1,,,,,4.129666666666666,3.4919999999999995,3.2334444444444443,2.9748888888888887,2.7163333333333335,2.6366666666666667,2.557,2.557,2.538666666666667,2.267,2.2413333333333334,2.215666666666667,2.215666666666667,2.215666666666667,2.215666666666667,1.874,1.532333333333333,1.532333333333333,1.4166666666666665,1.3010000000000002,1.3010000000000002,1.3010000000000002,1.3010000000000002,1.2953333333333334,1.2953333333333334,1.2953333333333334,1.2953333333333334,1.2953333333333334,1.2953333333333334,1.2953333333333334,0.9073333333333333,0.9073333333333333,0.9073333333333333,0.9073333333333333,0.9073333333333333,0.9073333333333333,0.9073333333333333,0.9073333333333333,0.9073333333333333,0.9073333333333333,0.6236666666666667,,,,,
192,evolutionary,seeded,membrane,2,,,,,10.405333333333333,9.1215,7.837666666666666,7.185444444444444,6.533222222222222,5.881,5.830333333333333,5.578666666666667,5.391777777777778,5.204888888888889,5.018,4.651666666666666,4.651666666666666,4.651666666666666,3.9749999999999996,3.2983333333333333,3.2983333333333333,3.2983333333333333,2.993,2.6876666666666664,1.4996666666666665,1.4996666666666665,1.4996666666666665,1.4996666666666665,1.4996666666666665,1.4996666666666665,1.4996666666666665,1.2798333333333332,1.0599999999999998,1.0599999999999998,1.0599999999999998,1.0599999999999998,1.0599999999999998,1.0439999999999998,1.0439999999999998,1.0439999999999998,1.0439999999999998,1.0439999999999998,1.0439999999999998,0.8609999999999999,0.6779999999999999,0.6779999999999999,0.6779999999999999,0.6779999999999999,0.4713333333333333,0.4713333333333333
193,evolutionary,seeded,membrane,3,,,,,9.488666666666667,8.196666666666667,8.196666666666667,7.629333333333333,7.062,6.417166666666667,5.772333333333333,5.772333333333333,3.9873333333333334,3.270666666666667,3.270666666666667,3.270666666666667,3.270666666666667,3.270666666666667,3.270666666666667,3.270666666666667,2.587,2.587,1.9526666666666668,1.9526666666666668,1.9526666666666668,1.9526666666666668,1.9526666666666668,1.9526666666666668,1.9224999999999999,1.8923333333333332,1.8923333333333332,1.8923333333333332,1.8923333333333332,1.8923333333333332,1.3713333333333333,1.3713333333333333,1.3713333333333333,1.3713333333333333,1.3713333333333333,1.3713333333333333,1.3713333333333333,1.3713333333333333,,,,,,,,
194,evolutionary,seeded,membrane,4,,,,,9.119666666666667,6.527666666666666,6.527666666666666,6.145999999999999,5.764333333333333,4.3116666666666665,4.085333333333333,3.859,2.987666666666667,2.664,2.4571666666666667,2.2503333333333333,2.2503333333333333,2.2503333333333333,2.2503333333333333,1.9955555555555555,1.7407777777777778,1.486,1.1749999999999998,1.1749999999999998,1.1749999999999998,1.1749999999999998,1.1749999999999998,1.1749999999999998,1.1749999999999998,1.1749999999999998,1.1749999999999998,1.1749999999999998,1.1749999999999998,1.1749999999999998,1.1749999999999998,1.1749999999999998,1.1749999999999998,1.1749999999999998,1.1749999999999998,0.9476666666666667,0.9476666666666667,0.9476666666666667,0.9476666666666667,0.9476666666666667,0.9476666666666667,0.9476666666666667,,,,
195,evolutionary,seeded,vesicle,0,,,,,6.9353333333333325,6.084888888888888,5.234444444444444,4.3839999999999995,4.3839999999999995,4.3839999999999995,3.6806666666666668,3.6806666666666668,3.6806666666666668,3.631166666666667,3.581666666666667,3.402,3.2223333333333333,3.2223333333333333,3.2223333333333333,3.2223333333333333,3.2223333333333333,3.2223333333333333,2.892,2.561666666666667,2.2313333333333336,2.1193333333333335,2.0073333333333334,2.0073333333333334,1.6463333333333334,1.5106666666666666,1.5106666666666666,1.5106666666666666,1.5106666666666666,1.5106666666666666,1.5106666666666666,1.5106666666666666,1.5106666666666666,1.5106666666666666,1.465,1.465,1.465,1.465,1.3576666666666668,1.3576666666666668,1.3576666666666668,1.1358333333333335,0.914,0.914,0.7720000000000001,0.7720000000000001
196,evolutionary,seeded,vesicle,1,,,,,3.66,2.324666666666667,2.324666666666667,2.301166666666667,2.2776666666666667,2.2776666666666667,2.2776666666666667,2.2776666666666667,2.139666666666667,2.0016666666666665,1.3246666666666667,1.3246666666666667,1.3246666666666667,1.3246666666666667,1.3246666666666667,1.3246666666666667,0.8853333333333333,0.44599999999999995,0.18933333333333335,0.18933333333333335,0.18933333333333335,0.18933333333333335,0.18933333333333335,0.18933333333333335,0.18933333333333335,0.18933333333333335,0.18933333333333335,0.18933333333333335,0.18933333333333335,0.18933333333333335,0.18933333333333335,0.18933333333333335,0.18933333333333335,0.18933333333333335,0.18933333333333335,0.18933333333333335,0.18933333333333335,0.18933333333333335,0.18933333333333335,,,,,,,
197,evolutionary,seeded,vesicle,2,,,,,6.383666666666667,5.307166666666667,4.230666666666667,3.8274444444444446,3.4242222222222227,3.0210000000000004,3.0210000000000004,3.0210000000000004,2.7271111111111113,2.433222222222222,2.139333333333333,2.139333333333333,1.9776666666666665,1.8159999999999998,1.8159999999999998,1.8159999999999998,1.8159999999999998,1.8159999999999998,1.5336666666666665,1.2513333333333334,1.2513333333333334,1.2513333333333334,1.2513333333333334,1.2513333333333334,1.2513333333333334,1.2513333333333334,1.2513333333333334,1.071,0.8906666666666666,0.8906666666666666,0.8906666666666666,0.8906666666666666,0.8906666666666666,0.8906666666666666,0.8906666666666666,0.8906666666666666,0.8906666666666666,0.8906666666666666,0.8906666666666666,0.8906666666666666,0.8906666666666666,0.8906666666666666,0.8906666666666666,0.8906666666666666,0.8453333333333334,0.8453333333333334
198,evolutionary,seeded,vesicle,3,,,,,9.373333333333333,9.373333333333333,8.866999999999999,8.866999999999999,8.866999999999999,8.155,7.4430000000000005,6.8870000000000005,5.441333333333333,3.3256666666666668,3.3256666666666668,3.3256666666666668,3.3256666666666668,3.3256666666666668,3.3256666666666668,2.4633333333333334,2.4633333333333334,1.7416666666666665,1.4626666666666666,0.8666666666666667,0.8666666666666667,0.8666666666666667,0.8666666666666667,0.8666666666666667,0.8666666666666667,0.8666666666666667,0.8666666666666667,0.8666666666666667,0.7450000000000001,0.7450000000000001,0.7450000000000001,0.7450000000000001,0.7450000000000001,0.7450000000000001,0.7450000000000001,0.7450000000000001,0.7450000000000001,0.7450000000000001,,,,,,,,
199,evolutionary,seeded,vesicle,4,,,,,10.511333333333333,9.032833333333334,7.554333333333335,7.554333333333335,7.554333333333335,5.231000000000001,4.181166666666667,3.1313333333333326,2.8206666666666664,2.8206666666666664,2.8206666666666664,2.8206666666666664,2.8206666666666664,2.8206666666666664,2.8206666666666664,2.595111111111111,2.3695555555555554,2.144,2.144,2.144,2.144,2.144,2.144,2.144,1.9913333333333334,1.9913333333333334,1.9913333333333334,1.9913333333333334,1.9913333333333334,1.6971666666666665,1.4029999999999998,1.4029999999999998,1.3996666666666666,1.3996666666666666,1.3996666666666666,1.3963333333333334,1.3963333333333334,1.3963333333333334,1.3963333333333334,1.3963333333333334,1.3963333333333334,1.3963333333333334,1.3963333333333334,,,
200,evolutionary,seeded,wormlike micelle,0,,,,,6.206333333333333,4.748,3.2896666666666667,1.8313333333333333,1.5812499999999998,1.3311666666666666,1.0810833333333334,0.8310000000000001,0.8310000000000001,0.8310000000000001,0.8310000000000001,0.8073333333333333,0.7836666666666666,0.7836666666666666,0.7836666666666666,0.7836666666666666,0.7836666666666666,0.7836666666666666,0.7836666666666666,0.7836666666666666,0.7836666666666666,0.7836666666666666,0.7836666666666666,0.7545,0.7253333333333334,0.7253333333333334,0.49333333333333335,0.49333333333333335,0.4666666666666666,0.4666666666666666,0.4666666666666666,0.4666666666666666,0.4666666666666666,0.4666666666666666,0.2703333333333333,0.2703333333333333,0.2703333333333333,0.2703333333333333,0.2703333333333333,0.2703333333333333,0.2703333333333333,0.2703333333333333,0.2703333333333333,0.2703333333333333,0.2703333333333333,0.2703333333333333
201,evolutionary,seeded,wormlike micelle,1,,,,,9.149666666666667,5.808,3.1366666666666667,3.1366666666666667,3.1366666666666667,1.7009999999999998,1.7009999999999998,1.7009999999999998,1.2423333333333333,0.7836666666666666,0.7836666666666666,0.7836666666666666,0.7836666666666666,0.7836666666666666,0.7836666666666666,0.7836666666666666,0.7836666666666666,0.7836666666666666,0.5756666666666667,0.5756666666666667,0.5756666666666667,0.5756666666666667,0.5756666666666667,0.5678888888888889,0.5601111111111111,0.5523333333333333,0.5523333333333333,0.5523333333333333,0.5523333333333333,0.5523333333333333,0.5523333333333333,0.5523333333333333,0.5492222222222223,0.5461111111111111,0.543,0.45166666666666666,0.45166666666666666,0.45166666666666666,0.23033333333333336,,,,,,,
202,evolutionary,seeded,wormlike micelle,2,,,,,14.609,13.644833333333334,12.680666666666667,11.531222222222222,10.381777777777778,9.232333333333333,6.678666666666667,6.424333333333333,5.200555555555556,3.976777777777778,2.753,2.7079999999999997,2.4021666666666666,2.0963333333333334,2.0756666666666668,2.055,1.9456666666666669,1.8363333333333334,1.6491666666666667,1.462,1.462,1.462,1.462,1.462,1.462,1.3611666666666666,1.2603333333333333,1.0528333333333333,0.8453333333333334,0.8453333333333334,0.8453333333333334,0.8453333333333334,0.8453333333333334,0.8453333333333334,0.8453333333333334,0.8453333333333334,0.8453333333333334,0.7063333333333333,0.7063333333333333,0.7063333333333333,0.7063333333333333,0.7063333333333333,0.7063333333333333,0.7063333333333333,0.4623333333333333,0.4623333333333333
203,evolutionary,seeded,wormlike micelle,3,,,,,8.152,6.856333333333333,5.560666666666666,4.265,3.743,3.268,2.7929999999999997,2.7929999999999997,2.7929999999999997,2.7929999999999997,2.1213333333333333,1.5276666666666667,1.5276666666666667,1.5276666666666667,1.5276666666666667,1.5276666666666667,1.5276666666666667,1.263,0.8733333333333334,0.8733333333333334,0.8733333333333334,0.7479999999999999,0.7479999999999999,0.7479999999999999,0.6953333333333332,0.6426666666666666,0.6426666666666666,0.6426666666666666,0.6426666666666666,0.6426666666666666,0.6426666666666666,0.6426666666666666,0.4026666666666667,0.4026666666666667,0.4026666666666667,0.4026666666666667,0.4026666666666667,0.4026666666666667,0.4026666666666667,0.4026666666666667,,,,,,
204,evolutionary,seeded,wormlike micelle,4,,,,,6.956333333333333,4.997166666666667,3.0380000000000003,2.5980000000000003,2.0678333333333336,1.5376666666666665,1.0426666666666666,1.0426666666666666,1.0426666666666666,1.0426666666666666,0.9576666666666668,0.9576666666666668,0.9576666666666668,0.9576666666666668,0.9576666666666668,0.9576666666666668,0.9576666666666668,0.9576666666666668,0.9576666666666668,0.9576666666666668,0.9576666666666668,0.9576666666666668,0.9576666666666668,0.9576666666666668,0.9576666666666668,0.9576666666666668,0.9576666666666668,0.9576666666666668,0.9576666666666668,0.742,0.742,0.742,0.742,0.742,0.742,0.742,0.438,0.3763333333333333,0.31466666666666665,0.31466666666666665,0.31466666666666665,0.31466666666666665,0.31466666666666665,0.31466666666666665,,
205,evolutionary,seeded,spherical micelle,0,,,,,8.451666666666666,7.219111111111111,5.986555555555556,4.7540000000000004,4.366583333333334,3.979166666666667,3.5917499999999998,3.204333333333333,3.204333333333333,3.204333333333333,3.204333333333333,3.204333333333333,3.204333333333333,2.9433333333333334,2.6823333333333337,2.349,2.0156666666666667,2.0156666666666667,2.0156666666666667,1.9263333333333332,1.9263333333333332,1.9263333333333332,1.9263333333333332,1.9263333333333332,1.9263333333333332,1.9263333333333332,1.9263333333333332,1.9263333333333332,1.9263333333333332,1.9263333333333332,1.9263333333333332,1.9263333333333332,1.9263333333333332,1.9263333333333332,1.9263333333333332,1.9263333333333332,1.9263333333333332,1.9263333333333332,1.9263333333333332,1.9263333333333332,1.9263333333333332,1.9263333333333332,1.9263333333333332,1.9263333333333332,1.9263333333333332,1.9263333333333332
206,evolutionary,seeded,spherical micelle,1,,,,,9.107333333333333,5.825,2.8663333333333334,2.0975,1.3286666666666667,1.2816666666666665,1.2816666666666665,1.2816666666666665,1.19,1.0983333333333334,0.9499999999999998,0.9499999999999998,0.9499999999999998,0.9453333333333332,0.9406666666666667,0.9406666666666667,0.9406666666666667,0.9406666666666667,0.8076666666666666,0.61,0.61,0.61,0.5716666666666667,0.5274444444444444,0.4832222222222222,0.439,0.439,0.439,0.439,0.439,0.439,0.439,0.439,0.439,0.439,0.39166666666666666,0.39166666666666666,0.3543333333333334,0.3543333333333334,,,,,,,
207,evolutionary,seeded,spherical micelle,2,,,,,11.323333333333332,10.961166666666665,10.598999999999998,9.35911111111111,8.119222222222222,6.879333333333332,4.823333333333333,4.458,3.691222222222222,2.924444444444444,2.1576666666666666,1.4506666666666668,1.2391666666666667,1.0276666666666667,1.0276666666666667,1.0276666666666667,1.012,0.9963333333333333,0.8546666666666667,0.7130000000000001,0.7130000000000001,0.7130000000000001,0.7130000000000001,0.7130000000000001,0.7130000000000001,0.7130000000000001,0.7130000000000001,0.7130000000000001,0.7130000000000001,0.7130000000000001,0.7130000000000001,0.7130000000000001,0.7130000000000001,0.7130000000000001,0.7130000000000001,0.7130000000000001,0.7130000000000001,0.4663333333333333,0.4663333333333333,0.4663333333333333,0.4663333333333333,0.4663333333333333,0.4663333333333333,0.4663333333333333,0.4626666666666666,0.4626666666666666
208,evolutionary,seeded,spherical micelle,3,,,,,5.911333333333334,5.08988888888889,4.268444444444445,3.4470000000000005,3.4470000000000005,2.8710000000000004,2.295,2.2026666666666666,2.110333333333333,2.110333333333333,2.1053333333333337,1.218,1.1243333333333334,1.1243333333333334,1.1243333333333334,1.1243333333333334,1.1243333333333334,1.028,1.028,1.028,1.028,0.7633333333333333,0.7633333333333333,0.7633333333333333,0.5868333333333333,0.41033333333333327,0.41033333333333327,0.41033333333333327,0.41033333333333327,0.41033333333333327,0.338,0.338,0.338,0.338,0.338,0.338,0.32233333333333336,0.30666666666666664,0.291,0.291,,,,,,
209,evolutionary,seeded,spherical micelle,4,,,,,7.2236666666666665,6.3035,5.383333333333333,4.641666666666667,3.4000000000000004,2.0500000000000003,1.7520000000000002,1.454,1.454,0.754,0.7398333333333333,0.7256666666666667,0.7256666666666667,0.6711666666666667,0.6166666666666666,0.6166666666666666,0.6166666666666666,0.6166666666666666,0.6166666666666666,0.6166666666666666,0.6166666666666666,0.6166666666666666,0.6166666666666666,0.6166666666666666,0.5846666666666667,0.5846666666666667,0.5846666666666667,0.5846666666666667,0.5846666666666667,0.5593333333333332,0.5339999999999999,0.5339999999999999,0.361,0.361,0.361,0.361,0.361,0.361,0.361,0.361,0.3456666666666666,0.3456666666666666,0.3456666666666666,,,
210,evolutionary,unseeded,liquid,0,,,,,12.415000000000001,10.372666666666667,9.629999999999999,8.887333333333332,8.887333333333332,6.435333333333333,6.435333333333333,6.183666666666666,5.9319999999999995,5.150166666666666,4.368333333333333,4.281666666666666,4.195,4.167833333333334,4.140666666666667,4.140666666666667,4.140666666666667,4.140666666666667,4.140666666666667,4.140666666666667,4.140666666666667,4.140666666666667,4.140666666666667,4.035666666666667,4.035666666666667,4.035666666666667,3.5725,3.1093333333333333,2.3875,1.6656666666666666,1.4266666666666665,1.4266666666666665,0.8906666666666666,0.8906666666666666,0.8238333333333333,0.757,0.757,0.757,0.757,0.7230000000000001,0.6890000000000001,0.6890000000000001,0.501,0.501,0.501,0.501
211,evolutionary,unseeded,liquid,1,,,,,10.869666666666667,8.342,7.824000000000001,6.672333333333334,5.520666666666667,5.254333333333333,4.7459999999999996,4.517333333333333,3.888,3.2586666666666666,3.2586666666666666,3.2586666666666666,3.2586666666666666,2.9913333333333334,2.724,2.724,2.272666666666667,1.8213333333333335,1.3326666666666667,1.1703333333333334,1.1703333333333334,1.1703333333333334,1.1703333333333334,1.1703333333333334,1.1703333333333334,1.1703333333333334,1.1703333333333334,1.1703333333333334,1.1703333333333334,1.1703333333333334,1.1703333333333334,1.0173333333333334,1.0173333333333334,1.0173333333333334,1.0173333333333334,1.0173333333333334,0.8610000000000001,0.8340000000000001,0.8069999999999999,0.8069999999999999,,,,,,
212,evolutionary,unseeded,liquid,2,,,,,5.108333333333333,4.562555555555556,4.016777777777778,3.471,3.032,2.593,2.593,2.593,1.9772222222222222,1.3614444444444445,0.7456666666666667,0.7456666666666667,0.7456666666666667,0.7456666666666667,0.7456666666666667,0.7456666666666667,0.7456666666666667,0.7456666666666667,0.7456666666666667,0.7456666666666667,0.7456666666666667,0.7456666666666667,0.7456666666666667,0.7456666666666667,0.7456666666666667,0.7456666666666667,0.7456666666666667,0.7456666666666667,0.7456666666666667,0.7456666666666667,0.6654444444444445,0.5852222222222222,0.505,0.505,0.505,0.505,0.505,0.505,0.505,0.505,0.505,0.505,0.505,0.48266666666666663,0.46033333333333326,0.46033333333333326
213,evolutionary,unseeded,liquid,3,,,,,7.756666666666667,4.669,3.5976666666666666,3.3613333333333335,3.125,2.7206666666666663,2.316333333333333,2.316333333333333,2.316333333333333,2.316333333333333,2.316333333333333,1.775,1.2336666666666667,0.6923333333333334,0.35200000000000004,0.35200000000000004,0.35200000000000004,0.35200000000000004,0.35200000000000004,0.35200000000000004,0.35200000000000004,0.35200000000000004,0.35200000000000004,0.35200000000000004,0.35200000000000004,0.35200000000000004,0.35200000000000004,0.35200000000000004,0.35200000000000004,0.35200000000000004,0.35200000000000004,0.35200000000000004,0.35200000000000004,0.3423333333333334,0.3423333333333334,0.3423333333333334,0.3423333333333334,0.3423333333333334,0.3423333333333334,0.3423333333333334,0.3423333333333334,,,,,
214,evolutionary,unseeded,liquid,4,,,,,7.679333333333333,5.496,3.312666666666667,3.301666666666667,0.64,0.47300000000000003,0.47300000000000003,0.47300000000000003,0.47300000000000003,0.47300000000000003,0.47300000000000003,0.47300000000000003,0.47300000000000003,0.47300000000000003,0.47300000000000003,0.47300000000000003,0.47300000000000003,0.47300000000000003,0.47300000000000003,0.47300000000000003,0.47300000000000003,0.47300000000000003,0.47300000000000003,0.47300000000000003,0.47300000000000003,0.47300000000000003,0.47300000000000003,0.47300000000000003,0.47300000000000003,0.47300000000000003,0.47300000000000003,0.47300000000000003,0.47300000000000003,0.47300000000000003,0.47300000000000003,0.47300000000000003,0.47300000000000003,0.47300000000000003,0.47300000000000003,0.47300000000000003,0.47300000000000003,0.47300000000000003,0.47300000000000003,,,
215,evolutionary,unseeded,string,0,,,,,5.858666666666667,5.635777777777778,5.412888888888889,5.19,5.19,5.19,5.19,4.442,4.442,4.442,4.442,4.352833333333333,4.2636666666666665,4.2636666666666665,4.2636666666666665,4.2636666666666665,4.2636666666666665,4.2636666666666665,4.2636666666666665,4.2636666666666665,4.2636666666666665,4.102333333333333,3.9410000000000003,3.9410000000000003,3.9043333333333337,3.9043333333333337,3.9043333333333337,3.9043333333333337,3.9043333333333337,3.9043333333333337,3.9043333333333337,3.9043333333333337,3.9043333333333337,3.9043333333333337,3.9043333333333337,3.9043333333333337,3.6913333333333336,3.4783333333333335,3.4490000000000003,3.4490000000000003,3.4490000000000003,3.4490000000000003,3.4490000000000003,3.4490000000000003,3.4490000000000003,3.4490000000000003
216,evolutionary,unseeded,string,1,,,,,7.977666666666667,7.977666666666667,7.606444444444445,7.235222222222222,6.864,6.864,6.864,6.346666666666667,6.278666666666666,6.210666666666666,6.185666666666666,6.185666666666666,6.185666666666666,6.185666666666666,6.185666666666666,6.185666666666666,6.125,6.064333333333334,5.801666666666667,5.801666666666667,5.801666666666667,5.744,5.698666666666667,5.698666666666667,5.698666666666667,4.607666666666667,4.439111111111111,4.270555555555556,4.102,3.924833333333334,3.747666666666667,3.747666666666667,3.747666666666667,3.747666666666667,3.747666666666667,3.747666666666667,3.747666666666667,3.747666666666667,2.8416666666666663,2.8416666666666663,2.69,2.69,2.69,,,
217,evolutionary,unseeded,string,2,,,,,10.266333333333334,9.750333333333334,9.234333333333334,8.450666666666667,7.667,6.883333333333333,5.718333333333334,5.718333333333334,5.5632222222222225,5.408111111111111,5.253,5.253,5.1355,5.018,4.868833333333334,4.719666666666668,4.5678333333333345,4.416,4.416,4.416,4.416,4.416,4.416,4.416,4.172,4.172,4.172,4.172,4.172,4.172,4.172,4.109666666666667,4.0473333333333334,4.0473333333333334,4.0473333333333334,4.0473333333333334,4.0473333333333334,4.0473333333333334,4.0473333333333334,3.597,3.597,3.597,3.597,3.3678333333333335,3.138666666666667,3.138666666666667
218,evolutionary,unseeded,string,3,,,,,10.632,9.733888888888888,8.835777777777778,7.937666666666668,7.937666666666668,6.813000000000001,5.6883333333333335,5.6883333333333335,5.6883333333333335,5.6883333333333335,4.799,4.692,4.692,4.296555555555556,3.901111111111111,3.5056666666666665,3.5056666666666665,3.5056666666666665,3.5056666666666665,3.5056666666666665,3.5056666666666665,3.5056666666666665,3.5056666666666665,3.4275,3.3493333333333335,3.3493333333333335,3.052666666666667,3.052666666666667,3.052666666666667,3.052666666666667,3.052666666666667,3.052666666666667,3.052666666666667,3.052666666666667,3.052666666666667,3.052666666666667,3.052666666666667,2.553666666666667,2.235,2.235,2.235,2.235,2.235,2.235,,
219,evolutionary,unseeded,string,4,,,,,7.619333333333333,6.4446666666666665,5.27,5.043555555555555,4.817111111111111,4.5906666666666665,4.5906666666666665,4.5906666666666665,3.9578333333333333,3.3249999999999997,3.3249999999999997,3.3249999999999997,3.3249999999999997,3.261833333333333,3.1986666666666665,3.1986666666666665,3.1986666666666665,3.1986666666666665,2.788222222222222,2.3777777777777778,1.9673333333333332,1.9673333333333332,1.9318333333333333,1.8963333333333334,1.252,0.8786666666666667,0.7613333333333333,0.7613333333333333,0.7613333333333333,0.6986666666666667,0.636,0.5991666666666667,0.5623333333333335,0.5623333333333335,0.5623333333333335,0.5623333333333335,0.5623333333333335,0.5623333333333335,0.5623333333333335,0.5623333333333335,0.5623333333333335,0.5623333333333335,0.5623333333333335,0.5623333333333335,0.5623333333333335,0.5623333333333335
220,evolutionary,unseeded,membrane,0,,,,,5.2973333333333334,4.953,4.608666666666666,4.264333333333333,4.264333333333333,4.264333333333333,4.264333333333333,4.264333333333333,4.264333333333333,4.264333333333333,4.264333333333333,3.8659999999999997,3.4676666666666662,3.4676666666666662,3.4676666666666662,2.9099999999999997,2.352333333333333,2.352333333333333,2.352333333333333,2.352333333333333,2.352333333333333,2.352333333333333,2.352333333333333,2.352333333333333,2.352333333333333,2.352333333333333,2.352333333333333,2.352333333333333,2.352333333333333,2.352333333333333,2.352333333333333,2.352333333333333,2.352333333333333,2.352333333333333,2.1253333333333333,2.1253333333333333,2.101,2.0766666666666667,2.0766666666666667,2.0766666666666667,2.0766666666666667,2.0766666666666667,2.0766666666666667,2.0766666666666667,2.0766666666666667,2.0766666666666667
221,evolutionary,unseeded,membrane,1,,,,,4.129666666666666,4.129666666666666,3.516666666666666,2.903666666666666,2.2906666666666666,2.2906666666666666,2.2906666666666666,1.5206666666666668,1.5206666666666668,1.5206666666666668,1.5206666666666668,1.5206666666666668,1.5206666666666668,1.5206666666666668,1.5206666666666668,1.5206666666666668,1.5206666666666668,1.5206666666666668,1.5206666666666668,1.5206666666666668,1.258,1.022,1.022,1.022,1.022,1.022,1.022,1.022,1.022,1.022,1.022,1.022,1.022,1.022,1.022,1.022,1.022,1.022,1.022,1.022,1.022,1.022,1.022,,,
222,evolutionary,unseeded,membrane,2,,,,,5.599333333333334,5.070500000000001,4.541666666666667,4.075222222222222,3.6087777777777776,3.142333333333333,2.183666666666667,2.183666666666667,1.8743333333333334,1.565,1.2556666666666667,1.2556666666666667,1.2556666666666667,1.2556666666666667,1.2556666666666667,1.2556666666666667,1.2556666666666667,1.2556666666666667,1.2556666666666667,1.2556666666666667,1.2556666666666667,1.2556666666666667,1.2556666666666667,1.2556666666666667,1.2556666666666667,0.9026666666666667,0.5496666666666666,0.4248333333333333,0.3,0.3,0.3,0.3,0.3,0.3,0.3,0.3,0.3,0.3,0.3,0.3,0.3,0.3,0.3,0.3,0.20600000000000004,0.20600000000000004
223,evolutionary,unseeded,membrane,3,,,,,9.488666666666667,8.012,8.012,7.545166666666667,7.078333333333333,7.078333333333333,7.078333333333333,7.078333333333333,5.163333333333333,5.093333333333333,4.944,3.9636666666666667,2.9833333333333334,2.003,2.003,2.003,2.003,2.003,2.003,2.003,2.003,2.003,2.003,2.003,1.9767777777777777,1.9505555555555556,1.9243333333333332,1.9243333333333332,1.9243333333333332,1.9243333333333332,1.9243333333333332,1.9243333333333332,1.9243333333333332,1.9243333333333332,1.9243333333333332,1.8346666666666664,1.8346666666666664,1.8346666666666664,1.8346666666666664,1.8346666666666664,1.8346666666666664,,,,,
224,evolutionary,unseeded,membrane,4,,,,,7.202000000000001,6.249833333333334,5.297666666666667,4.923555555555556,4.549444444444445,4.175333333333334,4.024666666666667,3.874,3.874,3.6653333333333338,3.456666666666667,3.1118333333333332,2.767,2.1943333333333332,1.992,1.7896666666666665,1.7896666666666665,1.7896666666666665,1.7896666666666665,1.6429999999999998,1.4963333333333333,1.3496666666666666,1.3496666666666666,1.2871666666666666,1.2246666666666666,1.2246666666666666,1.2246666666666666,1.2246666666666666,1.2246666666666666,1.2246666666666666,1.2246666666666666,1.2246666666666666,1.2246666666666666,1.2246666666666666,1.2246666666666666,1.2246666666666666,1.2246666666666666,1.2246666666666666,1.2246666666666666,1.2246666666666666,1.2246666666666666,1.197,1.1693333333333333,1.1693333333333333,1.1693333333333333,1.1693333333333333
225,evolutionary,unseeded,vesicle,0,,,,,6.9353333333333325,6.277444444444444,5.619555555555555,4.961666666666667,4.961666666666667,4.961666666666667,3.219666666666667,2.9082222222222223,2.596777777777778,2.2853333333333334,2.2853333333333334,2.2853333333333334,2.2853333333333334,2.2853333333333334,2.2853333333333334,2.2853333333333334,2.2853333333333334,1.9596666666666667,1.6340000000000001,1.1720000000000002,0.71,0.71,0.71,0.71,0.6408333333333334,0.5716666666666667,0.5716666666666667,0.5716666666666667,0.5716666666666667,0.454,0.454,0.454,0.454,0.454,0.454,0.454,0.454,0.454,0.454,0.454,0.454,0.454,0.454,0.454,0.454,0.454
226,evolutionary,unseeded,vesicle,1,,,,,3.66,3.66,3.66,3.2541666666666664,2.848333333333333,2.848333333333333,2.848333333333333,1.8399999999999999,1.8399999999999999,1.8399999999999999,1.8399999999999999,1.8399999999999999,1.8399999999999999,1.8399999999999999,1.8399999999999999,1.8399999999999999,1.5828333333333333,1.3256666666666668,1.3256666666666668,1.3256666666666668,1.3256666666666668,1.3256666666666668,1.3256666666666668,1.3256666666666668,1.3256666666666668,1.3256666666666668,1.3256666666666668,1.3256666666666668,1.2476666666666667,0.9566666666666667,0.9566666666666667,0.9566666666666667,0.9566666666666667,0.9566666666666667,0.9566666666666667,0.9566666666666667,0.9566666666666667,0.9566666666666667,0.7848333333333333,0.613,0.613,0.613,0.613,,,
227,evolutionary,unseeded,vesicle,2,,,,,5.061,4.608833333333333,4.156666666666666,4.156666666666666,4.156666666666666,4.156666666666666,3.8093333333333335,3.8093333333333335,3.8093333333333335,3.8093333333333335,3.8093333333333335,3.8093333333333335,3.8093333333333335,3.8093333333333335,3.8093333333333335,3.8093333333333335,3.8093333333333335,3.8093333333333335,3.8093333333333335,3.8093333333333335,3.8093333333333335,3.5618333333333334,3.3143333333333334,3.3143333333333334,3.3143333333333334,3.3143333333333334,3.3143333333333334,3.3143333333333334,3.3143333333333334,3.3143333333333334,3.3143333333333334,2.848333333333333,2.848333333333333,2.848333333333333,2.848333333333333,2.848333333333333,2.848333333333333,2.8329999999999997,2.8329999999999997,2.8329999999999997,2.801333333333333,2.7696666666666663,2.7696666666666663,2.7169999999999996,2.6643333333333334,2.611666666666667
228,evolutionary,unseeded,vesicle,3,,,,,9.373333333333333,8.687,8.357333333333335,8.2855,8.213666666666667,7.780666666666667,7.347666666666666,7.347666666666666,6.485666666666667,6.485666666666667,5.566666666666666,5.566666666666666,5.566666666666666,5.566666666666666,4.426333333333333,4.426333333333333,4.426333333333333,4.426333333333333,4.426333333333333,4.426333333333333,4.426333333333333,3.866833333333333,3.3073333333333337,3.3073333333333337,3.3073333333333337,3.092888888888889,2.8784444444444444,2.6639999999999997,2.6639999999999997,2.6639999999999997,2.6639999999999997,2.6639999999999997,2.3686666666666665,2.3686666666666665,2.3686666666666665,2.3686666666666665,2.3686666666666665,2.3686666666666665,2.3686666666666665,2.3686666666666665,2.3686666666666665,2.3686666666666665,,,,
229,evolutionary,unseeded,vesicle,4,,,,,7.961333333333333,7.3021666666666665,6.643000000000001,6.643000000000001,6.643000000000001,5.679666666666666,5.568333333333333,5.457,5.457,5.457,5.457,5.457,5.457,5.457,5.457,5.404222222222222,5.351444444444445,5.298666666666667,5.298666666666667,5.298666666666667,5.298666666666667,5.149333333333334,5.149333333333334,5.149333333333334,5.149333333333334,5.149333333333334,5.149333333333334,5.149333333333334,4.744833333333334,4.340333333333334,3.4339999999999997,3.4339999999999997,3.4339999999999997,3.4339999999999997,3.4339999999999997,2.724333333333333,2.014666666666667,2.014666666666667,2.014666666666667,2.014666666666667,2.014666666666667,2.014666666666667,,,,
230,evolutionary,unseeded,wormlike micelle,0,,,,,3.596,3.208888888888889,2.8217777777777777,2.4346666666666668,2.2225,2.0103333333333335,2.0103333333333335,2.0103333333333335,2.0103333333333335,2.0103333333333335,2.0103333333333335,2.0103333333333335,2.0103333333333335,2.0103333333333335,2.0103333333333335,1.914166666666667,1.8180000000000003,1.8180000000000003,1.8180000000000003,1.8180000000000003,1.8180000000000003,1.8180000000000003,1.8180000000000003,1.8180000000000003,1.8180000000000003,1.7443333333333335,1.7443333333333335,1.7046666666666666,1.7046666666666666,1.7046666666666666,1.7046666666666666,1.7046666666666666,1.7046666666666666,1.7046666666666666,1.7046666666666666,1.7046666666666666,1.7046666666666666,1.7046666666666666,1.7046666666666666,1.7046666666666666,1.7046666666666666,1.7046666666666666,1.6751666666666667,1.6456666666666668,1.6456666666666668,1.6456666666666668
231,evolutionary,unseeded,wormlike micelle,1,,,,,9.149666666666667,9.149666666666667,8.281444444444444,7.413222222222223,6.545000000000001,6.545000000000001,6.545000000000001,6.545000000000001,5.832333333333334,5.832333333333334,5.832333333333334,5.832333333333334,5.832333333333334,5.832333333333334,5.832333333333334,5.493666666666667,5.155,5.155,5.155,5.155,4.413666666666667,4.011666666666667,4.011666666666667,4.011666666666667,4.011666666666667,4.011666666666667,4.011666666666667,4.011666666666667,3.604166666666667,3.1966666666666668,3.1966666666666668,2.7996666666666665,2.7996666666666665,2.7996666666666665,2.7996666666666665,2.7996666666666665,2.7996666666666665,2.7996666666666665,2.7996666666666665,2.7996666666666665,2.7996666666666665,2.7996666666666665,2.636833333333333,2.4739999999999998,2.4739999999999998,
232,evolutionary,unseeded,wormlike micelle,2,,,,,11.849000000000002,11.444500000000001,11.040000000000001,10.191444444444445,9.342888888888888,8.494333333333332,7.485666666666667,7.485666666666667,7.171666666666667,6.857666666666667,6.543666666666667,6.543666666666667,5.627833333333333,4.712,4.452999999999999,4.194,4.010666666666666,3.8273333333333333,3.726166666666667,3.625,3.625,3.625,3.625,3.625,3.625,3.625,3.625,3.625,2.747,2.4535,2.1599999999999997,2.1296666666666666,2.0993333333333335,2.0993333333333335,2.0993333333333335,2.0993333333333335,2.0993333333333335,2.0993333333333335,2.0993333333333335,2.0993333333333335,2.0993333333333335,2.0993333333333335,2.0993333333333335,2.047833333333333,1.9963333333333333,1.9963333333333333
233,evolutionary,unseeded,wormlike micelle,3,,,,,8.152,7.503666666666667,6.855333333333333,6.207000000000001,6.207000000000001,5.4885,4.77,4.520999999999999,4.271999999999999,4.271999999999999,4.271999999999999,4.271999999999999,4.271999999999999,3.840111111111111,3.408222222222222,2.9763333333333333,2.9763333333333333,2.9763333333333333,2.9763333333333333,2.9763333333333333,2.9763333333333333,2.9763333333333333,2.952166666666667,2.9280000000000004,2.9280000000000004,2.9280000000000004,2.880666666666667,2.8333333333333335,2.786,2.786,2.786,2.786,2.786,2.786,2.786,2.786,2.2836666666666665,2.2836666666666665,2.2836666666666665,2.2836666666666665,2.2836666666666665,2.2836666666666665,2.2836666666666665,,,
234,evolutionary,unseeded,wormlike micelle,4,,,,,6.219000000000001,5.206666666666667,4.194333333333334,3.7543333333333333,3.2506666666666666,2.747,2.243333333333333,2.214583333333333,2.185833333333333,2.1570833333333335,2.1283333333333334,2.1283333333333334,2.1283333333333334,2.0633333333333335,1.9983333333333335,1.9333333333333333,1.8683333333333334,1.7666666666666668,1.7666666666666668,1.7666666666666668,1.7666666666666668,1.7666666666666668,1.7666666666666668,1.6365555555555555,1.5064444444444445,1.3763333333333332,1.3763333333333332,1.3763333333333332,1.3763333333333332,1.3763333333333332,1.2466666666666666,1.2466666666666666,1.2466666666666666,1.2466666666666666,1.2466666666666666,1.2466666666666666,1.1423333333333334,1.1423333333333334,1.1423333333333334,1.1423333333333334,1.1423333333333334,1.1423333333333334,1.1423333333333334,1.1423333333333334,1.1423333333333334,1.1423333333333334
235,evolutionary,unseeded,spherical micelle,0,,,,,7.1436666666666655,6.993777777777777,6.8438888888888885,6.694,6.2955000000000005,5.897,5.4985,5.1000000000000005,4.711555555555556,4.323111111111111,3.9346666666666668,3.599222222222222,3.263777777777778,2.9283333333333332,2.9283333333333332,2.9283333333333332,2.9283333333333332,2.622333333333333,2.316333333333333,2.316333333333333,2.316333333333333,2.3011666666666666,2.286,2.1,1.9975555555555555,1.8951111111111112,1.7926666666666666,1.7391666666666667,1.6856666666666669,1.6856666666666669,1.6856666666666669,1.6856666666666669,1.6856666666666669,1.2296666666666667,1.2043333333333335,1.179,1.179,1.179,1.179,0.6646666666666666,0.6646666666666666,0.6486666666666667,0.6326666666666667,0.6326666666666667,0.6326666666666667,0.6326666666666667
236,evolutionary,unseeded,spherical micelle,1,,,,,8.621,8.621,7.9268888888888895,7.232777777777778,6.538666666666667,6.538666666666667,6.538666666666667,6.538666666666667,6.350666666666667,6.1626666666666665,5.5696666666666665,5.5696666666666665,5.5696666666666665,5.471666666666667,4.886666666666667,4.886666666666667,4.886666666666667,4.886666666666667,4.886666666666667,4.762166666666667,4.637666666666667,4.637666666666667,4.637666666666667,4.637666666666667,4.637666666666667,4.637666666666667,4.496666666666667,4.355666666666667,4.214666666666667,4.214666666666667,3.7305,3.2463333333333337,3.0540000000000003,2.4616666666666664,2.3858333333333333,2.31,2.31,2.31,2.31,2.31,2.31,2.31,2.2091666666666665,2.1083333333333334,2.1083333333333334,2.1083333333333334
237,evolutionary,unseeded,spherical micelle,2,,,,,11.323333333333332,10.961166666666665,10.598999999999998,10.200166666666666,9.801333333333334,9.801333333333334,9.801333333333334,9.48911111111111,9.17688888888889,8.864666666666666,8.573,8.573,8.573,8.573,8.573,8.573,8.573,8.006833333333335,7.440666666666668,7.195111111111112,6.949555555555556,6.704000000000001,6.449333333333333,6.437333333333333,6.425333333333334,5.875,5.8505,5.8260000000000005,5.8260000000000005,5.8260000000000005,5.8260000000000005,5.8260000000000005,5.8260000000000005,5.297,5.297,5.297,5.297,5.231166666666667,5.165333333333334,5.165333333333334,5.165333333333334,5.165333333333334,4.829166666666667,4.492999999999999,4.492999999999999,4.345333333333333
238,evolutionary,unseeded,spherical micelle,3,,,,,5.911333333333334,5.538111111111112,5.164888888888889,4.791666666666667,4.791666666666667,4.719166666666667,4.646666666666667,4.2780000000000005,3.909333333333334,3.6800000000000006,3.4506666666666668,3.4506666666666668,3.4506666666666668,3.4506666666666668,3.4506666666666668,3.4506666666666668,3.4506666666666668,3.4506666666666668,3.4506666666666668,2.687666666666667,2.3678333333333335,2.048,2.048,1.6718333333333333,1.2956666666666667,1.2956666666666667,1.2886666666666666,1.2816666666666665,1.2816666666666665,1.2816666666666665,1.268333333333333,1.255,1.2416666666666665,1.2416666666666665,1.2416666666666665,1.2416666666666665,1.2416666666666665,1.2173333333333334,1.2173333333333334,1.2173333333333334,1.2173333333333334,1.2173333333333334,1.2173333333333334,1.2173333333333334,1.2173333333333334,1.2173333333333334
239,evolutionary,unseeded,spherical micelle,4,,,,,6.711666666666667,6.635666666666667,6.559666666666668,6.003444444444446,5.447222222222223,4.891000000000001,4.6072500000000005,4.323500000000001,4.039750000000001,3.7560000000000002,3.7560000000000002,3.7560000000000002,3.7560000000000002,3.7560000000000002,3.3356666666666666,3.2349999999999994,3.1343333333333327,3.1343333333333327,3.1343333333333327,3.1343333333333327,3.070111111111111,3.0058888888888884,2.9416666666666664,2.72,2.72,2.72,2.5669999999999997,2.5669999999999997,2.5669999999999997,2.5669999999999997,2.5669999999999997,2.5669999999999997,2.5669999999999997,2.5669999999999997,2.5669999999999997,2.5669999999999997,2.5669999999999997,2.5669999999999997,2.5669999999999997,2.5669999999999997,2.5669999999999997,2.5669999999999997,2.5669999999999997,2.5669999999999997,2.5669999999999997,2.5669999999999997
240,random,seeded,liquid,0,,,,,12.415000000000001,11.695533333333334,10.976066666666666,10.256599999999999,9.537133333333333,8.817666666666666,8.817666666666666,8.817666666666666,8.817666666666666,8.817666666666666,8.817666666666666,8.222666666666665,7.627666666666666,7.032666666666666,6.437666666666666,5.842666666666666,5.595666666666666,5.3486666666666665,5.101666666666667,4.854666666666667,4.607666666666667,4.5816,4.555533333333333,4.529466666666667,4.5034,4.477333333333333,4.4155999999999995,4.353866666666667,4.292133333333333,4.2304,4.168666666666667,4.114133333333333,4.0596,4.005066666666666,3.950533333333333,3.8959999999999995,3.8959999999999995,3.8959999999999995,3.8959999999999995,3.8959999999999995,3.8959999999999995,3.786733333333333,3.677466666666666,3.5681999999999996,3.458933333333333,3.3496666666666663
241,random,seeded,liquid,1,,,,,13.251,12.935866666666666,12.620733333333334,12.3056,11.990466666666668,11.675333333333334,11.113333333333335,10.551333333333334,9.989333333333335,9.427333333333333,8.865333333333334,8.769466666666668,8.6736,8.577733333333335,8.481866666666667,8.386000000000001,8.306000000000001,8.226,8.146,8.066,7.986,7.757866666666667,7.529733333333334,7.3016000000000005,7.073466666666667,6.8453333333333335,6.7194,6.593466666666667,6.467533333333334,6.341600000000001,6.215666666666667,6.0827333333333335,5.9498,5.816866666666667,5.683933333333333,5.550999999999999,5.550999999999999,5.550999999999999,5.550999999999999,5.550999999999999,5.550999999999999,5.550999999999999,5.550999999999999,5.550999999999999,5.550999999999999,5.550999999999999
242,random,seeded,liquid,2,,,,,5.108333333333333,4.7016,4.294866666666667,3.8881333333333337,3.4814000000000003,3.074666666666667,3.074666666666667,3.074666666666667,3.074666666666667,3.074666666666667,3.074666666666667,3.074666666666667,3.074666666666667,3.074666666666667,3.074666666666667,3.074666666666667,3.074666666666667,3.074666666666667,3.074666666666667,3.074666666666667,3.074666666666667,3.0469333333333335,3.0192,2.9914666666666667,2.9637333333333333,2.936,2.936,2.936,2.936,2.936,2.936,2.936,2.936,2.936,2.936,2.936,2.7538,2.5716,2.3894,2.2072,2.025,2.025,2.025,2.025,2.025,2.025
243,random,seeded,liquid,3,,,,,11.065666666666667,10.700866666666666,10.336066666666666,9.971266666666665,9.606466666666666,9.241666666666665,9.241666666666665,9.241666666666665,9.241666666666665,9.241666666666665,9.241666666666665,8.885133333333332,8.528599999999999,8.172066666666666,7.815533333333333,7.459,7.444,7.429,7.414,7.399,7.384,7.3748000000000005,7.365600000000001,7.3564,7.3472,7.338,7.2524,7.1668,7.0812,6.9956000000000005,6.91,6.91,6.91,6.91,6.91,6.91,6.3254,5.7408,5.1562,4.5716,3.987,3.8895333333333335,3.792066666666667,3.6946000000000003,3.5971333333333333,3.4996666666666667
244,random,seeded,liquid,4,,,,,10.083,9.1786,8.2742,7.3698,6.4654,5.561,4.921866666666666,4.282733333333333,3.6436,3.0044666666666666,2.3653333333333335,2.3583333333333334,2.3513333333333333,2.3443333333333336,2.3373333333333335,2.3303333333333334,2.3303333333333334,2.3303333333333334,2.3303333333333334,2.3303333333333334,2.3303333333333334,2.3303333333333334,2.3303333333333334,2.3303333333333334,2.3303333333333334,2.3303333333333334,2.0112666666666668,1.6922,1.373133333333333,1.0540666666666665,0.735,0.735,0.735,0.735,0.735,0.735,0.7242,0.7134,0.7026,0.6918000000000001,0.681,0.681,0.681,0.681,0.681,0.681
245,random,seeded,string,0,,,,,3.862666666666667,3.862666666666667,3.862666666666667,3.862666666666667,3.862666666666667,3.862666666666667,3.431333333333334,3.0,2.5686666666666667,2.1373333333333333,1.7059999999999997,1.7059999999999997,1.7059999999999997,1.7059999999999997,1.7059999999999997,1.7059999999999997,1.7059999999999997,1.7059999999999997,1.7059999999999997,1.7059999999999997,1.7059999999999997,1.7059999999999997,1.7059999999999997,1.7059999999999997,1.7059999999999997,1.7059999999999997,1.7059999999999997,1.7059999999999997,1.7059999999999997,1.7059999999999997,1.7059999999999997,1.7059999999999997,1.7059999999999997,1.7059999999999997,1.7059999999999997,1.7059999999999997,1.7059999999999997,1.7059999999999997,1.7059999999999997,1.7059999999999997,1.7059999999999997,1.7059999999999997,1.7059999999999997,1.7059999999999997,1.7059999999999997,1.7059999999999997
246,random,seeded,string,1,,,,,5.0713333333333335,4.4818,3.892266666666667,3.3027333333333333,2.7132,2.123666666666667,2.123666666666667,2.123666666666667,2.123666666666667,2.123666666666667,2.123666666666667,2.123666666666667,2.123666666666667,2.123666666666667,2.123666666666667,2.123666666666667,2.123666666666667,2.123666666666667,2.123666666666667,2.123666666666667,2.123666666666667,2.123666666666667,2.123666666666667,2.123666666666667,2.123666666666667,2.123666666666667,2.0834,2.0431333333333335,2.002866666666667,1.9626,1.9223333333333332,1.8268,1.7312666666666665,1.6357333333333333,1.5402,1.4446666666666665,1.4085999999999999,1.3725333333333332,1.3364666666666667,1.3004,1.2643333333333333,1.2643333333333333,1.2643333333333333,1.2643333333333333,1.2643333333333333,1.2643333333333333
247,random,seeded,string,2,,,,,8.447000000000001,8.008400000000002,7.569800000000001,7.131200000000001,6.6926000000000005,6.2540000000000004,5.9981333333333335,5.742266666666667,5.4864,5.230533333333334,4.974666666666667,4.864466666666667,4.754266666666667,4.644066666666666,4.5338666666666665,4.423666666666667,4.0042,3.5847333333333333,3.1652666666666667,2.7458,2.3263333333333334,2.3263333333333334,2.3263333333333334,2.3263333333333334,2.3263333333333334,2.3263333333333334,2.3238,2.321266666666667,2.3187333333333333,2.3162000000000003,2.3136666666666668,2.2498666666666667,2.1860666666666666,2.1222666666666665,2.0584666666666664,1.9946666666666666,1.9946666666666666,1.9946666666666666,1.9946666666666666,1.9946666666666666,1.9946666666666666,1.8937333333333333,1.7928,1.6918666666666666,1.5909333333333333,1.49
248,random,seeded,string,3,,,,,6.154333333333334,5.8582,5.5620666666666665,5.265933333333333,4.9698,4.673666666666667,4.403866666666667,4.134066666666667,3.864266666666667,3.594466666666667,3.324666666666667,3.1273333333333335,2.93,2.732666666666667,2.5353333333333334,2.338,2.338,2.338,2.338,2.338,2.338,2.3304,2.3228,2.3152000000000004,2.3076000000000003,2.3000000000000003,2.3000000000000003,2.3000000000000003,2.3000000000000003,2.3000000000000003,2.3000000000000003,2.3000000000000003,2.3000000000000003,2.3000000000000003,2.3000000000000003,2.3000000000000003,2.3000000000000003,2.3000000000000003,2.3000000000000003,2.3000000000000003,2.3000000000000003,2.3000000000000003,2.3000000000000003,2.3000000000000003,2.3000000000000003,2.3000000000000003
249,random,seeded,string,4,,,,,4.0169999999999995,3.8464666666666663,3.675933333333333,3.5054,3.334866666666666,3.164333333333333,3.164333333333333,3.164333333333333,3.164333333333333,3.164333333333333,3.164333333333333,3.164333333333333,3.164333333333333,3.164333333333333,3.164333333333333,3.164333333333333,3.164333333333333,3.164333333333333,3.164333333333333,3.164333333333333,3.164333333333333,3.1121999999999996,3.0600666666666663,3.007933333333333,2.9557999999999995,2.903666666666666,2.9012,2.898733333333333,2.8962666666666665,2.8937999999999997,2.8913333333333333,2.654933333333333,2.4185333333333334,2.1821333333333333,1.9457333333333333,1.7093333333333334,1.6413333333333333,1.5733333333333333,1.5053333333333332,1.4373333333333334,1.3693333333333333,1.3693333333333333,1.3693333333333333,1.3693333333333333,1.3693333333333333,1.3693333333333333
250,random,seeded,membrane,0,,,,,5.2973333333333334,5.002466666666667,4.7076,4.412733333333334,4.117866666666667,3.8230000000000004,3.751666666666667,3.6803333333333335,3.6090000000000004,3.537666666666667,3.4663333333333335,3.2266000000000004,2.986866666666667,2.7471333333333336,2.5074000000000005,2.267666666666667,2.267666666666667,2.267666666666667,2.267666666666667,2.267666666666667,2.267666666666667,2.259866666666667,2.252066666666667,2.244266666666667,2.236466666666667,2.228666666666667,2.228666666666667,2.228666666666667,2.228666666666667,2.228666666666667,2.228666666666667,2.228666666666667,2.228666666666667,2.228666666666667,2.228666666666667,2.228666666666667,2.228666666666667,2.228666666666667,2.228666666666667,2.228666666666667,2.228666666666667,2.228666666666667,2.228666666666667,2.228666666666667,2.228666666666667,2.228666666666667
251,random,seeded,membrane,1,,,,,4.129666666666666,3.9767999999999994,3.823933333333333,3.6710666666666665,3.5182,3.3653333333333335,3.3653333333333335,3.3653333333333335,3.3653333333333335,3.3653333333333335,3.3653333333333335,3.3653333333333335,3.3653333333333335,3.3653333333333335,3.3653333333333335,3.3653333333333335,3.3653333333333335,3.3653333333333335,3.3653333333333335,3.3653333333333335,3.3653333333333335,3.3653333333333335,3.3653333333333335,3.3653333333333335,3.3653333333333335,3.3653333333333335,3.3390666666666666,3.3128,3.2865333333333333,3.260266666666667,3.234,3.1188666666666665,3.0037333333333334,2.8886,2.7734666666666667,2.658333333333333,2.6448,2.631266666666667,2.6177333333333332,2.6042,2.590666666666667,2.3872,2.1837333333333335,1.9802666666666668,1.7768000000000002,1.5733333333333335
252,random,seeded,membrane,2,,,,,10.405333333333333,9.686866666666667,8.968399999999999,8.249933333333333,7.531466666666667,6.813,6.3698,5.9266,5.4834,5.0402000000000005,4.597,4.3979333333333335,4.1988666666666665,3.9998,3.8007333333333335,3.6016666666666666,3.4742,3.3467333333333333,3.219266666666667,3.0918,2.9643333333333337,2.9643333333333337,2.9643333333333337,2.9643333333333337,2.9643333333333337,2.9643333333333337,2.9407333333333336,2.9171333333333336,2.8935333333333335,2.8699333333333334,2.8463333333333334,2.7458666666666667,2.6454,2.5449333333333333,2.4444666666666666,2.344,2.2262,2.1084,1.9906000000000001,1.8728,1.7550000000000001,1.7550000000000001,1.7550000000000001,1.7550000000000001,1.7550000000000001,1.7550000000000001
253,random,seeded,membrane,3,,,,,9.488666666666667,8.9954,8.502133333333333,8.008866666666666,7.5156,7.022333333333333,5.898,4.773666666666667,3.6493333333333338,2.5250000000000004,1.4006666666666667,1.4006666666666667,1.4006666666666667,1.4006666666666667,1.4006666666666667,1.4006666666666667,1.4006666666666667,1.4006666666666667,1.4006666666666667,1.4006666666666667,1.4006666666666667,1.4006666666666667,1.4006666666666667,1.4006666666666667,1.4006666666666667,1.4006666666666667,1.4006666666666667,1.4006666666666667,1.4006666666666667,1.4006666666666667,1.4006666666666667,1.4006666666666667,1.4006666666666667,1.4006666666666667,1.4006666666666667,1.4006666666666667,1.4006666666666667,1.4006666666666667,1.4006666666666667,1.4006666666666667,1.4006666666666667,1.4006666666666667,1.4006666666666667,1.4006666666666667,1.4006666666666667,1.4006666666666667
254,random,seeded,membrane,4,,,,,9.119666666666667,8.448933333333335,7.778200000000001,7.107466666666667,6.4367333333333345,5.766000000000001,5.766000000000001,5.766000000000001,5.766000000000001,5.766000000000001,5.766000000000001,5.605533333333334,5.4450666666666665,5.2846,5.124133333333333,4.963666666666666,4.949933333333333,4.9361999999999995,4.922466666666667,4.908733333333333,4.8950000000000005,4.648533333333334,4.402066666666667,4.1556,3.909133333333333,3.6626666666666665,3.437733333333333,3.2127999999999997,2.9878666666666662,2.7629333333333332,2.538,2.4736,2.4092,2.3447999999999998,2.2803999999999998,2.2159999999999997,2.2159999999999997,2.2159999999999997,2.2159999999999997,2.2159999999999997,2.2159999999999997,2.2159999999999997,2.2159999999999997,2.2159999999999997,2.2159999999999997,2.2159999999999997
255,random,seeded,vesicle,0,,,,,6.9353333333333325,6.092266666666666,5.2492,4.406133333333333,3.563066666666667,2.72,2.546066666666667,2.3721333333333336,2.1982,2.0242666666666667,1.8503333333333334,1.8503333333333334,1.8503333333333334,1.8503333333333334,1.8503333333333334,1.8503333333333334,1.8503333333333334,1.8503333333333334,1.8503333333333334,1.8503333333333334,1.8503333333333334,1.8503333333333334,1.8503333333333334,1.8503333333333334,1.8503333333333334,1.8503333333333334,1.7637333333333334,1.6771333333333334,1.5905333333333336,1.5039333333333336,1.4173333333333336,1.4173333333333336,1.4173333333333336,1.4173333333333336,1.4173333333333336,1.4173333333333336,1.4173333333333336,1.4173333333333336,1.4173333333333336,1.4173333333333336,1.4173333333333336,1.4173333333333336,1.4173333333333336,1.4173333333333336,1.4173333333333336,1.4173333333333336
256,random,seeded,vesicle,1,,,,,3.66,3.66,3.66,3.66,3.66,3.66,3.5610666666666666,3.462133333333333,3.3632,3.2642666666666664,3.165333333333333,3.1431999999999998,3.121066666666666,3.098933333333333,3.0767999999999995,3.0546666666666664,2.856133333333333,2.6576,2.4590666666666667,2.260533333333333,2.062,2.062,2.062,2.062,2.062,2.062,2.062,2.062,2.062,2.062,2.062,2.062,2.062,2.062,2.062,2.062,2.062,2.062,2.062,2.062,2.062,2.062,2.062,2.062,2.062,2.062
257,random,seeded,vesicle,2,,,,,6.383666666666667,5.8784,5.3731333333333335,4.867866666666666,4.3626,3.857333333333333,3.8165999999999998,3.7758666666666665,3.735133333333333,3.6944,3.6536666666666666,3.5717333333333334,3.4898000000000002,3.4078666666666666,3.3259333333333334,3.244,3.2101333333333337,3.176266666666667,3.1424000000000003,3.1085333333333334,3.074666666666667,3.074666666666667,3.074666666666667,3.074666666666667,3.074666666666667,3.074666666666667,3.074666666666667,3.074666666666667,3.074666666666667,3.074666666666667,3.074666666666667,2.9825333333333335,2.8904,2.7982666666666667,2.7061333333333337,2.6140000000000003,2.6140000000000003,2.6140000000000003,2.6140000000000003,2.6140000000000003,2.6140000000000003,2.613666666666667,2.6133333333333337,2.613,2.6126666666666667,2.6123333333333334
258,random,seeded,vesicle,3,,,,,9.373333333333333,8.833666666666666,8.294,7.754333333333333,7.214666666666666,6.675,6.412333333333334,6.149666666666667,5.8870000000000005,5.624333333333334,5.361666666666667,5.142733333333334,4.923800000000001,4.704866666666668,4.4859333333333336,4.267,4.178000000000001,4.089,4.0,3.9110000000000005,3.8220000000000005,3.726266666666667,3.6305333333333336,3.5348,3.4390666666666667,3.3433333333333333,3.3433333333333333,3.3433333333333333,3.3433333333333333,3.3433333333333333,3.3433333333333333,3.328533333333333,3.3137333333333334,3.2989333333333333,3.2841333333333336,3.2693333333333334,3.0841333333333334,2.8989333333333334,2.7137333333333333,2.5285333333333333,2.3433333333333333,2.3433333333333333,2.3433333333333333,2.3433333333333333,2.3433333333333333,2.3433333333333333
259,random,seeded,vesicle,4,,,,,10.511333333333333,9.2298,7.948266666666666,6.666733333333333,5.385199999999999,4.103666666666666,4.103666666666666,4.103666666666666,4.103666666666666,4.103666666666666,4.103666666666666,3.926533333333333,3.7493999999999996,3.5722666666666667,3.3951333333333333,3.218,3.218,3.218,3.218,3.218,3.218,3.1568666666666667,3.0957333333333334,3.0345999999999997,2.9734666666666665,2.912333333333333,2.9028,2.893266666666667,2.8837333333333333,2.8742,2.864666666666667,2.8027333333333337,2.7408,2.678866666666667,2.6169333333333333,2.555,2.555,2.555,2.555,2.555,2.555,2.4848000000000003,2.4146,2.3444000000000003,2.2742,2.204
260,random,seeded,wormlike micelle,0,,,,,6.206333333333333,6.198733333333333,6.191133333333333,6.183533333333334,6.175933333333334,6.168333333333334,5.997733333333334,5.827133333333334,5.656533333333334,5.485933333333334,5.315333333333334,5.1564000000000005,4.997466666666667,4.838533333333334,4.679600000000001,4.520666666666667,4.355133333333334,4.1896,4.024066666666667,3.8585333333333334,3.693,3.5094,3.3258,3.1422,2.9585999999999997,2.775,2.775,2.775,2.775,2.775,2.775,2.775,2.775,2.775,2.775,2.775,2.6098666666666666,2.444733333333333,2.2796,2.114466666666667,1.9493333333333334,1.9493333333333334,1.9493333333333334,1.9493333333333334,1.9493333333333334,1.9493333333333334
261,random,seeded,wormlike micelle,1,,,,,9.149666666666667,8.344866666666666,7.540066666666666,6.735266666666667,5.930466666666667,5.125666666666667,4.958333333333333,4.791,4.623666666666667,4.456333333333334,4.289000000000001,4.289000000000001,4.289000000000001,4.289000000000001,4.289000000000001,4.289000000000001,4.224733333333334,4.160466666666667,4.0962000000000005,4.031933333333334,3.9676666666666667,3.9676666666666667,3.9676666666666667,3.9676666666666667,3.9676666666666667,3.9676666666666667,3.9676666666666667,3.9676666666666667,3.9676666666666667,3.9676666666666667,3.9676666666666667,3.7108666666666665,3.454066666666667,3.1972666666666667,2.9404666666666666,2.683666666666667,2.683666666666667,2.683666666666667,2.683666666666667,2.683666666666667,2.683666666666667,2.5042,2.3247333333333335,2.1452666666666667,1.9658,1.7863333333333333
262,random,seeded,wormlike micelle,2,,,,,14.609,13.445266666666667,12.281533333333334,11.1178,9.954066666666668,8.790333333333335,8.322000000000001,7.853666666666667,7.3853333333333335,6.917000000000001,6.448666666666667,5.7325333333333335,5.0164,4.300266666666667,3.5841333333333334,2.868,2.8122666666666665,2.756533333333333,2.7008,2.6450666666666667,2.5893333333333333,2.4918666666666667,2.3944,2.2969333333333335,2.1994666666666665,2.102,2.102,2.102,2.102,2.102,2.102,2.0614,2.0208,1.9801999999999997,1.9395999999999998,1.8989999999999998,1.8989999999999998,1.8989999999999998,1.8989999999999998,1.8989999999999998,1.8989999999999998,1.8989999999999998,1.8989999999999998,1.8989999999999998,1.8989999999999998,1.8989999999999998
263,random,seeded,wormlike micelle,3,,,,,8.152,7.363999999999999,6.576,5.787999999999999,5.0,4.212,4.212,4.212,4.212,4.212,4.212,4.043466666666666,3.8749333333333333,3.7064,3.537866666666667,3.3693333333333335,3.3693333333333335,3.3693333333333335,3.3693333333333335,3.3693333333333335,3.3693333333333335,3.3693333333333335,3.3693333333333335,3.3693333333333335,3.3693333333333335,3.3693333333333335,3.3693333333333335,3.3693333333333335,3.3693333333333335,3.3693333333333335,3.3693333333333335,3.3693333333333335,3.3693333333333335,3.3693333333333335,3.3693333333333335,3.3693333333333335,3.3693333333333335,3.3693333333333335,3.3693333333333335,3.3693333333333335,3.3693333333333335,3.3693333333333335,3.3693333333333335,3.3693333333333335,3.3693333333333335,3.3693333333333335
264,random,seeded,wormlike micelle,4,,,,,6.956333333333333,6.455866666666666,5.9554,5.454933333333333,4.954466666666667,4.454,4.2032,3.9524,3.7015999999999996,3.4507999999999996,3.1999999999999997,3.1399999999999997,3.0799999999999996,3.02,2.96,2.9,2.9,2.9,2.9,2.9,2.9,2.7480666666666664,2.5961333333333334,2.4442,2.2922666666666665,2.1403333333333334,2.0046,1.8688666666666667,1.7331333333333334,1.5974,1.4616666666666667,1.4616666666666667,1.4616666666666667,1.4616666666666667,1.4616666666666667,1.4616666666666667,1.4616666666666667,1.4616666666666667,1.4616666666666667,1.4616666666666667,1.4616666666666667,1.4616666666666667,1.4616666666666667,1.4616666666666667,1.4616666666666667,1.4616666666666667
265,random,seeded,spherical micelle,0,,,,,8.451666666666666,8.092466666666667,7.733266666666666,7.374066666666666,7.014866666666666,6.655666666666666,6.408666666666666,6.161666666666666,5.914666666666666,5.667666666666666,5.4206666666666665,5.4177333333333335,5.4148,5.411866666666667,5.408933333333333,5.406,5.300866666666667,5.195733333333333,5.0906,4.9854666666666665,4.880333333333334,4.7889333333333335,4.697533333333333,4.606133333333333,4.514733333333333,4.423333333333333,4.423333333333333,4.423333333333333,4.423333333333333,4.423333333333333,4.423333333333333,4.319133333333333,4.214933333333333,4.110733333333333,4.0065333333333335,3.9023333333333334,3.9023333333333334,3.9023333333333334,3.9023333333333334,3.9023333333333334,3.9023333333333334,3.9023333333333334,3.9023333333333334,3.9023333333333334,3.9023333333333334,3.9023333333333334
266,random,seeded,spherical micelle,1,,,,,9.107333333333333,8.6722,8.237066666666667,7.801933333333334,7.3668000000000005,6.9316666666666675,6.634,6.336333333333333,6.038666666666666,5.741,5.4433333333333325,5.294599999999999,5.145866666666666,4.997133333333333,4.8484,4.699666666666666,4.699666666666666,4.699666666666666,4.699666666666666,4.699666666666666,4.699666666666666,4.699666666666666,4.699666666666666,4.699666666666666,4.699666666666666,4.699666666666666,4.627466666666666,4.555266666666666,4.483066666666666,4.410866666666666,4.338666666666666,4.338666666666666,4.338666666666666,4.338666666666666,4.338666666666666,4.338666666666666,4.3099333333333325,4.281199999999999,4.252466666666667,4.223733333333334,4.195,4.195,4.195,4.195,4.195,4.195
267,random,seeded,spherical micelle,2,,,,,11.323333333333332,10.358866666666666,9.3944,8.429933333333334,7.465466666666667,6.501,6.250666666666667,6.000333333333334,5.75,5.499666666666666,5.249333333333333,5.079533333333333,4.9097333333333335,4.739933333333333,4.570133333333334,4.400333333333333,4.400333333333333,4.400333333333333,4.400333333333333,4.400333333333333,4.400333333333333,4.400333333333333,4.400333333333333,4.400333333333333,4.400333333333333,4.400333333333333,4.351533333333333,4.302733333333333,4.253933333333333,4.205133333333333,4.156333333333333,4.156333333333333,4.156333333333333,4.156333333333333,4.156333333333333,4.156333333333333,4.119133333333334,4.081933333333334,4.044733333333333,4.007533333333334,3.970333333333334,3.970333333333334,3.970333333333334,3.970333333333334,3.970333333333334,3.970333333333334
268,random,seeded,spherical micelle,3,,,,,5.911333333333334,5.517866666666667,5.1244000000000005,4.7309333333333345,4.337466666666668,3.9440000000000004,3.9440000000000004,3.9440000000000004,3.9440000000000004,3.9440000000000004,3.9440000000000004,3.9440000000000004,3.9440000000000004,3.9440000000000004,3.9440000000000004,3.9440000000000004,3.8657333333333335,3.787466666666667,3.7092,3.6309333333333336,3.5526666666666666,3.4564666666666666,3.3602666666666665,3.2640666666666664,3.167866666666667,3.0716666666666668,3.0716666666666668,3.0716666666666668,3.0716666666666668,3.0716666666666668,3.0716666666666668,3.0716666666666668,3.0716666666666668,3.0716666666666668,3.0716666666666668,3.0716666666666668,3.0716666666666668,3.0716666666666668,3.0716666666666668,3.0716666666666668,3.0716666666666668,3.0716666666666668,3.0716666666666668,3.0716666666666668,3.0716666666666668,3.0716666666666668
269,random,seeded,spherical micelle,4,,,,,7.2236666666666665,7.080066666666666,6.936466666666667,6.792866666666667,6.6492666666666675,6.505666666666667,6.0911333333333335,5.6766000000000005,5.262066666666667,4.847533333333333,4.433,4.1732,3.9133999999999998,3.6536,3.3937999999999997,3.134,2.9774,2.8207999999999998,2.6642,2.5076,2.351,2.351,2.351,2.351,2.351,2.351,2.351,2.351,2.351,2.351,2.351,2.1662666666666666,1.9815333333333334,1.7968,1.6120666666666668,1.4273333333333333,1.4273333333333333,1.4273333333333333,1.4273333333333333,1.4273333333333333,1.4273333333333333,1.4273333333333333,1.4273333333333333,1.4273333333333333,1.4273333333333333,1.4273333333333333
270,random,unseeded,liquid,0,,,,,12.415000000000001,11.695533333333334,10.976066666666666,10.256599999999999,9.537133333333333,8.817666666666666,8.817666666666666,8.817666666666666,8.817666666666666,8.817666666666666,8.817666666666666,8.222666666666665,7.627666666666666,7.032666666666666,6.437666666666666,5.842666666666666,5.595666666666666,5.3486666666666665,5.101666666666667,4.854666666666667,4.607666666666667,4.5816,4.555533333333333,4.529466666666667,4.5034,4.477333333333333,4.4155999999999995,4.353866666666667,4.292133333333333,4.2304,4.168666666666667,4.114133333333333,4.0596,4.005066666666666,3.950533333333333,3.8959999999999995,3.8959999999999995,3.8959999999999995,3.8959999999999995,3.8959999999999995,3.8959999999999995,3.786733333333333,3.677466666666666,3.5681999999999996,3.458933333333333,3.3496666666666663
271,random,unseeded,liquid,1,,,,,10.869666666666667,10.619,10.368333333333334,10.117666666666667,9.867,9.616333333333333,9.305,8.993666666666666,8.682333333333334,8.371,8.059666666666667,8.020133333333334,7.9806,7.941066666666666,7.901533333333333,7.861999999999999,7.821533333333333,7.781066666666666,7.7406,7.700133333333333,7.659666666666666,7.4719999999999995,7.2843333333333335,7.096666666666667,6.909000000000001,6.721333333333334,6.6202000000000005,6.519066666666667,6.417933333333334,6.316800000000001,6.215666666666667,6.0827333333333335,5.9498,5.816866666666667,5.683933333333333,5.550999999999999,5.550999999999999,5.550999999999999,5.550999999999999,5.550999999999999,5.550999999999999,5.550999999999999,5.550999999999999,5.550999999999999,5.550999999999999,5.550999999999999
272,random,unseeded,liquid,2,,,,,5.108333333333333,4.7016,4.294866666666667,3.8881333333333337,3.4814000000000003,3.074666666666667,3.074666666666667,3.074666666666667,3.074666666666667,3.074666666666667,3.074666666666667,3.074666666666667,3.074666666666667,3.074666666666667,3.074666666666667,3.074666666666667,3.074666666666667,3.074666666666667,3.074666666666667,3.074666666666667,3.074666666666667,3.0469333333333335,3.0192,2.9914666666666667,2.9637333333333333,2.936,2.936,2.936,2.936,2.936,2.936,2.936,2.936,2.936,2.936,2.936,2.7538,2.5716,2.3894,2.2072,2.025,2.025,2.025,2.025,2.025,2.025
273,random,unseeded,liquid,3,,,,,7.756666666666667,7.588,7.419333333333333,7.2506666666666675,7.082000000000001,6.913333333333334,6.913333333333334,6.913333333333334,6.913333333333334,6.913333333333334,6.913333333333334,6.673,6.432666666666667,6.192333333333333,5.952,5.711666666666666,5.711666666666666,5.711666666666666,5.711666666666666,5.711666666666666,5.711666666666666,5.711666666666666,5.711666666666666,5.711666666666666,5.711666666666666,5.711666666666666,5.679133333333333,5.646599999999999,5.614066666666666,5.581533333333333,5.5489999999999995,5.5489999999999995,5.5489999999999995,5.5489999999999995,5.5489999999999995,5.5489999999999995,5.127466666666666,4.705933333333333,4.2844,3.8628666666666662,3.441333333333333,3.3853999999999997,3.3294666666666664,3.2735333333333334,3.2176,3.1616666666666666
274,random,unseeded,liquid,4,,,,,7.679333333333333,7.2556666666666665,6.832,6.408333333333333,5.984666666666667,5.561,4.921866666666666,4.282733333333333,3.6436,3.0044666666666666,2.3653333333333335,2.3583333333333334,2.3513333333333333,2.3443333333333336,2.3373333333333335,2.3303333333333334,2.3303333333333334,2.3303333333333334,2.3303333333333334,2.3303333333333334,2.3303333333333334,2.3303333333333334,2.3303333333333334,2.3303333333333334,2.3303333333333334,2.3303333333333334,2.0112666666666668,1.6922,1.373133333333333,1.0540666666666665,0.735,0.735,0.735,0.735,0.735,0.735,0.7242,0.7134,0.7026,0.6918000000000001,0.681,0.681,0.681,0.681,0.681,0.681
275,random,unseeded,string,0,,,,,5.858666666666667,5.858666666666667,5.858666666666667,5.858666666666667,5.858666666666667,5.858666666666667,5.427333333333333,4.996,4.564666666666667,4.133333333333333,3.702,3.702,3.702,3.702,3.702,3.702,3.702,3.702,3.702,3.702,3.702,3.6414,3.5808,3.5201999999999996,3.4595999999999996,3.3989999999999996,3.3989999999999996,3.3989999999999996,3.3989999999999996,3.3989999999999996,3.3989999999999996,3.3989999999999996,3.3989999999999996,3.3989999999999996,3.3989999999999996,3.3989999999999996,3.3989999999999996,3.3989999999999996,3.3989999999999996,3.3989999999999996,3.3989999999999996,3.3989999999999996,3.3989999999999996,3.3989999999999996,3.3989999999999996,3.3989999999999996
276,random,unseeded,string,1,,,,,7.977666666666667,7.100466666666667,6.223266666666667,5.346066666666667,4.468866666666667,3.591666666666667,3.591666666666667,3.591666666666667,3.591666666666667,3.591666666666667,3.591666666666667,3.591666666666667,3.591666666666667,3.591666666666667,3.591666666666667,3.591666666666667,3.587066666666667,3.582466666666667,3.5778666666666665,3.5732666666666666,3.5686666666666667,3.5686666666666667,3.5686666666666667,3.5686666666666667,3.5686666666666667,3.5686666666666667,3.498666666666667,3.428666666666667,3.3586666666666667,3.288666666666667,3.218666666666667,3.082866666666667,2.9470666666666667,2.8112666666666666,2.675466666666667,2.5396666666666667,2.449866666666667,2.360066666666667,2.270266666666667,2.1804666666666668,2.090666666666667,2.090666666666667,2.090666666666667,2.090666666666667,2.090666666666667,2.090666666666667
277,random,unseeded,string,2,,,,,10.266333333333334,9.827733333333333,9.389133333333334,8.950533333333333,8.511933333333333,8.073333333333332,7.8174666666666655,7.561599999999999,7.3057333333333325,7.0498666666666665,6.794,6.6838,6.5736,6.463399999999999,6.353199999999999,6.242999999999999,5.823533333333333,5.404066666666666,4.9845999999999995,4.565133333333333,4.145666666666666,4.145666666666666,4.145666666666666,4.145666666666666,4.145666666666666,4.145666666666666,4.117866666666666,4.090066666666666,4.062266666666667,4.034466666666667,4.006666666666667,3.9403333333333332,3.8739999999999997,3.8076666666666665,3.741333333333333,3.6749999999999994,3.6749999999999994,3.6749999999999994,3.6749999999999994,3.6749999999999994,3.6749999999999994,3.510266666666666,3.345533333333333,3.1807999999999996,3.0160666666666662,2.8513333333333333
278,random,unseeded,string,3,,,,,10.632,10.003733333333333,9.375466666666666,8.7472,8.118933333333334,7.490666666666667,7.0402000000000005,6.589733333333333,6.139266666666667,5.6888000000000005,5.238333333333333,4.997133333333333,4.755933333333333,4.514733333333333,4.273533333333333,4.032333333333333,4.032333333333333,4.032333333333333,4.032333333333333,4.032333333333333,4.032333333333333,4.011733333333333,3.991133333333333,3.9705333333333335,3.9499333333333335,3.9293333333333336,3.9293333333333336,3.9293333333333336,3.9293333333333336,3.9293333333333336,3.9293333333333336,3.9293333333333336,3.9293333333333336,3.9293333333333336,3.9293333333333336,3.9293333333333336,3.9293333333333336,3.9293333333333336,3.9293333333333336,3.9293333333333336,3.9293333333333336,3.9293333333333336,3.9293333333333336,3.9293333333333336,3.9293333333333336,3.9293333333333336
279,random,unseeded,string,4,,,,,7.619333333333333,7.287933333333333,6.956533333333333,6.625133333333333,6.293733333333334,5.9623333333333335,5.839,5.7156666666666665,5.592333333333333,5.468999999999999,5.345666666666666,5.345666666666666,5.345666666666666,5.345666666666666,5.345666666666666,5.345666666666666,5.345666666666666,5.345666666666666,5.345666666666666,5.345666666666666,5.345666666666666,5.246333333333333,5.146999999999999,5.047666666666666,4.948333333333332,4.848999999999999,4.7943999999999996,4.7398,4.685199999999999,4.630599999999999,4.576,4.337133333333333,4.0982666666666665,3.8594,3.620533333333333,3.3816666666666664,3.2228,3.063933333333333,2.9050666666666665,2.7462,2.587333333333333,2.587333333333333,2.587333333333333,2.587333333333333,2.587333333333333,2.587333333333333
280,random,unseeded,membrane,0,,,,,5.2973333333333334,5.002466666666667,4.7076,4.412733333333334,4.117866666666667,3.8230000000000004,3.751666666666667,3.6803333333333335,3.6090000000000004,3.537666666666667,3.4663333333333335,3.2266000000000004,2.986866666666667,2.7471333333333336,2.5074000000000005,2.267666666666667,2.267666666666667,2.267666666666667,2.267666666666667,2.267666666666667,2.267666666666667,2.259866666666667,2.252066666666667,2.244266666666667,2.236466666666667,2.228666666666667,2.228666666666667,2.228666666666667,2.228666666666667,2.228666666666667,2.228666666666667,2.228666666666667,2.228666666666667,2.228666666666667,2.228666666666667,2.228666666666667,2.228666666666667,2.228666666666667,2.228666666666667,2.228666666666667,2.228666666666667,2.228666666666667,2.228666666666667,2.228666666666667,2.228666666666667,2.228666666666667
281,random,unseeded,membrane,1,,,,,4.129666666666666,3.9767999999999994,3.823933333333333,3.6710666666666665,3.5182,3.3653333333333335,3.3653333333333335,3.3653333333333335,3.3653333333333335,3.3653333333333335,3.3653333333333335,3.3653333333333335,3.3653333333333335,3.3653333333333335,3.3653333333333335,3.3653333333333335,3.3653333333333335,3.3653333333333335,3.3653333333333335,3.3653333333333335,3.3653333333333335,3.3653333333333335,3.3653333333333335,3.3653333333333335,3.3653333333333335,3.3653333333333335,3.3390666666666666,3.3128,3.2865333333333333,3.260266666666667,3.234,3.1188666666666665,3.0037333333333334,2.8886,2.7734666666666667,2.658333333333333,2.6448,2.631266666666667,2.6177333333333332,2.6042,2.590666666666667,2.3872,2.1837333333333335,1.9802666666666668,1.7768000000000002,1.5733333333333335
282,random,unseeded,membrane,2,,,,,5.599333333333334,5.288666666666667,4.978000000000001,4.667333333333334,4.356666666666667,4.046,3.7483333333333335,3.4506666666666668,3.153,2.8553333333333333,2.5576666666666665,2.389533333333333,2.2214,2.0532666666666666,1.885133333333333,1.7169999999999999,1.7169999999999999,1.7169999999999999,1.7169999999999999,1.7169999999999999,1.7169999999999999,1.7169999999999999,1.7169999999999999,1.7169999999999999,1.7169999999999999,1.7169999999999999,1.7169999999999999,1.7169999999999999,1.7169999999999999,1.7169999999999999,1.7169999999999999,1.6336,1.5502,1.4668,1.3834,1.3,1.2656,1.2312,1.1967999999999999,1.1623999999999999,1.128,1.128,1.128,1.128,1.128,1.128
283,random,unseeded,membrane,3,,,,,9.488666666666667,8.9954,8.502133333333333,8.008866666666666,7.5156,7.022333333333333,5.898,4.773666666666667,3.6493333333333338,2.5250000000000004,1.4006666666666667,1.4006666666666667,1.4006666666666667,1.4006666666666667,1.4006666666666667,1.4006666666666667,1.4006666666666667,1.4006666666666667,1.4006666666666667,1.4006666666666667,1.4006666666666667,1.4006666666666667,1.4006666666666667,1.4006666666666667,1.4006666666666667,1.4006666666666667,1.4006666666666667,1.4006666666666667,1.4006666666666667,1.4006666666666667,1.4006666666666667,1.4006666666666667,1.4006666666666667,1.4006666666666667,1.4006666666666667,1.4006666666666667,1.4006666666666667,1.4006666666666667,1.4006666666666667,1.4006666666666667,1.4006666666666667,1.4006666666666667,1.4006666666666667,1.4006666666666667,1.4006666666666667,1.4006666666666667
284,random,unseeded,membrane,4,,,,,7.202000000000001,6.8832666666666675,6.564533333333334,6.245800000000001,5.927066666666668,5.608333333333334,5.608333333333334,5.608333333333334,5.608333333333334,5.608333333333334,5.608333333333334,5.479400000000001,5.350466666666667,5.221533333333333,5.092599999999999,4.963666666666666,4.949933333333333,4.9361999999999995,4.922466666666667,4.908733333333333,4.8950000000000005,4.648533333333334,4.402066666666667,4.1556,3.909133333333333,3.6626666666666665,3.437733333333333,3.2127999999999997,2.9878666666666662,2.7629333333333332,2.538,2.4736,2.4092,2.3447999999999998,2.2803999999999998,2.2159999999999997,2.2159999999999997,2.2159999999999997,2.2159999999999997,2.2159999999999997,2.2159999999999997,2.2159999999999997,2.2159999999999997,2.2159999999999997,2.2159999999999997,2.2159999999999997
285,random,unseeded,vesicle,0,,,,,6.9353333333333325,6.092266666666666,5.2492,4.406133333333333,3.563066666666667,2.72,2.546066666666667,2.3721333333333336,2.1982,2.0242666666666667,1.8503333333333334,1.8503333333333334,1.8503333333333334,1.8503333333333334,1.8503333333333334,1.8503333333333334,1.8503333333333334,1.8503333333333334,1.8503333333333334,1.8503333333333334,1.8503333333333334,1.8503333333333334,1.8503333333333334,1.8503333333333334,1.8503333333333334,1.8503333333333334,1.7637333333333334,1.6771333333333334,1.5905333333333336,1.5039333333333336,1.4173333333333336,1.4173333333333336,1.4173333333333336,1.4173333333333336,1.4173333333333336,1.4173333333333336,1.4173333333333336,1.4173333333333336,1.4173333333333336,1.4173333333333336,1.4173333333333336,1.4173333333333336,1.4173333333333336,1.4173333333333336,1.4173333333333336,1.4173333333333336
286,random,unseeded,vesicle,1,,,,,3.66,3.66,3.66,3.66,3.66,3.66,3.5610666666666666,3.462133333333333,3.3632,3.2642666666666664,3.165333333333333,3.1431999999999998,3.121066666666666,3.098933333333333,3.0767999999999995,3.0546666666666664,2.856133333333333,2.6576,2.4590666666666667,2.260533333333333,2.062,2.062,2.062,2.062,2.062,2.062,2.062,2.062,2.062,2.062,2.062,2.062,2.062,2.062,2.062,2.062,2.062,2.062,2.062,2.062,2.062,2.062,2.062,2.062,2.062,2.062
287,random,unseeded,vesicle,2,,,,,5.061,4.820266666666667,4.579533333333333,4.3388,4.098066666666666,3.857333333333333,3.8165999999999998,3.7758666666666665,3.735133333333333,3.6944,3.6536666666666666,3.5717333333333334,3.4898000000000002,3.4078666666666666,3.3259333333333334,3.244,3.2101333333333337,3.176266666666667,3.1424000000000003,3.1085333333333334,3.074666666666667,3.074666666666667,3.074666666666667,3.074666666666667,3.074666666666667,3.074666666666667,3.074666666666667,3.074666666666667,3.074666666666667,3.074666666666667,3.074666666666667,2.9825333333333335,2.8904,2.7982666666666667,2.7061333333333337,2.6140000000000003,2.6140000000000003,2.6140000000000003,2.6140000000000003,2.6140000000000003,2.6140000000000003,2.613666666666667,2.6133333333333337,2.613,2.6126666666666667,2.6123333333333334
288,random,unseeded,vesicle,3,,,,,9.373333333333333,8.833666666666666,8.294,7.754333333333333,7.214666666666666,6.675,6.412333333333334,6.149666666666667,5.8870000000000005,5.624333333333334,5.361666666666667,5.142733333333334,4.923800000000001,4.704866666666668,4.4859333333333336,4.267,4.178000000000001,4.089,4.0,3.9110000000000005,3.8220000000000005,3.726266666666667,3.6305333333333336,3.5348,3.4390666666666667,3.3433333333333333,3.3433333333333333,3.3433333333333333,3.3433333333333333,3.3433333333333333,3.3433333333333333,3.328533333333333,3.3137333333333334,3.2989333333333333,3.2841333333333336,3.2693333333333334,3.0841333333333334,2.8989333333333334,2.7137333333333333,2.5285333333333333,2.3433333333333333,2.3433333333333333,2.3433333333333333,2.3433333333333333,2.3433333333333333,2.3433333333333333
289,random,unseeded,vesicle,4,,,,,7.961333333333333,7.132066666666667,6.3027999999999995,5.473533333333333,4.644266666666667,3.815,3.815,3.815,3.815,3.815,3.815,3.6955999999999998,3.5762,3.4568,3.3374,3.218,3.218,3.218,3.218,3.218,3.218,3.1568666666666667,3.0957333333333334,3.0345999999999997,2.9734666666666665,2.912333333333333,2.9028,2.893266666666667,2.8837333333333333,2.8742,2.864666666666667,2.8027333333333337,2.7408,2.678866666666667,2.6169333333333333,2.555,2.555,2.555,2.555,2.555,2.555,2.4848000000000003,2.4146,2.3444000000000003,2.2742,2.204
290,random,unseeded,wormlike micelle,0,,,,,3.596,3.596,3.596,3.596,3.596,3.596,3.596,3.596,3.596,3.596,3.596,3.5268,3.4576000000000002,3.3884,3.3192,3.25,3.1536666666666666,3.0573333333333332,2.961,2.8646666666666665,2.768333333333333,2.6424,2.5164666666666666,2.3905333333333334,2.2646,2.138666666666667,2.138666666666667,2.138666666666667,2.138666666666667,2.138666666666667,2.138666666666667,2.138666666666667,2.138666666666667,2.138666666666667,2.138666666666667,2.138666666666667,2.0122,1.8857333333333335,1.7592666666666668,1.6328,1.5063333333333333,1.5063333333333333,1.5063333333333333,1.5063333333333333,1.5063333333333333,1.5063333333333333
291,random,unseeded,wormlike micelle,1,,,,,9.149666666666667,8.344866666666666,7.540066666666666,6.735266666666667,5.930466666666667,5.125666666666667,4.958333333333333,4.791,4.623666666666667,4.456333333333334,4.289000000000001,4.289000000000001,4.289000000000001,4.289000000000001,4.289000000000001,4.289000000000001,4.224733333333334,4.160466666666667,4.0962000000000005,4.031933333333334,3.9676666666666667,3.9676666666666667,3.9676666666666667,3.9676666666666667,3.9676666666666667,3.9676666666666667,3.9676666666666667,3.9676666666666667,3.9676666666666667,3.9676666666666667,3.9676666666666667,3.7108666666666665,3.454066666666667,3.1972666666666667,2.9404666666666666,2.683666666666667,2.683666666666667,2.683666666666667,2.683666666666667,2.683666666666667,2.683666666666667,2.5042,2.3247333333333335,2.1452666666666667,1.9658,1.7863333333333333
292,random,unseeded,wormlike micelle,2,,,,,11.849000000000002,11.157000000000002,10.465000000000002,9.773000000000001,9.081000000000001,8.389000000000001,8.000933333333334,7.612866666666667,7.2248,6.836733333333334,6.448666666666667,5.7325333333333335,5.0164,4.300266666666667,3.5841333333333334,2.868,2.8122666666666665,2.756533333333333,2.7008,2.6450666666666667,2.5893333333333333,2.4918666666666667,2.3944,2.2969333333333335,2.1994666666666665,2.102,2.102,2.102,2.102,2.102,2.102,2.0614,2.0208,1.9801999999999997,1.9395999999999998,1.8989999999999998,1.8989999999999998,1.8989999999999998,1.8989999999999998,1.8989999999999998,1.8989999999999998,1.8989999999999998,1.8989999999999998,1.8989999999999998,1.8989999999999998,1.8989999999999998
293,random,unseeded,wormlike micelle,3,,,,,8.152,7.363999999999999,6.576,5.787999999999999,5.0,4.212,4.212,4.212,4.212,4.212,4.212,4.043466666666666,3.8749333333333333,3.7064,3.537866666666667,3.3693333333333335,3.3693333333333335,3.3693333333333335,3.3693333333333335,3.3693333333333335,3.3693333333333335,3.3693333333333335,3.3693333333333335,3.3693333333333335,3.3693333333333335,3.3693333333333335,3.3693333333333335,3.3693333333333335,3.3693333333333335,3.3693333333333335,3.3693333333333335,3.3693333333333335,3.3693333333333335,3.3693333333333335,3.3693333333333335,3.3693333333333335,3.3693333333333335,3.3693333333333335,3.3693333333333335,3.3693333333333335,3.3693333333333335,3.3693333333333335,3.3693333333333335,3.3693333333333335,3.3693333333333335,3.3693333333333335
294,random,unseeded,wormlike micelle,4,,,,,6.219000000000001,5.8660000000000005,5.513000000000001,5.16,4.807,4.454,4.2032,3.9524,3.7015999999999996,3.4507999999999996,3.1999999999999997,3.1399999999999997,3.0799999999999996,3.02,2.96,2.9,2.9,2.9,2.9,2.9,2.9,2.7480666666666664,2.5961333333333334,2.4442,2.2922666666666665,2.1403333333333334,2.0046,1.8688666666666667,1.7331333333333334,1.5974,1.4616666666666667,1.4616666666666667,1.4616666666666667,1.4616666666666667,1.4616666666666667,1.4616666666666667,1.4616666666666667,1.4616666666666667,1.4616666666666667,1.4616666666666667,1.4616666666666667,1.4616666666666667,1.4616666666666667,1.4616666666666667,1.4616666666666667,1.4616666666666667
295,random,unseeded,spherical micelle,0,,,,,7.1436666666666655,7.030666666666666,6.917666666666666,6.804666666666666,6.691666666666666,6.578666666666667,6.347066666666667,6.115466666666666,5.883866666666666,5.652266666666667,5.4206666666666665,5.4177333333333335,5.4148,5.411866666666667,5.408933333333333,5.406,5.300866666666667,5.195733333333333,5.0906,4.9854666666666665,4.880333333333334,4.7889333333333335,4.697533333333333,4.606133333333333,4.514733333333333,4.423333333333333,4.423333333333333,4.423333333333333,4.423333333333333,4.423333333333333,4.423333333333333,4.319133333333333,4.214933333333333,4.110733333333333,4.0065333333333335,3.9023333333333334,3.9023333333333334,3.9023333333333334,3.9023333333333334,3.9023333333333334,3.9023333333333334,3.9023333333333334,3.9023333333333334,3.9023333333333334,3.9023333333333334,3.9023333333333334
296,random,unseeded,spherical micelle,1,,,,,8.621,8.283133333333334,7.945266666666667,7.6074,7.269533333333334,6.9316666666666675,6.634,6.336333333333333,6.038666666666666,5.741,5.4433333333333325,5.294599999999999,5.145866666666666,4.997133333333333,4.8484,4.699666666666666,4.699666666666666,4.699666666666666,4.699666666666666,4.699666666666666,4.699666666666666,4.699666666666666,4.699666666666666,4.699666666666666,4.699666666666666,4.699666666666666,4.627466666666666,4.555266666666666,4.483066666666666,4.410866666666666,4.338666666666666,4.338666666666666,4.338666666666666,4.338666666666666,4.338666666666666,4.338666666666666,4.3099333333333325,4.281199999999999,4.252466666666667,4.223733333333334,4.195,4.195,4.195,4.195,4.195,4.195
297,random,unseeded,spherical micelle,2,,,,,11.323333333333332,10.358866666666666,9.3944,8.429933333333334,7.465466666666667,6.501,6.250666666666667,6.000333333333334,5.75,5.499666666666666,5.249333333333333,5.079533333333333,4.9097333333333335,4.739933333333333,4.570133333333334,4.400333333333333,4.400333333333333,4.400333333333333,4.400333333333333,4.400333333333333,4.400333333333333,4.400333333333333,4.400333333333333,4.400333333333333,4.400333333333333,4.400333333333333,4.351533333333333,4.302733333333333,4.253933333333333,4.205133333333333,4.156333333333333,4.156333333333333,4.156333333333333,4.156333333333333,4.156333333333333,4.156333333333333,4.119133333333334,4.081933333333334,4.044733333333333,4.007533333333334,3.970333333333334,3.970333333333334,3.970333333333334,3.970333333333334,3.970333333333334,3.970333333333334
298,random,unseeded,spherical micelle,3,,,,,5.911333333333334,5.517866666666667,5.1244000000000005,4.7309333333333345,4.337466666666668,3.9440000000000004,3.9440000000000004,3.9440000000000004,3.9440000000000004,3.9440000000000004,3.9440000000000004,3.9440000000000004,3.9440000000000004,3.9440000000000004,3.9440000000000004,3.9440000000000004,3.8657333333333335,3.787466666666667,3.7092,3.6309333333333336,3.5526666666666666,3.4564666666666666,3.3602666666666665,3.2640666666666664,3.167866666666667,3.0716666666666668,3.0716666666666668,3.0716666666666668,3.0716666666666668,3.0716666666666668,3.0716666666666668,3.0716666666666668,3.0716666666666668,3.0716666666666668,3.0716666666666668,3.0716666666666668,3.0716666666666668,3.0716666666666668,3.0716666666666668,3.0716666666666668,3.0716666666666668,3.0716666666666668,3.0716666666666668,3.0716666666666668,3.0716666666666668,3.0716666666666668
299,random,unseeded,spherical micelle,4,,,,,6.711666666666667,6.670466666666667,6.629266666666667,6.588066666666667,6.546866666666667,6.505666666666667,6.0911333333333335,5.6766000000000005,5.262066666666667,4.847533333333333,4.433,4.1732,3.9133999999999998,3.6536,3.3937999999999997,3.134,2.9774,2.8207999999999998,2.6642,2.5076,2.351,2.351,2.351,2.351,2.351,2.351,2.351,2.351,2.351,2.351,2.351,2.1662666666666666,1.9815333333333334,1.7968,1.6120666666666668,1.4273333333333333,1.4273333333333333,1.4273333333333333,1.4273333333333333,1.4273333333333333,1.4273333333333333,1.4273333333333333,1.4273333333333333,1.4273333333333333,1.4273333333333333,1.4273333333333333
