,Experiment,Seed Type,Morphology,Replica,topkd after 1 Labels,topkd after 2 Labels,topkd after 3 Labels,topkd after 4 Labels,topkd after 5 Labels,topkd after 6 Labels,topkd after 7 Labels,topkd after 8 Labels,topkd after 9 Labels,topkd after 10 Labels,topkd after 11 Labels,topkd after 12 Labels,topkd after 13 Labels,topkd after 14 Labels,topkd after 15 Labels,topkd after 16 Labels,topkd after 17 Labels,topkd after 18 Labels,topkd after 19 Labels,topkd after 20 Labels,topkd after 21 Labels,topkd after 22 Labels,topkd after 23 Labels,topkd after 24 Labels,topkd after 25 Labels,topkd after 26 Labels,topkd after 27 Labels,topkd after 28 Labels,topkd after 29 Labels,topkd after 30 Labels,topkd after 31 Labels,topkd after 32 Labels,topkd after 33 Labels,topkd after 34 Labels,topkd after 35 Labels,topkd after 36 Labels,topkd after 37 Labels,topkd after 38 Labels,topkd after 39 Labels,topkd after 40 Labels,topkd after 41 Labels,topkd after 42 Labels,topkd after 43 Labels,topkd after 44 Labels,topkd after 45 Labels,topkd after 46 Labels,topkd after 47 Labels,topkd after 48 Labels,topkd after 49 Labels,topkd after 50 Labels
0,oracle,seeded,liquid,0,,,,,11.443999999999997,8.84408333333333,6.244166666666665,3.6442499999999987,1.0443333333333333,0.9233333333333333,0.8023333333333333,0.6813333333333333,0.5603333333333333,0.43933333333333335,0.41126666666666667,0.3832,0.3551333333333333,0.32706666666666667,0.299,0.2834,0.2678,0.2522,0.2366,0.221,0.221,0.221,0.221,0.221,0.221,0.221,0.221,0.221,0.221,0.221,0.21993333333333334,0.21886666666666668,0.2178,0.21673333333333333,0.21566666666666667,0.21566666666666667,0.21566666666666667,0.21566666666666667,0.21566666666666667,0.21566666666666667,0.21566666666666667,0.21566666666666667,0.21566666666666667,0.21566666666666667,0.21566666666666667,0.21566666666666667
1,oracle,seeded,liquid,1,,,,,15.639666666666665,11.990833333333331,8.341999999999999,4.693166666666665,1.0443333333333333,0.9233333333333333,0.8023333333333333,0.6813333333333333,0.5603333333333333,0.43933333333333335,0.43933333333333335,0.43933333333333335,0.43933333333333335,0.43933333333333335,0.43933333333333335,0.43933333333333335,0.43933333333333335,0.43933333333333335,0.43933333333333335,0.43933333333333335,0.43933333333333335,0.43933333333333335,0.43933333333333335,0.43933333333333335,0.43933333333333335,0.43933333333333335,0.43933333333333335,0.43933333333333335,0.43933333333333335,0.43933333333333335,0.43933333333333335,0.43933333333333335,0.43933333333333335,0.43933333333333335,0.43933333333333335,0.4196666666666667,0.4,0.38033333333333336,0.3606666666666667,0.341,0.341,0.341,0.341,0.341,0.341,0.341
2,oracle,seeded,liquid,2,,,,,7.6176666666666675,5.904416666666667,4.191166666666668,2.477916666666667,0.7646666666666667,0.7188,0.6729333333333334,0.6270666666666667,0.5811999999999999,0.5353333333333333,0.5353333333333333,0.5353333333333333,0.5353333333333333,0.5353333333333333,0.5353333333333333,0.5353333333333333,0.5353333333333333,0.5353333333333333,0.5353333333333333,0.5353333333333333,0.5353333333333333,0.5353333333333333,0.5353333333333333,0.5353333333333333,0.5353333333333333,0.5111333333333333,0.48693333333333333,0.46273333333333333,0.4385333333333333,0.4143333333333333,0.39959999999999996,0.38486666666666663,0.3701333333333333,0.3554,0.3406666666666667,0.3406666666666667,0.3406666666666667,0.3406666666666667,0.3406666666666667,0.3406666666666667,0.3406666666666667,0.3406666666666667,0.3406666666666667,0.3406666666666667,0.3406666666666667,0.3406666666666667
3,oracle,seeded,liquid,3,,,,,9.373666666666667,7.238416666666667,5.103166666666667,2.9679166666666665,0.8326666666666668,0.7814666666666668,0.7302666666666667,0.6790666666666667,0.6278666666666667,0.5766666666666667,0.5594,0.5421333333333334,0.5248666666666667,0.5076,0.49033333333333334,0.49033333333333334,0.49033333333333334,0.49033333333333334,0.49033333333333334,0.49033333333333334,0.49033333333333334,0.49033333333333334,0.49033333333333334,0.49033333333333334,0.49033333333333334,0.4716,0.4528666666666667,0.43413333333333337,0.4154,0.39666666666666667,0.395,0.39333333333333337,0.39166666666666666,0.39,0.38833333333333336,0.38833333333333336,0.38833333333333336,0.38833333333333336,0.38833333333333336,0.38833333333333336,0.38833333333333336,0.38833333333333336,0.38833333333333336,0.38833333333333336,0.38833333333333336,0.38833333333333336
4,oracle,seeded,liquid,4,,,,,9.472333333333333,7.295416666666666,5.1185,2.941583333333334,0.7646666666666667,0.7188,0.6729333333333334,0.6270666666666667,0.5811999999999999,0.5353333333333333,0.5194666666666666,0.5035999999999999,0.4877333333333333,0.47186666666666666,0.45599999999999996,0.4118666666666666,0.3677333333333333,0.3236,0.27946666666666664,0.2353333333333333,0.2353333333333333,0.2353333333333333,0.2353333333333333,0.2353333333333333,0.2353333333333333,0.2353333333333333,0.2353333333333333,0.2353333333333333,0.2353333333333333,0.2353333333333333,0.2353333333333333,0.2353333333333333,0.2353333333333333,0.2353333333333333,0.2353333333333333,0.2353333333333333,0.2353333333333333,0.2353333333333333,0.2353333333333333,0.2353333333333333,0.2353333333333333,0.2353333333333333,0.2353333333333333,0.2353333333333333,0.2353333333333333,0.2353333333333333
5,oracle,seeded,string,0,,,,,6.743666666666667,5.38525,4.026833333333333,2.6684166666666664,1.31,1.1088,0.9076000000000001,0.7064000000000001,0.5052000000000001,0.304,0.304,0.304,0.304,0.304,0.304,0.304,0.304,0.304,0.304,0.304,0.304,0.304,0.304,0.304,0.304,0.2961333333333333,0.28826666666666667,0.2804,0.27253333333333335,0.26466666666666666,0.2563333333333333,0.248,0.23966666666666667,0.23133333333333334,0.223,0.223,0.223,0.223,0.223,0.223,0.223,0.223,0.223,0.223,0.223,0.2178
6,oracle,seeded,string,1,,,,,3.669333333333333,3.294083333333333,2.918833333333333,2.5435833333333333,2.1683333333333334,2.1683333333333334,2.1683333333333334,2.1683333333333334,2.1683333333333334,2.1683333333333334,2.1683333333333334,2.1683333333333334,2.1683333333333334,2.1683333333333334,2.1683333333333334,2.0684666666666667,1.9686,1.8687333333333331,1.7688666666666666,1.6689999999999998,1.5329333333333333,1.3968666666666665,1.2608,1.1247333333333334,0.9886666666666667,0.9100666666666667,0.8314666666666667,0.7528666666666667,0.6742666666666667,0.5956666666666667,0.5634666666666667,0.5312666666666667,0.4990666666666667,0.4668666666666667,0.4346666666666667,0.4346666666666667,0.4346666666666667,0.4346666666666667,0.4346666666666667,0.4346666666666667,0.4066,0.37853333333333333,0.3504666666666667,0.3224,0.29433333333333334,0.2876666666666667
7,oracle,seeded,string,2,,,,,7.3806666666666665,5.939583333333333,4.4985,3.0574166666666667,1.6163333333333334,1.4444000000000001,1.2724666666666669,1.1005333333333334,0.9286000000000001,0.7566666666666667,0.7392666666666667,0.7218666666666667,0.7044666666666667,0.6870666666666666,0.6696666666666666,0.6696666666666666,0.6696666666666666,0.6696666666666666,0.6696666666666666,0.6696666666666666,0.6696666666666666,0.6696666666666666,0.6696666666666666,0.6696666666666666,0.6696666666666666,0.6696666666666666,0.6696666666666666,0.6696666666666666,0.6696666666666666,0.6696666666666666,0.6496666666666666,0.6296666666666666,0.6096666666666667,0.5896666666666667,0.5696666666666667,0.5384,0.5071333333333333,0.47586666666666666,0.4446,0.41333333333333333,0.4028,0.39226666666666665,0.3817333333333333,0.3712,0.36066666666666664,0.3491333333333333
8,oracle,seeded,string,3,,,,,7.906999999999999,6.25775,4.608499999999999,2.95925,1.31,1.1208,0.9316000000000001,0.7424000000000002,0.5532000000000001,0.36400000000000005,0.3470666666666667,0.3301333333333334,0.31320000000000003,0.2962666666666667,0.2793333333333334,0.2793333333333334,0.2793333333333334,0.2793333333333334,0.2793333333333334,0.2793333333333334,0.2793333333333334,0.2793333333333334,0.2793333333333334,0.2793333333333334,0.2793333333333334,0.2793333333333334,0.2793333333333334,0.2793333333333334,0.2793333333333334,0.2793333333333334,0.2793333333333334,0.2793333333333334,0.2793333333333334,0.2793333333333334,0.2793333333333334,0.2793333333333334,0.2793333333333334,0.2793333333333334,0.2793333333333334,0.2793333333333334,0.2793333333333334,0.2793333333333334,0.2793333333333334,0.2793333333333334,0.2793333333333334,0.27253333333333335
9,oracle,seeded,string,4,,,,,5.104333333333333,4.370333333333333,3.636333333333333,2.9023333333333334,2.1683333333333334,2.1683333333333334,2.1683333333333334,2.1683333333333334,2.1683333333333334,2.1683333333333334,2.1683333333333334,2.1683333333333334,2.1683333333333334,2.1683333333333334,2.1683333333333334,1.9439333333333335,1.7195333333333334,1.4951333333333334,1.2707333333333333,1.0463333333333333,0.957,0.8676666666666667,0.7783333333333333,0.6890000000000001,0.5996666666666667,0.4975833333333334,0.3955,0.29341666666666666,0.19133333333333336,0.19133333333333336,0.19133333333333336,0.19133333333333336,0.19133333333333336,0.19133333333333336,0.19133333333333336,0.19133333333333336,0.19133333333333336,0.19133333333333336,0.19133333333333336,0.19133333333333336,0.19133333333333336,0.19133333333333336,0.19133333333333336,0.19133333333333336,0.19133333333333336,0.19133333333333336
10,oracle,seeded,membrane,0,,,,,7.82,6.898133333333334,5.976266666666667,5.0544,4.132533333333333,3.210666666666667,2.944866666666667,2.679066666666667,2.413266666666667,2.1474666666666664,1.8816666666666666,1.8816666666666666,1.8816666666666666,1.8816666666666666,1.8816666666666666,1.7857333333333332,1.6898,1.5938666666666665,1.4979333333333331,1.402,1.3292666666666666,1.2565333333333333,1.1838,1.1110666666666666,1.0383333333333333,1.0383333333333333,1.0383333333333333,1.0383333333333333,1.0383333333333333,1.0383333333333333,0.9745333333333334,0.9107333333333333,0.8469333333333333,0.7831333333333332,0.7193333333333333,0.7193333333333333,0.7193333333333333,0.7193333333333333,0.7193333333333333,0.7193333333333333,0.7193333333333333,0.7193333333333333,0.7193333333333333,0.7193333333333333,0.7193333333333333,0.7193333333333333
11,oracle,seeded,membrane,1,,,,,8.726666666666667,7.747916666666667,6.769166666666667,5.790416666666666,4.8116666666666665,4.1434,3.4751333333333334,2.806866666666667,2.1386000000000003,1.4703333333333333,1.4703333333333333,1.4703333333333333,1.4703333333333333,1.4703333333333333,1.4703333333333333,1.2711999999999999,1.0720666666666667,0.8729333333333333,0.6738,0.4746666666666666,0.4746666666666666,0.4746666666666666,0.4746666666666666,0.4746666666666666,0.4746666666666666,0.4746666666666666,0.4746666666666666,0.4746666666666666,0.4746666666666666,0.4746666666666666,0.4746666666666666,0.4746666666666666,0.4746666666666666,0.4746666666666666,0.4746666666666666,0.4746666666666666,0.4746666666666666,0.4746666666666666,0.4746666666666666,0.4746666666666666,0.4746666666666666,0.4746666666666666,0.4746666666666666,0.4746666666666666,0.4746666666666666,0.4664
12,oracle,seeded,membrane,2,,,,,9.667333333333334,7.56975,5.472166666666666,3.374583333333333,1.277,1.2022666666666666,1.1275333333333333,1.0528,0.9780666666666666,0.9033333333333333,0.8475333333333334,0.7917333333333333,0.7359333333333333,0.6801333333333333,0.6243333333333333,0.6046666666666666,0.585,0.5653333333333332,0.5456666666666666,0.5259999999999999,0.5259999999999999,0.5259999999999999,0.5259999999999999,0.5259999999999999,0.5259999999999999,0.5259999999999999,0.5259999999999999,0.5259999999999999,0.5259999999999999,0.5259999999999999,0.5259999999999999,0.5259999999999999,0.5259999999999999,0.5259999999999999,0.5259999999999999,0.5259999999999999,0.5259999999999999,0.5259999999999999,0.5259999999999999,0.5259999999999999,0.5259999999999999,0.5259999999999999,0.5259999999999999,0.5259999999999999,0.5259999999999999,0.5259999999999999
13,oracle,seeded,membrane,3,,,,,10.298,8.926416666666666,7.554833333333333,6.18325,4.8116666666666665,4.245533333333333,3.6794,3.113266666666666,2.547133333333333,1.9809999999999999,1.8416,1.7022,1.5628,1.4234,1.284,1.1768,1.0695999999999999,0.9623999999999999,0.8552,0.7479999999999999,0.7479999999999999,0.7479999999999999,0.7479999999999999,0.7479999999999999,0.7479999999999999,0.6946666666666665,0.6413333333333333,0.588,0.5346666666666666,0.48133333333333334,0.48133333333333334,0.48133333333333334,0.48133333333333334,0.48133333333333334,0.48133333333333334,0.48133333333333334,0.48133333333333334,0.48133333333333334,0.48133333333333334,0.48133333333333334,0.48133333333333334,0.48133333333333334,0.48133333333333334,0.48133333333333334,0.48133333333333334,0.48133333333333334
14,oracle,seeded,membrane,4,,,,,5.488333333333333,5.097416666666667,4.7065,4.3155833333333335,3.924666666666667,3.6138000000000003,3.3029333333333337,2.9920666666666667,2.6812,2.3703333333333334,2.2667333333333333,2.163133333333333,2.0595333333333334,1.9559333333333333,1.8523333333333332,1.6518666666666666,1.4514,1.2509333333333332,1.0504666666666667,0.85,0.8214,0.7928,0.7642,0.7355999999999999,0.707,0.707,0.707,0.707,0.707,0.707,0.6598666666666666,0.6127333333333334,0.5656,0.5184666666666666,0.4713333333333333,0.4713333333333333,0.4713333333333333,0.4713333333333333,0.4713333333333333,0.4713333333333333,0.4713333333333333,0.4713333333333333,0.4713333333333333,0.4713333333333333,0.4713333333333333,0.4713333333333333
15,oracle,seeded,vesicle,0,,,,,6.516666666666667,5.87575,5.2348333333333334,4.593916666666667,3.953,3.3566,2.7602,2.1638,1.5674000000000001,0.9710000000000001,0.9567333333333334,0.9424666666666667,0.9282,0.9139333333333333,0.8996666666666666,0.8996666666666666,0.8996666666666666,0.8996666666666666,0.8996666666666666,0.8996666666666666,0.8715999999999999,0.8435333333333332,0.8154666666666666,0.7874,0.7593333333333333,0.7593333333333333,0.7593333333333333,0.7593333333333333,0.7593333333333333,0.7593333333333333,0.7591333333333333,0.7589333333333333,0.7587333333333333,0.7585333333333333,0.7583333333333333,0.7583333333333333,0.7583333333333333,0.7583333333333333,0.7583333333333333,0.7583333333333333,0.7583333333333333,0.7583333333333333,0.7583333333333333,0.7583333333333333,0.7583333333333333,0.7583333333333333
16,oracle,seeded,vesicle,1,,,,,10.893666666666666,9.963416666666667,9.033166666666666,8.102916666666667,7.172666666666667,6.6542,6.1357333333333335,5.617266666666667,5.0988,4.580333333333333,4.1606,3.7408666666666663,3.3211333333333335,2.9014,2.481666666666667,2.481666666666667,2.481666666666667,2.481666666666667,2.481666666666667,2.481666666666667,2.481666666666667,2.481666666666667,2.481666666666667,2.481666666666667,2.481666666666667,2.305266666666667,2.1288666666666667,1.9524666666666668,1.7760666666666667,1.5996666666666666,1.5996666666666666,1.5996666666666666,1.5996666666666666,1.5996666666666666,1.5996666666666666,1.4968666666666666,1.3940666666666666,1.2912666666666666,1.1884666666666668,1.0856666666666668,1.0530000000000002,1.0203333333333333,0.9876666666666667,0.9550000000000001,0.9223333333333333,0.8644666666666667
17,oracle,seeded,vesicle,2,,,,,7.623,6.782444444444445,5.941888888888889,5.101333333333334,4.463266666666667,3.8252,3.1871333333333336,2.5490666666666666,1.9109999999999998,1.7423333333333333,1.5736666666666665,1.405,1.2363333333333335,1.0676666666666668,1.0342,1.0007333333333333,0.9672666666666666,0.9338,0.9003333333333332,0.9003333333333332,0.9003333333333332,0.9003333333333332,0.9003333333333332,0.9003333333333332,0.9003333333333332,0.9003333333333332,0.9003333333333332,0.9003333333333332,0.9003333333333332,0.8590666666666665,0.8177999999999999,0.7765333333333333,0.7352666666666666,0.694,0.694,0.694,0.694,0.694,0.694,0.694,0.694,0.694,0.694,0.694,0.694,0.694
18,oracle,seeded,vesicle,3,,,,,7.689666666666667,6.923222222222222,6.156777777777778,5.390333333333333,4.6816,3.9728666666666665,3.2641333333333336,2.5554,1.8466666666666667,1.6703999999999999,1.4941333333333333,1.3178666666666667,1.1416,0.9653333333333333,0.8733333333333333,0.7813333333333332,0.6893333333333332,0.5973333333333333,0.5053333333333333,0.5053333333333333,0.5053333333333333,0.5053333333333333,0.5053333333333333,0.5053333333333333,0.5053333333333333,0.5053333333333333,0.5053333333333333,0.5053333333333333,0.5053333333333333,0.5053333333333333,0.5053333333333333,0.5053333333333333,0.5053333333333333,0.5053333333333333,0.5053333333333333,0.5053333333333333,0.5053333333333333,0.5053333333333333,0.5053333333333333,0.47319999999999995,0.44106666666666666,0.4089333333333333,0.3768,0.3446666666666667,0.3446666666666667,0.3446666666666667
19,oracle,seeded,vesicle,4,,,,,4.519333333333333,3.860444444444444,3.2015555555555553,2.542666666666667,2.4391333333333334,2.3356000000000003,2.232066666666667,2.128533333333334,2.0250000000000004,1.842666666666667,1.6603333333333334,1.4780000000000002,1.2956666666666667,1.1133333333333333,1.0764666666666667,1.0395999999999999,1.0027333333333333,0.9658666666666667,0.9289999999999999,0.9115333333333333,0.8940666666666667,0.8765999999999999,0.8591333333333333,0.8416666666666667,0.8416666666666667,0.8416666666666667,0.8416666666666667,0.8416666666666667,0.8416666666666667,0.8416666666666667,0.8416666666666667,0.8416666666666667,0.8416666666666667,0.8416666666666667,0.8416666666666667,0.8416666666666667,0.8416666666666667,0.8416666666666667,0.8416666666666667,0.8080666666666667,0.7744666666666666,0.7408666666666667,0.7072666666666667,0.6736666666666666,0.6673333333333333,0.661
20,oracle,seeded,wormlike micelle,0,,,,,9.193333333333333,8.680133333333334,8.166933333333333,7.653733333333333,7.140533333333334,6.6273333333333335,6.6055,6.583666666666667,6.561833333333333,6.54,5.963666666666667,5.387333333333333,4.811,4.234666666666667,3.658333333333333,3.2494666666666667,2.8406,2.4317333333333333,2.0228666666666664,1.614,1.614,1.614,1.614,1.614,1.614,1.5881333333333334,1.5622666666666667,1.5364,1.5105333333333333,1.4846666666666666,1.4207999999999998,1.3569333333333333,1.2930666666666666,1.2292,1.1653333333333333,1.1653333333333333,1.1653333333333333,1.1653333333333333,1.1653333333333333,1.1653333333333333,1.0977333333333332,1.0301333333333333,0.9625333333333334,0.8949333333333334,0.8273333333333334,0.8273333333333334
21,oracle,seeded,wormlike micelle,1,,,,,3.321,3.035,2.749,2.463,2.177,2.1411333333333333,2.1052666666666666,2.0694,2.033533333333333,1.9976666666666667,1.8118666666666667,1.6260666666666665,1.4402666666666666,1.2544666666666666,1.0686666666666667,1.0686666666666667,1.0686666666666667,1.0686666666666667,1.0686666666666667,1.0686666666666667,0.9363333333333334,0.804,0.6716666666666666,0.5393333333333333,0.40700000000000003,0.3758,0.3446,0.3134,0.28219999999999995,0.25099999999999995,0.23979999999999996,0.22859999999999997,0.21739999999999998,0.20619999999999997,0.19499999999999998,0.19499999999999998,0.19499999999999998,0.19499999999999998,0.19499999999999998,0.19499999999999998,0.19499999999999998,0.19499999999999998,0.19499999999999998,0.19499999999999998,0.19499999999999998,0.19499999999999998
22,oracle,seeded,wormlike micelle,2,,,,,11.299000000000001,10.218583333333335,9.138166666666667,8.05775,6.977333333333333,6.273533333333333,5.569733333333334,4.865933333333333,4.162133333333333,3.4583333333333335,3.417666666666667,3.3770000000000002,3.3363333333333336,3.295666666666667,3.2550000000000003,2.7365333333333335,2.218066666666667,1.6996000000000002,1.1811333333333334,0.6626666666666666,0.6626666666666666,0.6626666666666666,0.6626666666666666,0.6626666666666666,0.6626666666666666,0.6274,0.5921333333333333,0.5568666666666666,0.5216000000000001,0.48633333333333334,0.48633333333333334,0.48633333333333334,0.48633333333333334,0.48633333333333334,0.48633333333333334,0.48573333333333335,0.48513333333333336,0.48453333333333337,0.4839333333333334,0.4833333333333334,0.47966666666666674,0.47600000000000003,0.4723333333333334,0.4686666666666667,0.465,0.4160666666666667
23,oracle,seeded,wormlike micelle,3,,,,,10.602666666666666,9.696333333333333,8.79,7.883666666666667,6.977333333333333,6.289933333333333,5.602533333333334,4.915133333333333,4.227733333333333,3.540333333333333,3.1797999999999997,2.8192666666666666,2.458733333333333,2.0982,1.7376666666666667,1.5738,1.4099333333333335,1.2460666666666667,1.0822,0.9183333333333333,0.8634666666666667,0.8086,0.7537333333333334,0.6988666666666667,0.644,0.644,0.644,0.644,0.644,0.644,0.5952666666666667,0.5465333333333333,0.4978,0.4490666666666667,0.4003333333333334,0.4003333333333334,0.4003333333333334,0.4003333333333334,0.4003333333333334,0.4003333333333334,0.4003333333333334,0.4003333333333334,0.4003333333333334,0.4003333333333334,0.4003333333333334,0.3874666666666667
24,oracle,seeded,wormlike micelle,4,,,,,9.659333333333334,8.97175,8.284166666666668,7.596583333333333,6.909,6.474466666666666,6.039933333333333,5.6053999999999995,5.170866666666667,4.7363333333333335,4.3002,3.864066666666667,3.4279333333333333,2.9918,2.5556666666666668,2.515,2.4743333333333335,2.433666666666667,2.3930000000000002,2.3523333333333336,2.0438,1.735266666666667,1.4267333333333334,1.1182,0.8096666666666668,0.8096666666666668,0.8096666666666668,0.8096666666666668,0.8096666666666668,0.8096666666666668,0.8096666666666668,0.8096666666666668,0.8096666666666668,0.8096666666666668,0.8096666666666668,0.8096666666666668,0.8096666666666668,0.8096666666666668,0.8096666666666668,0.8096666666666668,0.8096666666666668,0.8096666666666668,0.8096666666666668,0.8096666666666668,0.8096666666666668,0.7703333333333334
25,oracle,seeded,spherical micelle,0,,,,,6.540666666666667,5.7665,4.992333333333334,4.218166666666667,3.4440000000000004,3.2151333333333336,2.986266666666667,2.7574,2.5285333333333333,2.2996666666666665,2.0806666666666667,1.8616666666666666,1.6426666666666665,1.4236666666666666,1.2046666666666666,1.1289333333333333,1.0532,0.9774666666666666,0.9017333333333333,0.826,0.7717333333333333,0.7174666666666667,0.6632,0.6089333333333333,0.5546666666666668,0.5505333333333334,0.5464000000000001,0.5422666666666667,0.5381333333333334,0.534,0.5043333333333333,0.4746666666666667,0.445,0.41533333333333333,0.38566666666666666,0.38566666666666666,0.38566666666666666,0.38566666666666666,0.38566666666666666,0.38566666666666666,0.3618,0.3379333333333333,0.31406666666666666,0.2902,0.2663333333333333,0.2663333333333333
26,oracle,seeded,spherical micelle,1,,,,,5.720666666666666,5.116833333333333,4.513,3.9091666666666667,3.3053333333333335,3.2063333333333333,3.107333333333333,3.008333333333333,2.909333333333333,2.810333333333333,2.7579999999999996,2.7056666666666667,2.6533333333333333,2.6010000000000004,2.548666666666667,2.3454,2.1421333333333337,1.9388666666666667,1.7355999999999998,1.532333333333333,1.3574666666666664,1.1825999999999999,1.0077333333333334,0.8328666666666666,0.658,0.658,0.658,0.658,0.658,0.658,0.628,0.598,0.5680000000000001,0.538,0.508,0.5055333333333334,0.5030666666666667,0.5006,0.4981333333333334,0.4956666666666667,0.4656,0.43553333333333333,0.40546666666666664,0.3754,0.3453333333333333,0.3453333333333333
27,oracle,seeded,spherical micelle,2,,,,,7.448333333333333,6.703833333333334,5.959333333333333,5.214833333333333,4.4703333333333335,3.998666666666667,3.527,3.055333333333333,2.5836666666666663,2.4552666666666663,2.326866666666666,2.1984666666666666,2.0700666666666665,1.9416666666666664,1.8525333333333331,1.7633999999999999,1.6742666666666666,1.5851333333333335,1.4960000000000002,1.4960000000000002,1.4960000000000002,1.4960000000000002,1.4960000000000002,1.4960000000000002,1.4960000000000002,1.4960000000000002,1.4960000000000002,1.4960000000000002,1.4960000000000002,1.4960000000000002,1.4960000000000002,1.4960000000000002,1.4960000000000002,1.4960000000000002,1.4914000000000003,1.4868000000000001,1.4822000000000002,1.4776,1.473,1.3781333333333334,1.2832666666666668,1.1884000000000001,1.0935333333333332,0.9986666666666667,0.9577333333333333,0.9168
28,oracle,seeded,spherical micelle,3,,,,,5.917333333333333,5.124999999999999,4.332666666666666,3.540333333333333,2.7479999999999998,2.477933333333333,2.2078666666666664,1.9378,1.6677333333333333,1.3976666666666666,1.3334666666666666,1.2692666666666668,1.2050666666666667,1.1408666666666667,1.0766666666666669,1.0304666666666669,0.9842666666666668,0.9380666666666668,0.8918666666666667,0.8456666666666667,0.7596666666666667,0.6736666666666666,0.5876666666666667,0.5016666666666667,0.41566666666666663,0.3834666666666666,0.3512666666666666,0.31906666666666667,0.28686666666666666,0.25466666666666665,0.25466666666666665,0.25466666666666665,0.25466666666666665,0.25466666666666665,0.25466666666666665,0.25466666666666665,0.25466666666666665,0.25466666666666665,0.25466666666666665,0.25466666666666665,0.25466666666666665,0.25466666666666665,0.25466666666666665,0.25466666666666665,0.25466666666666665,0.25466666666666665
29,oracle,seeded,spherical micelle,4,,,,,9.670333333333332,8.078833333333332,6.487333333333333,4.895833333333334,3.3043333333333336,2.816666666666667,2.329,1.8413333333333335,1.3536666666666668,0.866,0.8619333333333333,0.8578666666666667,0.8538,0.8497333333333333,0.8456666666666667,0.7771333333333333,0.7086,0.6400666666666667,0.5715333333333333,0.503,0.49066666666666664,0.47833333333333333,0.46599999999999997,0.45366666666666666,0.4413333333333333,0.43,0.4186666666666667,0.4073333333333333,0.396,0.3846666666666667,0.3846666666666667,0.3846666666666667,0.3846666666666667,0.3846666666666667,0.3846666666666667,0.3846666666666667,0.3846666666666667,0.3846666666666667,0.3846666666666667,0.3846666666666667,0.3846666666666667,0.3846666666666667,0.3846666666666667,0.3846666666666667,0.3846666666666667,0.3846666666666667
30,oracle,unseeded,liquid,0,,,,,11.443999999999997,10.675999999999998,9.907999999999998,9.139999999999999,8.372,7.603999999999999,7.1453999999999995,6.6868,6.228199999999999,5.7696,5.311,4.8368,4.3626,3.8884,3.4142,2.94,2.9241333333333333,2.9082666666666666,2.8924,2.876533333333333,2.8606666666666665,2.8606666666666665,2.8606666666666665,2.8606666666666665,2.8606666666666665,2.8606666666666665,2.5866666666666664,2.3126666666666664,2.038666666666667,1.7646666666666666,1.4906666666666666,1.3941333333333332,1.2975999999999999,1.2010666666666667,1.1045333333333334,1.008,1.008,1.008,1.008,1.008,1.008,1.008,1.008,1.008,1.008,1.008
31,oracle,unseeded,liquid,1,,,,,12.865666666666664,12.513666666666664,12.161666666666664,11.809666666666665,11.457666666666665,11.105666666666664,10.75553333333333,10.405399999999998,10.055266666666665,9.705133333333333,9.354999999999999,8.861266666666666,8.367533333333332,7.873799999999999,7.380066666666666,6.886333333333333,6.763599999999999,6.640866666666666,6.518133333333333,6.3953999999999995,6.272666666666666,5.8496,5.426533333333333,5.003466666666666,4.5804,4.157333333333334,3.756266666666667,3.3552,2.9541333333333335,2.5530666666666666,2.1519999999999997,1.7916666666666665,1.4313333333333331,1.0709999999999997,0.7106666666666666,0.3503333333333334,0.34940000000000004,0.3484666666666667,0.3475333333333333,0.34659999999999996,0.3456666666666666,0.3456666666666666,0.3456666666666666,0.3456666666666666,0.3456666666666666,0.3456666666666666
32,oracle,unseeded,liquid,2,,,,,7.6176666666666675,7.5920000000000005,7.566333333333334,7.5406666666666675,7.515000000000001,7.489333333333334,7.021333333333334,6.553333333333334,6.085333333333334,5.617333333333334,5.149333333333334,4.9914000000000005,4.833466666666667,4.675533333333333,4.5176,4.359666666666667,4.2988,4.237933333333333,4.177066666666667,4.1162,4.0553333333333335,4.036533333333334,4.017733333333333,3.9989333333333335,3.9801333333333337,3.9613333333333336,3.9613333333333336,3.9613333333333336,3.9613333333333336,3.9613333333333336,3.9613333333333336,3.7479333333333336,3.5345333333333335,3.3211333333333335,3.1077333333333335,2.8943333333333334,2.6832666666666665,2.4722,2.2611333333333334,2.0500666666666665,1.8389999999999997,1.7682666666666664,1.6975333333333331,1.6267999999999998,1.5560666666666665,1.4853333333333332
33,oracle,unseeded,liquid,3,,,,,8.752333333333333,8.426533333333332,8.100733333333332,7.774933333333332,7.449133333333332,7.123333333333332,6.995666666666666,6.867999999999999,6.740333333333332,6.612666666666666,6.484999999999999,5.913083333333333,5.341166666666666,4.7692499999999995,4.197333333333333,3.856333333333333,3.515333333333333,3.1743333333333332,2.833333333333333,2.4923333333333333,2.1428666666666665,1.7934,1.4439333333333333,1.0944666666666667,0.745,0.7051999999999999,0.6654,0.6255999999999999,0.5857999999999999,0.5459999999999999,0.5459999999999999,0.5459999999999999,0.5459999999999999,0.5459999999999999,0.5459999999999999,0.5459999999999999,0.5459999999999999,0.5459999999999999,0.5459999999999999,0.5459999999999999,0.4946666666666666,0.44333333333333325,0.39199999999999996,0.3406666666666666,0.2893333333333333,0.2734
34,oracle,unseeded,liquid,4,,,,,9.075666666666667,9.075666666666667,9.075666666666667,9.075666666666667,9.075666666666667,9.075666666666667,9.075666666666667,9.075666666666667,9.075666666666667,9.075666666666667,9.075666666666667,9.035133333333333,8.9946,8.954066666666666,8.913533333333334,8.873,8.632133333333332,8.391266666666667,8.1504,7.909533333333333,7.668666666666667,7.402533333333333,7.1364,6.870266666666667,6.604133333333333,6.338,5.976866666666667,5.615733333333333,5.2546,4.893466666666667,4.532333333333333,4.454933333333333,4.377533333333333,4.300133333333333,4.222733333333333,4.145333333333333,4.145333333333333,4.145333333333333,4.145333333333333,4.145333333333333,4.145333333333333,4.145333333333333,4.145333333333333,4.145333333333333,4.145333333333333,4.145333333333333
35,oracle,unseeded,string,0,,,,,9.988333333333333,9.778266666666667,9.568200000000001,9.358133333333333,9.148066666666667,8.938,8.786666666666667,8.635333333333334,8.484,8.332666666666666,8.181333333333333,7.983533333333333,7.785733333333333,7.587933333333333,7.390133333333333,7.192333333333333,7.097266666666666,7.002199999999999,6.907133333333333,6.8120666666666665,6.717,6.609466666666666,6.501933333333333,6.3944,6.286866666666667,6.179333333333333,6.068666666666667,5.958,5.847333333333334,5.735666666666668,5.6240000000000006,5.512333333333334,5.400666666666667,5.289000000000001,5.207333333333334,5.125666666666667,5.0440000000000005,4.9623333333333335,4.8806666666666665,4.6552,4.429733333333333,4.204266666666667,3.9788000000000006,3.753333333333334,3.551533333333334,3.349733333333334
36,oracle,unseeded,string,1,,,,,7.0889999999999995,6.9605999999999995,6.832199999999999,6.7038,6.5754,6.447,6.055533333333333,5.664066666666667,5.2726,4.881133333333333,4.4896666666666665,4.05275,3.6158333333333337,3.178916666666667,2.7420000000000004,2.474,2.2060000000000004,1.9380000000000002,1.6700000000000002,1.4020000000000001,1.2686666666666668,1.1353333333333335,1.002,0.8686666666666667,0.7353333333333333,0.7168,0.6982666666666666,0.6797333333333333,0.6611999999999999,0.6426666666666666,0.6398666666666666,0.6370666666666667,0.6342666666666666,0.6314666666666667,0.6286666666666667,0.6123333333333334,0.5960000000000001,0.5796666666666667,0.5633333333333334,0.547,0.547,0.547,0.547,0.547,0.547,0.547
37,oracle,unseeded,string,2,,,,,9.714,9.435066666666668,9.156133333333333,8.8772,8.598266666666666,8.319333333333333,8.319333333333333,8.319333333333333,8.319333333333333,8.319333333333333,8.319333333333333,8.319333333333333,8.319333333333333,8.319333333333333,8.319333333333333,8.319333333333333,8.257266666666666,8.1952,8.133133333333333,8.071066666666667,8.009,7.749916666666667,7.490833333333333,7.23175,6.972666666666666,6.747733333333333,6.522799999999999,6.297866666666666,6.072933333333333,5.848,5.848,5.848,5.848,5.848,5.848,5.662133333333333,5.476266666666667,5.2904,5.104533333333333,4.918666666666667,4.585266666666667,4.2518666666666665,3.9184666666666668,3.5850666666666666,3.2516666666666665,2.756083333333333
38,oracle,unseeded,string,3,,,,,12.219,10.9604,9.701799999999999,8.4432,7.1846,5.925999999999999,5.559733333333333,5.193466666666667,4.8271999999999995,4.460933333333333,4.094666666666667,3.7719333333333336,3.4492000000000003,3.1264666666666665,2.803733333333333,2.481,2.481,2.481,2.481,2.481,2.4088666666666665,2.336733333333333,2.2646,2.192466666666667,2.1203333333333334,2.0719333333333334,2.0235333333333334,1.9751333333333334,1.9267333333333332,1.8783333333333332,1.8783333333333332,1.8783333333333332,1.8783333333333332,1.8783333333333332,1.8783333333333332,1.8783333333333332,1.8783333333333332,1.8783333333333332,1.8783333333333332,1.8783333333333332,1.8783333333333332,1.8783333333333332,1.8783333333333332,1.8783333333333332,1.8783333333333332,1.8783333333333332
39,oracle,unseeded,string,4,,,,,8.822333333333333,8.822333333333333,8.822333333333333,8.822333333333333,8.822333333333333,8.822333333333333,8.748466666666667,8.6746,8.600733333333334,8.526866666666667,8.453000000000001,8.433466666666668,8.413933333333334,8.3944,8.374866666666666,8.355333333333332,8.355249999999998,8.355166666666666,8.355083333333333,8.354999999999999,8.180333333333332,8.005666666666666,7.8309999999999995,7.6563333333333325,7.4816666666666665,7.146333333333333,6.811,6.475666666666667,6.140333333333333,5.9442,5.748066666666667,5.551933333333334,5.3558,5.159666666666667,5.159666666666667,5.159666666666667,5.159666666666667,5.159666666666667,5.159666666666667,5.159666666666667,5.159666666666667,5.159666666666667,5.159666666666667,5.159666666666667,5.159666666666667,5.159666666666667
40,oracle,unseeded,membrane,0,,,,,7.6290000000000004,7.473416666666667,7.3178333333333345,7.162250000000001,7.006666666666668,6.954666666666667,6.902666666666667,6.850666666666667,6.798666666666667,6.7254,6.6521333333333335,6.578866666666666,6.5056,6.432333333333333,6.4172,6.402066666666666,6.386933333333333,6.3717999999999995,6.3566666666666665,6.007333333333333,5.658,5.308666666666667,4.959333333333333,4.61,4.55,4.49,4.43,4.37,4.31,4.171133333333333,4.032266666666667,3.8933999999999997,3.754533333333333,3.6156666666666664,3.5740666666666665,3.532466666666666,3.4908666666666663,3.449266666666666,3.407666666666666,3.3092666666666664,3.2108666666666665,3.1124666666666663,3.0140666666666664,2.9156666666666666,2.8764666666666665,2.8372666666666664
41,oracle,unseeded,membrane,1,,,,,8.321333333333333,7.976666666666667,7.632,7.287333333333333,6.942666666666667,6.598,6.2847333333333335,5.971466666666667,5.658200000000001,5.3449333333333335,5.031666666666667,4.827466666666667,4.623266666666667,4.419066666666667,4.2148666666666665,4.010666666666666,3.9434666666666662,3.8762666666666665,3.8090666666666664,3.7418666666666667,3.6746666666666665,3.641,3.6073333333333335,3.5736666666666665,3.54,3.5063333333333335,3.3400000000000003,3.173666666666667,3.0073333333333334,2.841,2.674666666666667,2.6473333333333335,2.62,2.592666666666667,2.5653333333333337,2.5380000000000003,2.504866666666667,2.471733333333334,2.4386,2.405466666666667,2.3723333333333336,2.3232000000000004,2.2740666666666667,2.2249333333333334,2.1757999999999997,2.1266666666666665
42,oracle,unseeded,membrane,2,,,,,5.9430000000000005,5.6862,5.4294,5.1726,4.9158,4.659,4.640066666666667,4.621133333333334,4.6022,4.583266666666667,4.564333333333334,4.531933333333334,4.499533333333334,4.467133333333334,4.434733333333334,4.402333333333334,3.980666666666667,3.559,3.1373333333333338,2.715666666666667,2.294,2.0932666666666666,1.8925333333333334,1.6918,1.4910666666666668,1.2903333333333333,1.2903333333333333,1.2903333333333333,1.2903333333333333,1.2903333333333333,1.2903333333333333,1.2903333333333333,1.2903333333333333,1.2903333333333333,1.2903333333333333,1.2903333333333333,1.2540666666666667,1.2178,1.1815333333333333,1.1452666666666667,1.109,1.109,1.109,1.109,1.109,1.109
43,oracle,unseeded,membrane,3,,,,,9.196333333333333,9.0488,8.901266666666666,8.753733333333333,8.6062,8.458666666666666,8.300866666666666,8.143066666666666,7.985266666666667,7.827466666666667,7.669666666666667,6.921600000000001,6.173533333333333,5.425466666666667,4.6774000000000004,3.9293333333333336,3.8767333333333336,3.8241333333333336,3.7715333333333336,3.7189333333333336,3.6663333333333337,3.5895333333333337,3.5127333333333337,3.4359333333333333,3.3591333333333333,3.2823333333333333,3.232066666666667,3.1818,3.1315333333333335,3.0812666666666666,3.031,3.00725,2.9835000000000003,2.95975,2.936,2.936,2.936,2.936,2.936,2.936,2.918066666666667,2.9001333333333332,2.8822,2.8642666666666665,2.8463333333333334,2.8463333333333334
44,oracle,unseeded,membrane,4,,,,,5.488333333333333,5.4021333333333335,5.315933333333334,5.229733333333333,5.143533333333333,5.057333333333333,4.798533333333333,4.539733333333333,4.2809333333333335,4.022133333333333,3.763333333333333,3.6400666666666663,3.5168,3.393533333333333,3.2702666666666667,3.147,3.147,3.147,3.147,3.147,3.147,3.0087333333333333,2.8704666666666663,2.7321999999999997,2.593933333333333,2.455666666666666,2.455666666666666,2.455666666666666,2.455666666666666,2.455666666666666,2.455666666666666,2.2846666666666664,2.113666666666666,1.9426666666666663,1.7716666666666665,1.6006666666666665,1.4605333333333332,1.3203999999999998,1.1802666666666666,1.0401333333333334,0.9,0.9,0.9,0.9,0.9,0.9
45,oracle,unseeded,vesicle,0,,,,,6.516666666666667,6.2139999999999995,5.911333333333333,5.608666666666666,5.305999999999999,5.003333333333333,4.562799999999999,4.1222666666666665,3.6817333333333333,3.2412,2.800666666666667,2.682466666666667,2.5642666666666667,2.446066666666667,2.3278666666666665,2.2096666666666667,2.2096666666666667,2.2096666666666667,2.2096666666666667,2.2096666666666667,2.2096666666666667,2.1858666666666666,2.1620666666666666,2.138266666666667,2.114466666666667,2.090666666666667,2.090666666666667,2.090666666666667,2.090666666666667,2.090666666666667,2.090666666666667,2.090666666666667,2.090666666666667,2.090666666666667,2.090666666666667,2.090666666666667,2.090666666666667,2.090666666666667,2.090666666666667,2.090666666666667,2.090666666666667,2.0354,1.9801333333333333,1.9248666666666665,1.8696,1.8143333333333331
46,oracle,unseeded,vesicle,1,,,,,9.397333333333334,7.978466666666667,6.5596,5.140733333333333,3.721866666666666,2.3029999999999995,2.2995333333333328,2.296066666666666,2.2925999999999997,2.289133333333333,2.2856666666666663,2.2856666666666663,2.2856666666666663,2.2856666666666663,2.2856666666666663,2.2856666666666663,2.2118666666666664,2.1380666666666666,2.0642666666666667,1.9904666666666666,1.9166666666666667,1.8910666666666667,1.8654666666666666,1.8398666666666668,1.8142666666666667,1.7886666666666666,1.7129999999999999,1.6373333333333333,1.5616666666666665,1.4859999999999998,1.4103333333333332,1.4103333333333332,1.4103333333333332,1.4103333333333332,1.4103333333333332,1.4103333333333332,1.3048666666666666,1.1994,1.0939333333333332,0.9884666666666666,0.883,0.883,0.883,0.883,0.883,0.883
47,oracle,unseeded,vesicle,2,,,,,5.409,5.174333333333333,4.939666666666667,4.705,4.4703333333333335,4.235666666666667,4.107,3.9783333333333335,3.849666666666667,3.7210000000000005,3.592333333333334,3.441066666666667,3.2898,3.138533333333333,2.9872666666666667,2.836,2.7574666666666667,2.678933333333333,2.6004,2.5218666666666665,2.4433333333333334,2.2946666666666666,2.146,1.9973333333333334,1.8486666666666667,1.7,1.7,1.7,1.7,1.7,1.7,1.6234666666666666,1.5469333333333333,1.4704,1.3938666666666666,1.3173333333333332,1.2484666666666666,1.1796,1.1107333333333334,1.0418666666666665,0.973,0.9103333333333333,0.8476666666666667,0.785,0.7223333333333334,0.6596666666666667
48,oracle,unseeded,vesicle,3,,,,,6.0553333333333335,5.6290000000000004,5.2026666666666666,4.7763333333333335,4.3500000000000005,3.923666666666667,3.6856000000000004,3.4475333333333333,3.2094666666666667,2.9714,2.733333333333333,2.3416666666666663,1.9499999999999997,1.5583333333333331,1.1666666666666665,0.775,0.775,0.775,0.775,0.775,0.775,0.7434000000000001,0.7118,0.6802,0.6486000000000001,0.617,0.617,0.617,0.617,0.617,0.617,0.617,0.617,0.617,0.617,0.617,0.617,0.617,0.617,0.617,0.617,0.617,0.617,0.617,0.617,0.617
49,oracle,unseeded,vesicle,4,,,,,4.519333333333333,4.116733333333333,3.7141333333333333,3.311533333333333,2.9089333333333336,2.5063333333333335,2.369066666666667,2.2318000000000002,2.0945333333333336,1.9572666666666667,1.82,1.6498666666666668,1.4797333333333333,1.3096,1.1394666666666668,0.9693333333333335,0.9693333333333335,0.9693333333333335,0.9693333333333335,0.9693333333333335,0.9693333333333335,0.9693333333333335,0.9693333333333335,0.9693333333333335,0.9693333333333335,0.9693333333333335,0.9693333333333335,0.9693333333333335,0.9693333333333335,0.9693333333333335,0.9693333333333335,0.9532000000000002,0.9370666666666667,0.9209333333333334,0.9047999999999999,0.8886666666666666,0.8886666666666666,0.8886666666666666,0.8886666666666666,0.8886666666666666,0.8886666666666666,0.8886666666666666,0.8886666666666666,0.8886666666666666,0.8886666666666666,0.8886666666666666
50,oracle,unseeded,wormlike micelle,0,,,,,7.657,7.4804,7.3038,7.1272,6.9506,6.774,6.7372,6.7004,6.6636,6.6268,6.59,6.452333333333333,6.314666666666667,6.177,6.039333333333333,5.901666666666666,5.847933333333333,5.7942,5.740466666666666,5.686733333333334,5.633,5.437,5.241,5.045,4.848999999999999,4.653,4.6026,4.5522,4.501799999999999,4.4514,4.401,4.289266666666666,4.177533333333334,4.0658,3.954066666666667,3.842333333333334,3.842333333333334,3.842333333333334,3.842333333333334,3.842333333333334,3.842333333333334,3.842333333333334,3.842333333333334,3.842333333333334,3.842333333333334,3.842333333333334
51,oracle,unseeded,wormlike micelle,1,,,,,3.321,3.091,2.861,2.6310000000000002,2.401,2.171,2.1578,2.1446,2.1313999999999997,2.1182,2.105,2.105,2.105,2.105,2.105,2.105,2.0526,2.0002,1.9478,1.8954,1.843,1.8352,1.8274,1.8196,1.8118,1.804,1.7904,1.7768,1.7632,1.7496,1.736,1.736,1.736,1.736,1.736,1.736,1.736,1.736,1.736,1.736,1.736,1.736,1.736,1.736,1.736,1.736
52,oracle,unseeded,wormlike micelle,2,,,,,10.081333333333333,10.026,9.970666666666666,9.915333333333335,9.860000000000001,9.804666666666668,9.353200000000001,8.901733333333334,8.450266666666668,7.9988,7.5473333333333334,7.120466666666667,6.6936,6.266733333333334,5.839866666666667,5.413,5.0968,4.7806,4.4643999999999995,4.148199999999999,3.8319999999999994,3.3908666666666663,2.9497333333333327,2.5085999999999995,2.0674666666666663,1.6263333333333332,1.6089166666666666,1.5915,1.5740833333333333,1.5566666666666666,1.5566666666666666,1.5566666666666666,1.5566666666666666,1.5566666666666666,1.5566666666666666,1.4961333333333333,1.4356,1.3750666666666667,1.3145333333333333,1.254,1.1844666666666668,1.1149333333333333,1.0453999999999999,0.9758666666666667,0.9063333333333333,0.8964666666666666
53,oracle,unseeded,wormlike micelle,3,,,,,10.602666666666666,9.313866666666666,8.025066666666666,6.736266666666666,5.447466666666666,4.158666666666666,3.8417999999999997,3.5249333333333333,3.2080666666666664,2.8912,2.5743333333333336,2.1776,1.7808666666666668,1.3841333333333334,0.9874,0.5906666666666667,0.5632,0.5357333333333334,0.5082666666666666,0.4808,0.45333333333333337,0.42740000000000006,0.4014666666666667,0.3755333333333334,0.3496,0.3236666666666667,0.3236666666666667,0.3236666666666667,0.3236666666666667,0.3236666666666667,0.3236666666666667,0.3236666666666667,0.3236666666666667,0.3236666666666667,0.3236666666666667,0.3236666666666667,0.3236666666666667,0.3236666666666667,0.3236666666666667,0.3236666666666667,0.3236666666666667,0.3236666666666667,0.3236666666666667,0.3236666666666667,0.3236666666666667,0.3236666666666667
54,oracle,unseeded,wormlike micelle,4,,,,,8.502,8.502,8.502,8.502,8.502,8.502,8.502,8.502,8.502,8.502,8.502,8.502,8.502,8.502,8.502,8.502,8.502,8.502,8.502,8.502,8.502,8.502,8.502,8.502,8.316133333333333,8.130266666666667,7.9444,7.758533333333333,7.572666666666667,7.3950000000000005,7.217333333333333,7.039666666666667,6.862,6.684333333333334,6.2342666666666675,5.7842,5.334133333333334,4.8840666666666674,4.434,4.168666666666667,3.9033333333333333,3.638,3.3726666666666665,3.107333333333333,3.0546666666666664,3.002
55,oracle,unseeded,spherical micelle,0,,,,,5.045000000000001,4.719000000000001,4.393000000000001,4.067,3.7410000000000005,3.4150000000000005,3.172666666666667,2.930333333333334,2.6880000000000006,2.445666666666667,2.2033333333333336,2.1973333333333334,2.1913333333333336,2.1853333333333333,2.1793333333333336,2.1733333333333333,2.1733333333333333,2.1733333333333333,2.1733333333333333,2.1733333333333333,2.1733333333333333,2.1401333333333334,2.1069333333333335,2.073733333333333,2.0405333333333333,2.0073333333333334,1.9622000000000002,1.917066666666667,1.8719333333333337,1.8268000000000002,1.781666666666667,1.7579333333333336,1.7342000000000002,1.7104666666666668,1.6867333333333334,1.663,1.663,1.663,1.663,1.663,1.663,1.6504,1.6378,1.6252,1.6125999999999998,1.5999999999999999
56,oracle,unseeded,spherical micelle,1,,,,,5.519666666666667,5.519666666666667,5.519666666666667,5.519666666666667,5.519666666666667,5.519666666666667,5.224933333333333,4.9302,4.635466666666667,4.3407333333333336,4.046,3.9047333333333336,3.763466666666667,3.6222000000000003,3.480933333333333,3.3396666666666666,3.245,3.150333333333333,3.0556666666666668,2.961,2.8663333333333334,2.8369333333333335,2.807533333333333,2.7781333333333333,2.748733333333333,2.719333333333333,2.639733333333333,2.5601333333333334,2.4805333333333333,2.4009333333333336,2.3213333333333335,2.2476000000000003,2.1738666666666666,2.1001333333333334,2.0264,1.9526666666666668,1.9526666666666668,1.9526666666666668,1.9526666666666668,1.9526666666666668,1.9526666666666668,1.8534000000000002,1.7541333333333333,1.6548666666666667,1.5556,1.4563333333333333
57,oracle,unseeded,spherical micelle,2,,,,,7.448333333333333,7.331133333333333,7.213933333333333,7.096733333333333,6.979533333333333,6.862333333333333,6.639333333333333,6.416333333333333,6.193333333333333,5.9703333333333335,5.747333333333334,5.664000000000001,5.580666666666667,5.497333333333334,5.414,5.330666666666667,5.325866666666667,5.321066666666667,5.316266666666667,5.311466666666667,5.3066666666666675,5.3066666666666675,5.3066666666666675,5.3066666666666675,5.3066666666666675,5.3066666666666675,5.3066666666666675,5.3066666666666675,5.3066666666666675,5.3066666666666675,5.3066666666666675,5.3066666666666675,5.3066666666666675,5.3066666666666675,5.3066666666666675,5.3066666666666675,5.185666666666667,5.0646666666666675,4.943666666666667,4.8226666666666675,4.701666666666667,4.69,4.678333333333334,4.666666666666667,4.655,4.6433333333333335
58,oracle,unseeded,spherical micelle,3,,,,,5.917333333333333,5.917333333333333,5.917333333333333,5.917333333333333,5.917333333333333,5.917333333333333,5.917333333333333,5.917333333333333,5.917333333333333,5.917333333333333,5.917333333333333,5.917333333333333,5.917333333333333,5.917333333333333,5.917333333333333,5.917333333333333,5.917333333333333,5.917333333333333,5.917333333333333,5.718333333333333,5.519333333333333,5.320333333333333,5.121333333333333,4.9223333333333334,4.720933333333333,4.519533333333333,4.318133333333333,4.116733333333333,3.915333333333333,3.851733333333333,3.788133333333333,3.724533333333333,3.6609333333333334,3.5973333333333333,3.5175,3.437666666666667,3.3578333333333332,3.278,3.2244166666666665,3.1708333333333334,3.11725,3.0636666666666663,2.9499999999999997,2.836333333333333,2.7226666666666666,2.538111111111111
59,oracle,unseeded,spherical micelle,4,,,,,7.7203333333333335,7.4984,7.276466666666667,7.0545333333333335,6.8326,6.610666666666667,5.9215333333333335,5.2324,4.543266666666668,3.854133333333334,3.1650000000000005,3.064466666666667,2.9639333333333338,2.8634000000000004,2.7628666666666666,2.662333333333333,2.662333333333333,2.662333333333333,2.662333333333333,2.662333333333333,2.662333333333333,2.6488666666666667,2.6354,2.6219333333333332,2.6084666666666667,2.595,2.595,2.595,2.595,2.595,2.595,2.5909333333333335,2.586866666666667,2.5828,2.5787333333333335,2.574666666666667,2.574666666666667,2.574666666666667,2.574666666666667,2.574666666666667,2.574666666666667,2.574666666666667,2.574666666666667,2.574666666666667,2.574666666666667,2.574666666666667
60,scientific,seeded,liquid,0,,,,,11.443999999999997,8.774166666666664,6.104333333333332,3.4345,0.7646666666666667,0.7120000000000001,0.6593333333333333,0.6066666666666667,0.554,0.5013333333333333,0.4971333333333333,0.4929333333333333,0.4887333333333333,0.48453333333333326,0.4803333333333333,0.4509333333333333,0.4215333333333333,0.39213333333333333,0.3627333333333333,0.3333333333333333,0.3333333333333333,0.3333333333333333,0.3333333333333333,0.3333333333333333,0.3333333333333333,0.3333333333333333,0.3333333333333333,0.3333333333333333,0.3333333333333333,0.3333333333333333,0.3333333333333333,0.3333333333333333,0.3333333333333333,0.3333333333333333,0.3333333333333333,0.3333333333333333,0.3333333333333333,0.3333333333333333,0.3333333333333333,0.3333333333333333,0.3328,0.33226666666666665,0.3317333333333333,0.3312,0.33066666666666666,0.33066666666666666
61,scientific,seeded,liquid,1,,,,,15.639666666666665,11.863583333333333,8.087499999999999,4.311416666666666,0.5353333333333333,0.5189333333333334,0.5025333333333333,0.4861333333333333,0.46973333333333334,0.4533333333333333,0.4533333333333333,0.4533333333333333,0.4533333333333333,0.4533333333333333,0.4533333333333333,0.4533333333333333,0.4533333333333333,0.4533333333333333,0.4533333333333333,0.4533333333333333,0.4533333333333333,0.4533333333333333,0.4533333333333333,0.4533333333333333,0.4533333333333333,0.4533333333333333,0.4533333333333333,0.4533333333333333,0.4533333333333333,0.4533333333333333,0.4533333333333333,0.4533333333333333,0.4533333333333333,0.4533333333333333,0.4533333333333333,0.4474666666666666,0.4416,0.4357333333333333,0.4298666666666667,0.424,0.424,0.424,0.424,0.424,0.424,0.424
62,scientific,seeded,liquid,2,,,,,7.6176666666666675,5.914333333333333,4.211,2.5076666666666663,0.8043333333333335,0.7574000000000001,0.7104666666666667,0.6635333333333333,0.6166,0.5696666666666667,0.5696666666666667,0.5696666666666667,0.5696666666666667,0.5696666666666667,0.5696666666666667,0.5696666666666667,0.5696666666666667,0.5696666666666667,0.5696666666666667,0.5696666666666667,0.5696666666666667,0.5696666666666667,0.5696666666666667,0.5696666666666667,0.5696666666666667,0.5696666666666667,0.5696666666666667,0.5696666666666667,0.5696666666666667,0.5696666666666667,0.5696666666666667,0.5696666666666667,0.5696666666666667,0.5696666666666667,0.5696666666666667,0.5474,0.5251333333333333,0.5028666666666667,0.48059999999999997,0.4583333333333333,0.4583333333333333,0.4583333333333333,0.4583333333333333,0.4583333333333333,0.4583333333333333,0.43466666666666665
63,scientific,seeded,liquid,3,,,,,9.373666666666667,7.221416666666666,5.069166666666667,2.9169166666666673,0.7646666666666667,0.7156,0.6665333333333333,0.6174666666666666,0.5684,0.5193333333333333,0.49146666666666666,0.4636,0.43573333333333336,0.4078666666666667,0.38000000000000006,0.38000000000000006,0.38000000000000006,0.38000000000000006,0.38000000000000006,0.38000000000000006,0.3735333333333334,0.3670666666666667,0.3606,0.3541333333333333,0.3476666666666666,0.3476666666666666,0.3476666666666666,0.3476666666666666,0.3476666666666666,0.3476666666666666,0.3476666666666666,0.3476666666666666,0.3476666666666666,0.3476666666666666,0.3476666666666666,0.3476666666666666,0.3476666666666666,0.3476666666666666,0.3476666666666666,0.3476666666666666,0.3476666666666666,0.3476666666666666,0.3476666666666666,0.3476666666666666,0.3476666666666666,0.3476666666666666
64,scientific,seeded,liquid,4,,,,,9.472333333333333,7.3955,5.318666666666667,3.241833333333334,1.165,1.0652666666666666,0.9655333333333334,0.8658,0.7660666666666667,0.6663333333333333,0.6242,0.5820666666666666,0.5399333333333334,0.4978,0.45566666666666666,0.45066666666666666,0.44566666666666666,0.4406666666666667,0.4356666666666667,0.4306666666666667,0.4306666666666667,0.4306666666666667,0.4306666666666667,0.4306666666666667,0.4306666666666667,0.42973333333333336,0.4288,0.4278666666666667,0.42693333333333333,0.426,0.426,0.426,0.426,0.426,0.426,0.426,0.426,0.426,0.426,0.426,0.4244,0.4228,0.42119999999999996,0.4196,0.418,0.418
65,scientific,seeded,string,0,,,,,6.743666666666667,5.828600000000001,4.9135333333333335,3.9984666666666673,3.0834000000000006,2.1683333333333334,1.8245833333333334,1.4808333333333334,1.1370833333333334,0.7933333333333333,0.7094,0.6254666666666666,0.5415333333333333,0.4576,0.37366666666666665,0.37366666666666665,0.37366666666666665,0.37366666666666665,0.37366666666666665,0.37366666666666665,0.35359999999999997,0.33353333333333335,0.31346666666666667,0.2934,0.2733333333333334,0.2733333333333334,0.2733333333333334,0.2733333333333334,0.2733333333333334,0.2733333333333334,0.2733333333333334,0.2733333333333334,0.2733333333333334,0.2733333333333334,0.2733333333333334,0.2733333333333334,0.2733333333333334,0.2733333333333334,0.2733333333333334,0.2733333333333334,0.2733333333333334,0.2733333333333334,0.2733333333333334,0.2733333333333334,0.2733333333333334,0.2733333333333334
66,scientific,seeded,string,1,,,,,3.669333333333333,3.434533333333333,3.199733333333333,2.964933333333333,2.7301333333333333,2.4953333333333334,2.0485,1.6016666666666668,1.1548333333333334,0.7080000000000001,0.6132666666666667,0.5185333333333334,0.42380000000000007,0.32906666666666673,0.23433333333333337,0.22953333333333337,0.22473333333333337,0.21993333333333334,0.21513333333333334,0.21033333333333334,0.21033333333333334,0.21033333333333334,0.21033333333333334,0.21033333333333334,0.21033333333333334,0.21033333333333334,0.21033333333333334,0.21033333333333334,0.21033333333333334,0.21033333333333334,0.20586666666666667,0.20140000000000002,0.19693333333333335,0.1924666666666667,0.18800000000000003,0.18800000000000003,0.18800000000000003,0.18800000000000003,0.18800000000000003,0.18800000000000003,0.18800000000000003,0.18800000000000003,0.18800000000000003,0.18800000000000003,0.18800000000000003,0.18800000000000003
67,scientific,seeded,string,2,,,,,7.3806666666666665,6.329,5.277333333333333,4.225666666666667,3.1740000000000004,2.122333333333333,2.122333333333333,2.122333333333333,2.122333333333333,2.122333333333333,2.122333333333333,2.1221666666666668,2.122,2.121833333333333,2.1216666666666666,1.9205333333333332,1.7193999999999998,1.5182666666666667,1.3171333333333333,1.1159999999999999,0.9449999999999998,0.7739999999999999,0.603,0.43199999999999994,0.261,0.261,0.261,0.261,0.261,0.261,0.261,0.261,0.261,0.261,0.261,0.261,0.261,0.261,0.261,0.261,0.261,0.261,0.261,0.261,0.261,0.261
68,scientific,seeded,string,3,,,,,7.906999999999999,6.759266666666666,5.611533333333333,4.4638,3.316066666666667,2.1683333333333334,1.8245833333333334,1.4808333333333334,1.1370833333333334,0.7933333333333333,0.7933333333333333,0.7933333333333333,0.7933333333333333,0.7933333333333333,0.7933333333333333,0.7046,0.6158666666666667,0.5271333333333332,0.43839999999999996,0.3496666666666666,0.3496666666666666,0.3496666666666666,0.3496666666666666,0.3496666666666666,0.3496666666666666,0.3496666666666666,0.3496666666666666,0.3496666666666666,0.3496666666666666,0.3496666666666666,0.3496666666666666,0.3496666666666666,0.3496666666666666,0.3496666666666666,0.3496666666666666,0.3496666666666666,0.3496666666666666,0.3496666666666666,0.3496666666666666,0.3496666666666666,0.3496666666666666,0.3496666666666666,0.3496666666666666,0.3496666666666666,0.3496666666666666,0.33259999999999995
69,scientific,seeded,string,4,,,,,5.104333333333333,4.650933333333333,4.197533333333333,3.744133333333333,3.2907333333333333,2.8373333333333335,2.4380833333333336,2.0388333333333333,1.6395833333333334,1.2403333333333333,1.2280666666666666,1.2158,1.2035333333333333,1.1912666666666667,1.179,1.1524666666666668,1.1259333333333335,1.0994,1.0728666666666666,1.0463333333333333,0.8947333333333334,0.7431333333333333,0.5915333333333332,0.4399333333333333,0.28833333333333333,0.26826666666666665,0.2482,0.22813333333333335,0.20806666666666668,0.18800000000000003,0.18800000000000003,0.18800000000000003,0.18800000000000003,0.18800000000000003,0.18800000000000003,0.18800000000000003,0.18800000000000003,0.18800000000000003,0.18800000000000003,0.18800000000000003,0.18800000000000003,0.18800000000000003,0.18800000000000003,0.18800000000000003,0.18800000000000003,0.18800000000000003
70,scientific,seeded,membrane,0,,,,,7.82,6.587266666666666,5.354533333333333,4.1218,2.8890666666666664,1.6563333333333332,1.6321999999999999,1.6080666666666665,1.5839333333333332,1.5597999999999999,1.5356666666666665,1.5142666666666664,1.4928666666666666,1.4714666666666665,1.4500666666666666,1.4286666666666665,1.3584666666666665,1.2882666666666664,1.2180666666666666,1.1478666666666666,1.0776666666666666,1.0776666666666666,1.0776666666666666,1.0776666666666666,1.0776666666666666,1.0776666666666666,1.0776666666666666,1.0776666666666666,1.0776666666666666,1.0776666666666666,1.0776666666666666,1.0055333333333332,0.9333999999999999,0.8612666666666666,0.7891333333333332,0.717,0.6839333333333333,0.6508666666666666,0.6177999999999999,0.5847333333333333,0.5516666666666666,0.5516666666666666,0.5516666666666666,0.5516666666666666,0.5516666666666666,0.5516666666666666
71,scientific,seeded,membrane,1,,,,,8.726666666666667,7.2682,5.809733333333333,4.351266666666666,2.8927999999999994,1.4343333333333332,1.3599999999999999,1.2856666666666665,1.2113333333333332,1.137,1.0626666666666666,1.0214666666666667,0.9802666666666667,0.9390666666666667,0.8978666666666668,0.8566666666666668,0.8566666666666668,0.8566666666666668,0.8566666666666668,0.8566666666666668,0.8566666666666668,0.8566666666666668,0.8566666666666668,0.8566666666666668,0.8566666666666668,0.7930666666666668,0.7294666666666667,0.6658666666666667,0.6022666666666667,0.5386666666666667,0.5384666666666668,0.5382666666666667,0.5380666666666667,0.5378666666666666,0.5376666666666666,0.5376666666666666,0.5376666666666666,0.5376666666666666,0.5376666666666666,0.5376666666666666,0.5376666666666666,0.5376666666666666,0.5376666666666666,0.5376666666666666,0.5376666666666666,0.5376666666666666
72,scientific,seeded,membrane,2,,,,,9.667333333333334,7.877583333333334,6.087833333333333,4.298083333333333,2.5083333333333333,2.1574,1.8064666666666667,1.4555333333333333,1.1046,0.7536666666666667,0.7536666666666667,0.7536666666666667,0.7536666666666667,0.7536666666666667,0.7536666666666667,0.7112,0.6687333333333334,0.6262666666666667,0.5838,0.5413333333333333,0.5413333333333333,0.5413333333333333,0.5413333333333333,0.5413333333333333,0.5413333333333333,0.5413333333333333,0.5413333333333333,0.5413333333333333,0.5413333333333333,0.5413333333333333,0.5413333333333333,0.5413333333333333,0.5413333333333333,0.5413333333333333,0.5413333333333333,0.5413333333333333,0.5413333333333333,0.5413333333333333,0.5413333333333333,0.5413333333333333,0.5413333333333333,0.5413333333333333,0.5413333333333333,0.5413333333333333,0.5413333333333333,0.5216666666666667
73,scientific,seeded,membrane,3,,,,,10.298,8.4678,6.6376,4.8073999999999995,2.9772,1.147,1.147,1.147,1.147,1.147,1.147,1.0860833333333333,1.0251666666666668,0.96425,0.9033333333333333,0.9033333333333333,0.9033333333333333,0.9033333333333333,0.9033333333333333,0.9033333333333333,0.8361333333333333,0.7689333333333334,0.7017333333333333,0.6345333333333334,0.5673333333333334,0.5673333333333334,0.5673333333333334,0.5673333333333334,0.5673333333333334,0.5673333333333334,0.5673333333333334,0.5673333333333334,0.5673333333333334,0.5673333333333334,0.5673333333333334,0.5467333333333333,0.5261333333333333,0.5055333333333333,0.48493333333333327,0.46433333333333326,0.46433333333333326,0.46433333333333326,0.46433333333333326,0.46433333333333326,0.46433333333333326,0.46433333333333326
74,scientific,seeded,membrane,4,,,,,5.488333333333333,4.6959333333333335,3.9035333333333333,3.111133333333333,2.3187333333333333,1.5263333333333335,1.4437333333333335,1.3611333333333335,1.2785333333333333,1.1959333333333333,1.1133333333333333,1.0802,1.0470666666666666,1.0139333333333334,0.9808,0.9476666666666667,0.9476666666666667,0.9476666666666667,0.9476666666666667,0.9476666666666667,0.9476666666666667,0.9476666666666667,0.9476666666666667,0.9476666666666667,0.9476666666666667,0.9384666666666667,0.9292666666666667,0.9200666666666667,0.9108666666666667,0.9016666666666667,0.8606666666666667,0.8196666666666667,0.7786666666666666,0.7376666666666667,0.6966666666666667,0.6966666666666667,0.6966666666666667,0.6966666666666667,0.6966666666666667,0.6966666666666667,0.6463333333333333,0.596,0.5456666666666667,0.49533333333333335,0.445,0.445
75,scientific,seeded,vesicle,0,,,,,6.516666666666667,6.2676,6.018533333333333,5.769466666666666,5.5204,5.271333333333334,5.271333333333334,5.271333333333334,5.271333333333334,5.271333333333334,4.905266666666667,4.5392,4.173133333333334,3.807066666666667,3.4410000000000003,2.880066666666667,2.3191333333333333,1.7582,1.1972666666666667,0.6363333333333333,0.5726,0.5088666666666667,0.4451333333333333,0.3814,0.3176666666666667,0.2984666666666667,0.2792666666666667,0.26006666666666667,0.24086666666666667,0.22166666666666668,0.22166666666666668,0.22166666666666668,0.22166666666666668,0.22166666666666668,0.22166666666666668,0.22166666666666668,0.22166666666666668,0.22166666666666668,0.22166666666666668,0.22166666666666668,0.22166666666666668,0.22166666666666668,0.22166666666666668,0.22166666666666668,0.22166666666666668,0.20706666666666668
76,scientific,seeded,vesicle,1,,,,,10.893666666666666,9.611266666666666,8.328866666666666,7.046466666666666,5.7640666666666664,4.4816666666666665,3.8580666666666663,3.234466666666666,2.6108666666666664,1.9872666666666663,1.3636666666666664,1.2277999999999998,1.0919333333333332,0.9560666666666665,0.8201999999999999,0.6843333333333333,0.6843333333333333,0.6843333333333333,0.6843333333333333,0.6843333333333333,0.6843333333333333,0.6843333333333333,0.6843333333333333,0.6843333333333333,0.6843333333333333,0.6843333333333333,0.6843333333333333,0.6843333333333333,0.6843333333333333,0.6843333333333333,0.6837333333333333,0.6831333333333334,0.6825333333333333,0.6819333333333334,0.6813333333333333,0.6813333333333333,0.6813333333333333,0.6813333333333333,0.6813333333333333,0.6813333333333333,0.6813333333333333,0.6813333333333333,0.6813333333333333,0.6813333333333333,0.6813333333333333,0.6386666666666667
77,scientific,seeded,vesicle,2,,,,,7.623,7.317466666666667,7.011933333333333,6.7064,6.400866666666667,6.0953333333333335,5.85075,5.606166666666667,5.361583333333334,5.117,4.7994,4.4818,4.1642,3.8466,3.529,2.9928,2.4566,1.9203999999999999,1.3841999999999999,0.8479999999999999,0.8479999999999999,0.8479999999999999,0.8479999999999999,0.8479999999999999,0.8479999999999999,0.8479999999999999,0.8479999999999999,0.8479999999999999,0.8479999999999999,0.8479999999999999,0.8479999999999999,0.8479999999999999,0.8479999999999999,0.8479999999999999,0.8479999999999999,0.8479999999999999,0.8479999999999999,0.8479999999999999,0.8479999999999999,0.8479999999999999,0.8479999999999999,0.8479999999999999,0.8479999999999999,0.8479999999999999,0.8479999999999999,0.8132666666666666
78,scientific,seeded,vesicle,3,,,,,7.689666666666667,7.100466666666667,6.511266666666666,5.922066666666666,5.332866666666666,4.743666666666666,3.950666666666666,3.157666666666666,2.3646666666666665,1.5716666666666665,1.5060666666666667,1.4404666666666666,1.3748666666666667,1.3092666666666668,1.2436666666666667,1.1894,1.1351333333333333,1.0808666666666666,1.0266,0.9723333333333333,0.8797499999999999,0.7871666666666666,0.6945833333333333,0.602,0.602,0.602,0.602,0.602,0.602,0.602,0.602,0.602,0.602,0.602,0.602,0.602,0.602,0.602,0.602,0.602,0.602,0.602,0.602,0.602,0.5826666666666667,0.5633333333333334
79,scientific,seeded,vesicle,4,,,,,4.519333333333333,4.499866666666667,4.4803999999999995,4.460933333333333,4.441466666666666,4.422,4.245,4.068,3.891,3.714,3.614333333333333,3.514666666666667,3.415,3.3153333333333337,3.215666666666667,2.795466666666667,2.3752666666666666,1.9550666666666667,1.5348666666666668,1.1146666666666667,1.0697333333333334,1.0248,0.9798666666666667,0.9349333333333334,0.89,0.89,0.89,0.89,0.89,0.89,0.89,0.89,0.89,0.89,0.89,0.89,0.89,0.89,0.89,0.89,0.89,0.89,0.89,0.89,0.89,0.89
80,scientific,seeded,wormlike micelle,0,,,,,9.193333333333333,8.300066666666666,7.4068000000000005,6.513533333333333,5.620266666666667,4.727,3.9686000000000003,3.2102000000000004,2.4518,1.6934,0.935,0.8604666666666667,0.7859333333333334,0.7114,0.6368666666666667,0.5623333333333334,0.5391333333333334,0.5159333333333334,0.49273333333333336,0.4695333333333333,0.4463333333333333,0.4463333333333333,0.4463333333333333,0.4463333333333333,0.4463333333333333,0.4463333333333333,0.41586666666666666,0.38539999999999996,0.3549333333333333,0.3244666666666667,0.294,0.294,0.294,0.294,0.294,0.294,0.294,0.294,0.294,0.294,0.294,0.2899333333333333,0.28586666666666666,0.2818,0.27773333333333333,0.27366666666666667
81,scientific,seeded,wormlike micelle,1,,,,,3.321,3.289416666666667,3.257833333333333,3.22625,3.1946666666666665,2.896933333333333,2.5991999999999997,2.3014666666666668,2.0037333333333334,1.7060000000000002,1.6211333333333335,1.5362666666666667,1.4514,1.3665333333333334,1.2816666666666665,1.1235333333333333,0.9653999999999998,0.8072666666666666,0.6491333333333332,0.49099999999999994,0.49099999999999994,0.49099999999999994,0.49099999999999994,0.49099999999999994,0.49099999999999994,0.48779999999999996,0.4845999999999999,0.48139999999999994,0.4781999999999999,0.4749999999999999,0.4749999999999999,0.4749999999999999,0.4749999999999999,0.4749999999999999,0.4749999999999999,0.4749999999999999,0.4749999999999999,0.4749999999999999,0.4749999999999999,0.4749999999999999,0.4749999999999999,0.4749999999999999,0.4749999999999999,0.4749999999999999,0.4749999999999999,0.4452666666666666
82,scientific,seeded,wormlike micelle,2,,,,,11.299000000000001,10.036066666666667,8.773133333333334,7.5102,6.2472666666666665,4.984333333333333,4.697749999999999,4.4111666666666665,4.124583333333333,3.8379999999999996,3.564333333333333,3.2906666666666666,3.017,2.743333333333333,2.4696666666666665,2.4294666666666664,2.3892666666666664,2.3490666666666664,2.3088666666666664,2.2686666666666664,2.1811333333333334,2.0936,2.0060666666666664,1.9185333333333334,1.8310000000000002,1.7822666666666669,1.7335333333333336,1.6848,1.6360666666666668,1.5873333333333335,1.5093333333333334,1.4313333333333333,1.3533333333333335,1.2753333333333334,1.1973333333333334,1.1879333333333333,1.1785333333333334,1.1691333333333334,1.1597333333333335,1.1503333333333334,1.1503333333333334,1.1503333333333334,1.1503333333333334,1.1503333333333334,1.1503333333333334,1.1503333333333334
83,scientific,seeded,wormlike micelle,3,,,,,10.602666666666666,8.769916666666667,6.937166666666666,5.104416666666666,3.2716666666666665,2.7736,2.275533333333333,1.7774666666666668,1.2794,0.7813333333333334,0.7813333333333334,0.7813333333333334,0.7813333333333334,0.7813333333333334,0.7813333333333334,0.6800666666666667,0.5788,0.47753333333333337,0.37626666666666664,0.27499999999999997,0.27499999999999997,0.27499999999999997,0.27499999999999997,0.27499999999999997,0.27499999999999997,0.27499999999999997,0.27499999999999997,0.27499999999999997,0.27499999999999997,0.27499999999999997,0.27499999999999997,0.27499999999999997,0.27499999999999997,0.27499999999999997,0.27499999999999997,0.27499999999999997,0.27499999999999997,0.27499999999999997,0.27499999999999997,0.27499999999999997,0.27499999999999997,0.27499999999999997,0.27499999999999997,0.27499999999999997,0.27499999999999997,0.27499999999999997
84,scientific,seeded,wormlike micelle,4,,,,,9.659333333333334,8.811533333333333,7.963733333333334,7.115933333333333,6.268133333333333,5.420333333333333,4.444999999999999,3.4696666666666665,2.4943333333333335,1.5190000000000001,1.5190000000000001,1.5190000000000001,1.5190000000000001,1.5190000000000001,1.5190000000000001,1.4507333333333334,1.3824666666666667,1.3142,1.2459333333333333,1.1776666666666666,1.1776666666666666,1.1776666666666666,1.1776666666666666,1.1776666666666666,1.1776666666666666,1.088,0.9983333333333333,0.9086666666666666,0.819,0.7293333333333333,0.7293333333333333,0.7293333333333333,0.7293333333333333,0.7293333333333333,0.7293333333333333,0.7293333333333333,0.7293333333333333,0.7293333333333333,0.7293333333333333,0.7293333333333333,0.7293333333333333,0.7293333333333333,0.7293333333333333,0.7293333333333333,0.7293333333333333,0.7250666666666666
85,scientific,seeded,spherical micelle,0,,,,,6.540666666666667,5.77575,5.010833333333333,4.245916666666667,3.4810000000000003,3.3037333333333336,3.126466666666667,2.9492000000000003,2.771933333333333,2.5946666666666665,2.4846666666666666,2.3746666666666667,2.264666666666667,2.1546666666666665,2.0446666666666666,1.9166,1.7885333333333333,1.6604666666666668,1.5324,1.4043333333333334,1.4043333333333334,1.4043333333333334,1.4043333333333334,1.4043333333333334,1.4043333333333334,1.4043333333333334,1.4043333333333334,1.4043333333333334,1.4043333333333334,1.4043333333333334,1.274,1.1436666666666668,1.0133333333333334,0.883,0.7526666666666667,0.6948000000000001,0.6369333333333334,0.5790666666666667,0.5212000000000001,0.4633333333333334,0.4633333333333334,0.4633333333333334,0.4633333333333334,0.4633333333333334,0.4633333333333334,0.4633333333333334
86,scientific,seeded,spherical micelle,1,,,,,5.720666666666666,5.077416666666666,4.434166666666666,3.7909166666666665,3.1476666666666664,3.0212666666666665,2.8948666666666667,2.768466666666667,2.6420666666666666,2.5156666666666667,2.4562666666666666,2.396866666666667,2.337466666666667,2.278066666666667,2.218666666666667,2.0642666666666667,1.9098666666666668,1.7554666666666667,1.6010666666666666,1.4466666666666665,1.4116666666666666,1.3766666666666667,1.3416666666666666,1.3066666666666666,1.2716666666666667,1.2634,1.2551333333333334,1.2468666666666666,1.2386,1.2303333333333333,1.0719333333333332,0.9135333333333333,0.7551333333333332,0.5967333333333332,0.4383333333333333,0.4352,0.43206666666666665,0.42893333333333333,0.4258,0.4226666666666667,0.39966666666666667,0.3766666666666667,0.3536666666666667,0.33066666666666666,0.3076666666666667,0.2924666666666667
87,scientific,seeded,spherical micelle,2,,,,,7.448333333333333,6.51925,5.590166666666667,4.661083333333334,3.7320000000000007,3.503533333333334,3.275066666666667,3.0466,2.8181333333333334,2.5896666666666666,2.369133333333333,2.1486,1.9280666666666666,1.7075333333333333,1.487,1.4261333333333335,1.3652666666666669,1.3044000000000002,1.2435333333333334,1.1826666666666668,1.1305333333333334,1.0784,1.0262666666666667,0.9741333333333334,0.922,0.8982,0.8744,0.8506,0.8268,0.8029999999999999,0.8029999999999999,0.8029999999999999,0.8029999999999999,0.8029999999999999,0.8029999999999999,0.8029999999999999,0.8029999999999999,0.8029999999999999,0.8029999999999999,0.8029999999999999,0.7539999999999999,0.705,0.6559999999999999,0.607,0.5579999999999999,0.5528666666666666
88,scientific,seeded,spherical micelle,3,,,,,5.917333333333333,5.253583333333333,4.589833333333333,3.9260833333333336,3.2623333333333338,3.0957333333333334,2.9291333333333336,2.7625333333333333,2.595933333333333,2.429333333333333,2.4286,2.4278666666666666,2.427133333333333,2.4263999999999997,2.4256666666666664,2.204533333333333,1.9833999999999998,1.7622666666666666,1.5411333333333332,1.32,1.3162,1.3124,1.3086000000000002,1.3048000000000002,1.3010000000000002,1.2650666666666668,1.2291333333333334,1.1932000000000003,1.1572666666666669,1.1213333333333335,1.0858666666666668,1.0504,1.0149333333333335,0.9794666666666667,0.944,0.8698666666666667,0.7957333333333333,0.7216,0.6474666666666666,0.5733333333333334,0.5733333333333334,0.5733333333333334,0.5733333333333334,0.5733333333333334,0.5733333333333334,0.5733333333333334
89,scientific,seeded,spherical micelle,4,,,,,9.670333333333332,8.207416666666665,6.7444999999999995,5.281583333333334,3.8186666666666667,3.5023333333333335,3.186,2.869666666666667,2.5533333333333337,2.237,2.237,2.237,2.237,2.237,2.237,2.1147333333333336,1.9924666666666668,1.8702,1.7479333333333336,1.6256666666666668,1.6078000000000001,1.5899333333333334,1.5720666666666667,1.5542,1.5363333333333333,1.4003333333333332,1.2643333333333333,1.1283333333333334,0.9923333333333333,0.8563333333333333,0.8563333333333333,0.8563333333333333,0.8563333333333333,0.8563333333333333,0.8563333333333333,0.7868666666666666,0.7174,0.6479333333333334,0.5784666666666667,0.509,0.509,0.509,0.509,0.509,0.509,0.4848
90,scientific,unseeded,liquid,0,,,,,11.443999999999997,10.773799999999998,10.103599999999998,9.433399999999999,8.763199999999998,8.092999999999998,7.675533333333332,7.258066666666665,6.840599999999999,6.4231333333333325,6.0056666666666665,5.859333333333333,5.713,5.566666666666666,5.420333333333334,5.274,5.060066666666667,4.846133333333333,4.6322,4.418266666666667,4.2043333333333335,4.1502,4.096066666666666,4.041933333333333,3.9877999999999996,3.933666666666666,3.744666666666666,3.5556666666666663,3.3666666666666663,3.177666666666666,2.9886666666666666,2.6592,2.3297333333333334,2.0002666666666666,1.6707999999999998,1.3413333333333333,1.2909333333333333,1.2405333333333333,1.1901333333333333,1.1397333333333335,1.0893333333333335,0.9978666666666668,0.9064000000000001,0.8149333333333334,0.7234666666666667,0.632
91,scientific,unseeded,liquid,1,,,,,12.865666666666664,12.032533333333332,11.199399999999999,10.366266666666666,9.533133333333334,8.700000000000001,8.028400000000001,7.356800000000001,6.6852,6.0136,5.342,5.186,5.03,4.874,4.718,4.562,4.462133333333334,4.362266666666667,4.2624,4.162533333333333,4.062666666666667,3.691466666666667,3.320266666666667,2.9490666666666665,2.5778666666666665,2.2066666666666666,1.9747333333333332,1.7428,1.5108666666666666,1.2789333333333333,1.047,0.9604666666666666,0.8739333333333332,0.7874,0.7008666666666666,0.6143333333333333,0.5636666666666666,0.513,0.4623333333333333,0.4116666666666666,0.361,0.361,0.361,0.361,0.361,0.361
92,scientific,unseeded,liquid,2,,,,,7.6176666666666675,7.4214,7.225133333333334,7.028866666666667,6.8326,6.636333333333333,6.535066666666666,6.4338,6.332533333333333,6.2312666666666665,6.13,6.070866666666666,6.011733333333333,5.9526,5.893466666666667,5.834333333333333,5.783666666666667,5.733,5.682333333333333,5.631666666666666,5.5809999999999995,5.5809999999999995,5.5809999999999995,5.5809999999999995,5.5809999999999995,5.5809999999999995,5.306066666666666,5.031133333333333,4.7562,4.4812666666666665,4.206333333333333,3.8082666666666665,3.4101999999999997,3.0121333333333333,2.6140666666666665,2.2159999999999997,2.1461333333333332,2.0762666666666663,2.0063999999999997,1.9365333333333332,1.8666666666666665,1.7284666666666666,1.5902666666666665,1.4520666666666666,1.3138666666666667,1.1756666666666666
93,scientific,unseeded,liquid,3,,,,,8.752333333333333,8.752333333333333,8.752333333333333,8.752333333333333,8.752333333333333,8.752333333333333,8.752333333333333,8.752333333333333,8.752333333333333,8.752333333333333,8.752333333333333,8.709933333333334,8.667533333333333,8.625133333333334,8.582733333333334,8.540333333333335,8.214266666666667,7.888200000000001,7.562133333333334,7.236066666666667,6.91,6.4246,5.9392000000000005,5.4538,4.968400000000001,4.4830000000000005,4.232866666666667,3.9827333333333335,3.7326,3.4824666666666664,3.232333333333333,2.8410666666666664,2.4497999999999998,2.058533333333333,1.6672666666666667,1.276,1.1835333333333333,1.0910666666666666,0.9986,0.9061333333333333,0.8136666666666666,0.7768666666666667,0.7400666666666667,0.7032666666666667,0.6664666666666668,0.6296666666666667
94,scientific,unseeded,liquid,4,,,,,9.075666666666667,9.075666666666667,9.075666666666667,9.075666666666667,9.075666666666667,9.075666666666667,8.724,8.372333333333334,8.020666666666667,7.669,7.317333333333333,6.232799999999999,5.148266666666666,4.063733333333333,2.9791999999999996,1.8946666666666667,1.6388,1.3829333333333333,1.1270666666666667,0.8712,0.6153333333333333,0.6153333333333333,0.6153333333333333,0.6153333333333333,0.6153333333333333,0.6153333333333333,0.5973999999999999,0.5794666666666666,0.5615333333333333,0.5436,0.5256666666666666,0.4929333333333333,0.46019999999999994,0.4274666666666666,0.39473333333333327,0.36199999999999993,0.35466666666666663,0.34733333333333327,0.33999999999999997,0.3326666666666666,0.3253333333333333,0.31093333333333334,0.2965333333333333,0.28213333333333335,0.2677333333333333,0.25333333333333335
95,scientific,unseeded,string,0,,,,,9.988333333333333,9.9588,9.929266666666667,9.899733333333332,9.870199999999999,9.840666666666666,9.673916666666667,9.507166666666667,9.340416666666666,9.173666666666668,8.995533333333334,8.817400000000001,8.639266666666666,8.461133333333333,8.283,7.8224,7.3618,6.9012,6.4406,5.98,5.901933333333334,5.8238666666666665,5.7458,5.667733333333333,5.589666666666666,5.340933333333333,5.0922,4.843466666666666,4.594733333333333,4.346,3.9775333333333336,3.6090666666666666,3.2406,2.872133333333333,2.5036666666666667,2.382,2.2603333333333335,2.1386666666666665,2.017,1.8953333333333333,1.8804,1.8654666666666666,1.8505333333333334,1.8356,1.8206666666666667,1.7893333333333332
96,scientific,unseeded,string,1,,,,,7.0889999999999995,6.789866666666667,6.490733333333333,6.1916,5.892466666666667,5.593333333333334,5.257666666666667,4.922000000000001,4.586333333333334,4.2506666666666675,3.9150000000000005,3.7750000000000004,3.6350000000000002,3.495,3.355,3.215,3.0672666666666664,2.9195333333333333,2.7718,2.6240666666666668,2.4763333333333333,2.473933333333333,2.4715333333333334,2.469133333333333,2.4667333333333334,2.4643333333333333,2.3345333333333333,2.2047333333333334,2.074933333333333,1.9451333333333332,1.8153333333333332,1.704,1.5926666666666667,1.4813333333333334,1.37,1.37,1.37,1.37,1.37,1.37,1.3020666666666667,1.2341333333333333,1.1662,1.0982666666666667,1.0303333333333333,1.0303333333333333
97,scientific,unseeded,string,2,,,,,9.714,9.465200000000001,9.2164,8.967600000000001,8.7188,8.47,8.439866666666667,8.409733333333334,8.3796,8.349466666666666,8.319333333333333,8.319333333333333,8.319333333333333,8.319333333333333,8.319333333333333,8.319333333333333,8.238733333333332,8.158133333333334,8.077533333333333,7.996933333333334,7.916333333333334,7.905066666666667,7.893800000000001,7.882533333333333,7.871266666666666,7.859999999999999,7.859999999999999,7.859999999999999,7.859999999999999,7.859999999999999,7.859999999999999,7.859999999999999,7.859999999999999,7.859999999999999,7.859999999999999,7.859999999999999,7.832733333333333,7.805466666666666,7.7782,7.750933333333333,7.7236666666666665,7.445733333333333,7.1678,6.889866666666666,6.611933333333333,6.334
98,scientific,unseeded,string,3,,,,,12.219,11.465266666666666,10.711533333333334,9.957799999999999,9.204066666666666,8.450333333333333,8.213266666666666,7.9762,7.739133333333333,7.502066666666667,7.265000000000001,6.936866666666667,6.608733333333333,6.2806,5.952466666666667,5.624333333333333,5.624333333333333,5.624333333333333,5.624333333333333,5.624333333333333,5.624333333333333,5.624333333333333,5.624333333333333,5.624333333333333,5.624333333333333,5.624333333333333,5.624333333333333,5.624333333333333,5.624333333333333,5.624333333333333,5.624333333333333,5.5374,5.450466666666666,5.363533333333334,5.2766,5.189666666666667,5.022,4.854333333333334,4.686666666666667,4.519,4.351333333333334,4.351333333333334,4.351333333333334,4.351333333333334,4.351333333333334,4.351333333333334
99,scientific,unseeded,string,4,,,,,8.822333333333333,8.822333333333333,8.822333333333333,8.822333333333333,8.822333333333333,8.822333333333333,8.761066666666666,8.6998,8.638533333333333,8.577266666666667,8.516,8.2242,7.9323999999999995,7.640599999999999,7.3488,7.0569999999999995,6.811133333333333,6.565266666666666,6.3194,6.073533333333333,5.8276666666666666,5.6578,5.487933333333333,5.318066666666667,5.1482,4.9783333333333335,4.8796,4.780866666666666,4.682133333333334,4.5834,4.484666666666667,4.332466666666667,4.180266666666666,4.028066666666667,3.8758666666666666,3.7236666666666665,3.7236666666666665,3.7236666666666665,3.7236666666666665,3.7236666666666665,3.7236666666666665,3.6458666666666666,3.5680666666666667,3.490266666666667,3.412466666666667,3.334666666666667
100,scientific,unseeded,membrane,0,,,,,7.6290000000000004,7.473416666666667,7.3178333333333345,7.162250000000001,7.006666666666668,6.869866666666668,6.733066666666668,6.596266666666667,6.459466666666667,6.322666666666667,6.322666666666667,6.322666666666667,6.322666666666667,6.322666666666667,6.322666666666667,6.322666666666667,6.322666666666667,6.322666666666667,6.322666666666667,6.322666666666667,6.1718,6.020933333333334,5.870066666666667,5.719200000000001,5.568333333333334,5.376666666666668,5.1850000000000005,4.993333333333334,4.801666666666667,4.61,4.546600000000001,4.4832,4.4198,4.3564,4.293,4.201533333333334,4.1100666666666665,4.0186,3.927133333333334,3.835666666666667,3.7197333333333336,3.6038,3.487866666666667,3.3719333333333337,3.2560000000000002,3.248266666666667
101,scientific,unseeded,membrane,1,,,,,8.321333333333333,7.4139333333333335,6.5065333333333335,5.599133333333333,4.691733333333333,3.784333333333333,3.437733333333333,3.0911333333333335,2.7445333333333335,2.3979333333333335,2.0513333333333335,2.0513333333333335,2.0513333333333335,2.0513333333333335,2.0513333333333335,2.0513333333333335,2.0513333333333335,2.0513333333333335,2.0513333333333335,2.0513333333333335,2.0513333333333335,1.9828666666666668,1.9144,1.8459333333333334,1.7774666666666665,1.7089999999999999,1.7089999999999999,1.7089999999999999,1.7089999999999999,1.7089999999999999,1.7089999999999999,1.7089999999999999,1.7089999999999999,1.7089999999999999,1.7089999999999999,1.7089999999999999,1.6516666666666666,1.5943333333333332,1.537,1.4796666666666665,1.4223333333333332,1.4174,1.4124666666666665,1.4075333333333333,1.4025999999999998,1.3976666666666666
102,scientific,unseeded,membrane,2,,,,,5.9430000000000005,5.538333333333334,5.133666666666667,4.729,4.324333333333334,3.9196666666666666,3.490133333333333,3.0606,2.6310666666666664,2.201533333333333,1.772,1.6514,1.5308,1.4102000000000001,1.2896,1.169,1.169,1.169,1.169,1.169,1.169,1.169,1.169,1.169,1.169,1.169,1.1380000000000001,1.107,1.076,1.045,1.014,0.9470666666666666,0.8801333333333333,0.8131999999999999,0.7462666666666666,0.6793333333333332,0.6225333333333333,0.5657333333333333,0.5089333333333332,0.4521333333333333,0.3953333333333333,0.3953333333333333,0.3953333333333333,0.3953333333333333,0.3953333333333333,0.3953333333333333
103,scientific,unseeded,membrane,3,,,,,9.196333333333333,9.017133333333334,8.837933333333334,8.658733333333332,8.479533333333332,8.300333333333333,7.8705333333333325,7.440733333333333,7.010933333333333,6.581133333333334,6.1513333333333335,5.8576,5.563866666666667,5.270133333333333,4.9764,4.682666666666666,4.464666666666666,4.246666666666666,4.028666666666666,3.8106666666666666,3.5926666666666667,3.4654,3.3381333333333334,3.2108666666666665,3.0835999999999997,2.9563333333333333,2.8025333333333333,2.6487333333333334,2.494933333333333,2.341133333333333,2.187333333333333,2.187333333333333,2.187333333333333,2.187333333333333,2.187333333333333,2.187333333333333,2.187333333333333,2.187333333333333,2.187333333333333,2.187333333333333,2.187333333333333,2.187333333333333,2.187333333333333,2.187333333333333,2.187333333333333,2.187333333333333
104,scientific,unseeded,membrane,4,,,,,5.488333333333333,5.436133333333333,5.383933333333333,5.331733333333333,5.279533333333333,5.227333333333333,4.9972,4.767066666666667,4.536933333333334,4.3068,4.076666666666667,3.9287333333333336,3.7808,3.6328666666666667,3.484933333333333,3.3369999999999997,3.2614666666666663,3.1859333333333333,3.1104,3.034866666666667,2.9593333333333334,2.892,2.824666666666667,2.7573333333333334,2.6900000000000004,2.622666666666667,2.5732000000000004,2.5237333333333334,2.474266666666667,2.4248,2.3753333333333333,2.3753333333333333,2.3753333333333333,2.3753333333333333,2.3753333333333333,2.3753333333333333,2.3708,2.3662666666666667,2.361733333333333,2.3571999999999997,2.3526666666666665,2.3526666666666665,2.3526666666666665,2.3526666666666665,2.3526666666666665,2.3526666666666665
105,scientific,unseeded,vesicle,0,,,,,6.516666666666667,6.241733333333333,5.9668,5.691866666666667,5.416933333333334,5.142,5.118533333333334,5.095066666666667,5.0716,5.048133333333333,5.024666666666667,5.024666666666667,5.024666666666667,5.024666666666667,5.024666666666667,5.024666666666667,5.0212666666666665,5.0178666666666665,5.014466666666666,5.011066666666666,5.007666666666666,4.964933333333333,4.922199999999999,4.879466666666667,4.836733333333333,4.794,4.709866666666667,4.625733333333333,4.5416,4.457466666666666,4.373333333333333,4.373333333333333,4.373333333333333,4.373333333333333,4.373333333333333,4.373333333333333,4.1644,3.9554666666666667,3.7465333333333333,3.5376000000000003,3.328666666666667,3.3268,3.3249333333333335,3.3230666666666666,3.3212,3.3193333333333332
106,scientific,unseeded,vesicle,1,,,,,9.397333333333334,8.260533333333333,7.123733333333334,5.986933333333333,4.850133333333333,3.7133333333333334,3.535266666666667,3.3572,3.1791333333333336,3.0010666666666665,2.823,2.7354666666666665,2.6479333333333335,2.5604,2.472866666666667,2.3853333333333335,2.2422000000000004,2.099066666666667,1.9559333333333335,1.8128000000000002,1.6696666666666669,1.6696666666666669,1.6696666666666669,1.6696666666666669,1.6696666666666669,1.6696666666666669,1.6696666666666669,1.6696666666666669,1.6696666666666669,1.6696666666666669,1.6696666666666669,1.6696666666666669,1.6696666666666669,1.6696666666666669,1.6696666666666669,1.6696666666666669,1.655066666666667,1.6404666666666667,1.6258666666666668,1.6112666666666666,1.5966666666666667,1.5966666666666667,1.5966666666666667,1.5966666666666667,1.5966666666666667,1.5966666666666667
107,scientific,unseeded,vesicle,2,,,,,5.409,5.102533333333334,4.7960666666666665,4.489599999999999,4.183133333333333,3.8766666666666665,3.8392,3.8017333333333334,3.7642666666666664,3.7268,3.6893333333333334,3.6805333333333334,3.6717333333333335,3.662933333333333,3.6541333333333332,3.6453333333333333,3.4338,3.2222666666666666,3.0107333333333335,2.7992,2.587666666666667,2.4713333333333334,2.355,2.2386666666666666,2.122333333333333,2.006,1.8772666666666664,1.748533333333333,1.6198,1.4910666666666665,1.3623333333333332,1.2872666666666666,1.2122,1.1371333333333333,1.0620666666666665,0.987,0.987,0.987,0.987,0.987,0.987,0.9687333333333333,0.9504666666666667,0.9321999999999999,0.9139333333333333,0.8956666666666666
108,scientific,unseeded,vesicle,3,,,,,6.0553333333333335,5.7434,5.431466666666667,5.119533333333333,4.8076,4.495666666666667,4.168266666666667,3.840866666666667,3.5134666666666665,3.1860666666666666,2.8586666666666667,2.4995333333333334,2.1404,1.7812666666666666,1.4221333333333332,1.063,1.063,1.063,1.063,1.063,1.063,0.9832666666666666,0.9035333333333333,0.8238,0.7440666666666667,0.6643333333333333,0.6519333333333334,0.6395333333333333,0.6271333333333333,0.6147333333333332,0.6023333333333333,0.5952,0.5880666666666666,0.5809333333333334,0.5738000000000001,0.5666666666666668,0.5650000000000001,0.5633333333333334,0.5616666666666668,0.56,0.5583333333333333,0.5583333333333333,0.5583333333333333,0.5583333333333333,0.5583333333333333,0.5583333333333333
109,scientific,unseeded,vesicle,4,,,,,4.519333333333333,4.085833333333333,3.652333333333333,3.2188333333333334,2.7853333333333334,2.7227333333333337,2.6601333333333335,2.5975333333333337,2.5349333333333335,2.4723333333333337,2.4207333333333336,2.3691333333333335,2.317533333333334,2.265933333333334,2.2143333333333337,2.2143333333333337,2.2143333333333337,2.2143333333333337,2.2143333333333337,2.2143333333333337,2.1435333333333335,2.0727333333333338,2.0019333333333336,1.9311333333333334,1.8603333333333334,1.7072,1.5540666666666667,1.4009333333333334,1.2478,1.0946666666666667,1.0264,0.9581333333333333,0.8898666666666667,0.8216,0.7533333333333333,0.7533333333333333,0.7533333333333333,0.7533333333333333,0.7533333333333333,0.7533333333333333,0.7533333333333333,0.7533333333333333,0.7533333333333333,0.7533333333333333,0.7533333333333333,0.6849999999999999
110,scientific,unseeded,wormlike micelle,0,,,,,3.321,3.081,2.841,2.601,2.3609999999999998,2.121,2.121,2.121,2.121,2.121,2.121,2.121,2.121,2.121,2.121,2.121,2.121,2.121,2.121,2.121,2.121,2.0346,1.9482,1.8618000000000001,1.7754,1.689,1.6585333333333334,1.6280666666666668,1.5976000000000001,1.5671333333333335,1.5366666666666668,1.5316666666666667,1.5266666666666668,1.5216666666666667,1.5166666666666668,1.5116666666666667,1.5031333333333334,1.4946000000000002,1.4860666666666666,1.4775333333333334,1.469,1.3896000000000002,1.3102,1.2308000000000001,1.1514000000000002,1.072
111,scientific,unseeded,wormlike micelle,1,,,,,10.602666666666666,10.602666666666666,10.602666666666666,10.602666666666666,10.602666666666666,10.602666666666666,10.602666666666666,10.602666666666666,10.602666666666666,10.602666666666666,10.602666666666666,10.602666666666666,10.602666666666666,10.602666666666666,10.602666666666666,10.602666666666666,10.328466666666666,10.054266666666667,9.780066666666666,9.505866666666668,9.231666666666667,9.231666666666667,9.231666666666667,9.231666666666667,9.231666666666667,9.231666666666667,9.231666666666667,9.231666666666667,9.231666666666667,9.231666666666667,9.231666666666667,9.231666666666667,9.231666666666667,9.231666666666667,9.231666666666667,9.231666666666667,9.208533333333333,9.1854,9.162266666666667,9.139133333333334,9.116,9.116,9.116,9.116,9.116,9.116
112,scientific,unseeded,wormlike micelle,2,,,,,7.657,7.312133333333334,6.967266666666666,6.6224,6.2775333333333325,5.932666666666666,5.780666666666666,5.628666666666667,5.476666666666667,5.324666666666667,5.172666666666667,5.1442000000000005,5.115733333333334,5.087266666666666,5.0588,5.030333333333333,4.975933333333333,4.921533333333333,4.867133333333333,4.812733333333333,4.758333333333333,4.6944,4.630466666666666,4.566533333333333,4.502599999999999,4.438666666666666,4.438666666666666,4.438666666666666,4.438666666666666,4.438666666666666,4.438666666666666,4.382266666666666,4.325866666666666,4.269466666666667,4.213066666666667,4.156666666666667,4.123266666666667,4.089866666666667,4.056466666666667,4.023066666666667,3.989666666666667,3.989666666666667,3.989666666666667,3.989666666666667,3.989666666666667,3.989666666666667
113,scientific,unseeded,wormlike micelle,3,,,,,10.081333333333333,9.947416666666667,9.813500000000001,9.679583333333333,9.545666666666667,9.374,9.202333333333334,9.030666666666667,8.859,8.687333333333333,8.687333333333333,8.687333333333333,8.687333333333333,8.687333333333333,8.687333333333333,8.687333333333333,8.687333333333333,8.687333333333333,8.687333333333333,8.687333333333333,8.551333333333334,8.415333333333333,8.279333333333334,8.143333333333333,8.007333333333333,7.675533333333333,7.343733333333334,7.011933333333333,6.680133333333334,6.348333333333334,6.1930000000000005,6.0376666666666665,5.882333333333333,5.726999999999999,5.571666666666666,5.571666666666666,5.571666666666666,5.571666666666666,5.571666666666666,5.571666666666666,5.527066666666666,5.482466666666666,5.437866666666666,5.393266666666666,5.3486666666666665,5.3176
114,scientific,unseeded,wormlike micelle,4,,,,,8.502,8.502,8.502,8.502,8.502,8.502,8.502,8.502,8.502,8.502,8.502,8.502,8.502,8.502,8.502,8.502,8.406600000000001,8.311200000000001,8.2158,8.1204,8.025,7.953733333333334,7.882466666666667,7.8112,7.739933333333333,7.668666666666667,7.5376,7.406533333333333,7.2754666666666665,7.144399999999999,7.013333333333333,7.004533333333333,6.995733333333333,6.986933333333334,6.978133333333334,6.969333333333334,6.6054666666666675,6.2416,5.8777333333333335,5.513866666666667,5.1499999999999995,5.1072,5.0644,5.021599999999999,4.9788,4.936
115,scientific,unseeded,spherical micelle,0,,,,,5.045000000000001,4.735666666666667,4.426333333333334,4.117000000000001,3.807666666666667,3.4983333333333335,3.448466666666667,3.3986,3.3487333333333336,3.2988666666666666,3.249,3.2307333333333337,3.212466666666667,3.1942000000000004,3.1759333333333335,3.157666666666667,3.157666666666667,3.157666666666667,3.157666666666667,3.157666666666667,3.157666666666667,3.157666666666667,3.157666666666667,3.157666666666667,3.157666666666667,3.157666666666667,3.157666666666667,3.157666666666667,3.157666666666667,3.157666666666667,3.157666666666667,3.157666666666667,3.157666666666667,3.157666666666667,3.157666666666667,3.157666666666667,3.157666666666667,3.157666666666667,3.157666666666667,3.157666666666667,3.157666666666667,3.1322,3.1067333333333336,3.0812666666666666,3.0558,3.030333333333333
116,scientific,unseeded,spherical micelle,1,,,,,5.519666666666667,5.478666666666666,5.437666666666667,5.3966666666666665,5.355666666666667,5.314666666666667,5.196,5.077333333333333,4.958666666666667,4.84,4.721333333333333,4.721333333333333,4.721333333333333,4.721333333333333,4.721333333333333,4.721333333333333,4.721333333333333,4.721333333333333,4.721333333333333,4.721333333333333,4.721333333333333,4.628066666666666,4.5348,4.441533333333333,4.3482666666666665,4.255,4.1896,4.1242,4.0588,3.9934000000000003,3.9280000000000004,3.7972,3.6664,3.5355999999999996,3.4048,3.2739999999999996,3.175133333333333,3.0762666666666667,2.9774000000000003,2.8785333333333334,2.779666666666667,2.7118,2.6439333333333335,2.5760666666666667,2.5082,2.4403333333333332
117,scientific,unseeded,spherical micelle,2,,,,,7.448333333333333,7.386466666666666,7.3246,7.262733333333333,7.200866666666667,7.139,6.865466666666667,6.591933333333333,6.3184000000000005,6.0448666666666675,5.771333333333334,5.758,5.744666666666667,5.731333333333334,5.718000000000001,5.704666666666667,5.441000000000001,5.177333333333333,4.913666666666667,4.65,4.386333333333333,4.0573999999999995,3.7284666666666664,3.3995333333333333,3.0705999999999998,2.7416666666666667,2.6316,2.521533333333333,2.4114666666666666,2.3013999999999997,2.191333333333333,2.1071999999999997,2.023066666666667,1.9389333333333334,1.8548,1.7706666666666668,1.7205333333333335,1.6704,1.6202666666666667,1.5701333333333332,1.5199999999999998,1.5199999999999998,1.5199999999999998,1.5199999999999998,1.5199999999999998,1.5199999999999998
118,scientific,unseeded,spherical micelle,3,,,,,5.917333333333333,5.724399999999999,5.531466666666666,5.3385333333333325,5.1456,4.9526666666666666,4.7174,4.4821333333333335,4.246866666666667,4.0116000000000005,3.7763333333333335,3.6887333333333334,3.6011333333333333,3.513533333333333,3.4259333333333335,3.3383333333333334,3.3383333333333334,3.3383333333333334,3.3383333333333334,3.3383333333333334,3.3383333333333334,3.1816,3.0248666666666666,2.868133333333333,2.7114,2.5546666666666664,2.5546666666666664,2.5546666666666664,2.5546666666666664,2.5546666666666664,2.5546666666666664,2.5546666666666664,2.5546666666666664,2.5546666666666664,2.5546666666666664,2.5546666666666664,2.5440666666666663,2.5334666666666665,2.5228666666666664,2.5122666666666666,2.5016666666666665,2.5016666666666665,2.5016666666666665,2.5016666666666665,2.5016666666666665,2.5016666666666665
119,scientific,unseeded,spherical micelle,4,,,,,7.7203333333333335,7.7048000000000005,7.689266666666667,7.673733333333334,7.6582,7.642666666666667,7.642666666666667,7.642666666666667,7.642666666666667,7.642666666666667,7.642666666666667,7.642666666666667,7.642666666666667,7.642666666666667,7.642666666666667,7.642666666666667,7.642666666666667,7.642666666666667,7.642666666666667,7.642666666666667,7.642666666666667,7.642666666666667,7.642666666666667,7.642666666666667,7.642666666666667,7.642666666666667,7.642666666666667,7.642666666666667,7.642666666666667,7.642666666666667,7.642666666666667,7.642666666666667,7.642666666666667,7.642666666666667,7.642666666666667,7.642666666666667,7.642666666666667,7.642666666666667,7.642666666666667,7.642666666666667,7.642666666666667,7.2954,6.948133333333334,6.600866666666667,6.2536000000000005,5.906333333333333
120,active,seeded,liquid,0,,,,,11.443999999999997,10.846666666666664,10.24933333333333,9.651999999999997,9.054666666666666,8.457333333333333,7.831266666666666,7.2052,6.579133333333332,5.953066666666666,5.326999999999999,4.236999999999999,3.1469999999999994,2.0569999999999995,0.967,0.9117333333333333,0.8564666666666666,0.8011999999999999,0.7459333333333333,0.6906666666666667,0.6906666666666667,0.6906666666666667,0.6906666666666667,0.6906666666666667,0.6906666666666667,0.6906666666666667,0.6906666666666667,0.6906666666666667,0.6906666666666667,0.6906666666666667,0.6906666666666667,0.6906666666666667,0.6906666666666667,0.6906666666666667,0.6906666666666667,0.6906666666666667,0.6906666666666667,0.6906666666666667,0.6906666666666667,0.6906666666666667,0.6906666666666667,0.6906666666666667,0.6906666666666667,0.6906666666666667,0.6906666666666667,
121,active,seeded,liquid,1,,,,,15.639666666666665,14.067999999999998,12.496333333333332,10.924666666666667,9.353,7.781333333333333,7.653533333333334,7.525733333333333,7.3979333333333335,7.270133333333333,7.142333333333333,6.9948,6.847266666666666,6.6997333333333335,6.5522,6.4046666666666665,5.982666666666667,5.560666666666667,5.138666666666667,4.716666666666667,4.294666666666667,4.294666666666667,4.294666666666667,4.294666666666667,4.294666666666667,4.294666666666667,4.106400000000001,3.9181333333333335,3.729866666666667,3.5416000000000003,3.3533333333333335,3.3533333333333335,3.3533333333333335,3.3533333333333335,3.3533333333333335,3.3533333333333335,3.3182666666666667,3.2832,3.248133333333333,3.2130666666666663,3.1779999999999995,3.1779999999999995,3.1779999999999995,3.1779999999999995,3.1779999999999995,3.1779999999999995
122,active,seeded,liquid,2,,,,,7.6176666666666675,7.118933333333334,6.6202000000000005,6.121466666666667,5.622733333333333,5.124,5.025933333333333,4.927866666666667,4.8298,4.731733333333334,4.633666666666667,4.633666666666667,4.633666666666667,4.633666666666667,4.633666666666667,4.633666666666667,4.1677333333333335,3.7018,3.2358666666666664,2.7699333333333334,2.304,2.304,2.304,2.304,2.304,2.304,2.2005999999999997,2.0972,1.9937999999999998,1.8903999999999999,1.787,1.7542,1.7214,1.6885999999999999,1.6558,1.623,1.5584,1.4938,1.4291999999999998,1.3645999999999998,1.2999999999999998,1.2999999999999998,1.2999999999999998,1.2999999999999998,1.2999999999999998,1.2999999999999998
123,active,seeded,liquid,3,,,,,9.373666666666667,9.097866666666667,8.822066666666666,8.546266666666668,8.270466666666668,7.994666666666667,7.994666666666667,7.994666666666667,7.994666666666667,7.994666666666667,7.994666666666667,7.804333333333334,7.614000000000001,7.4236666666666675,7.233333333333333,7.043,6.4828,5.9226,5.3624,4.8022,4.242,3.90375,3.5655,3.2272499999999997,2.889,2.889,2.889,2.889,2.889,2.889,2.6003333333333334,2.3116666666666665,2.0229999999999997,1.7343333333333333,1.4456666666666667,1.4456666666666667,1.4456666666666667,1.4456666666666667,1.4456666666666667,1.4456666666666667,1.4456666666666667,1.4456666666666667,1.4456666666666667,1.4456666666666667,1.4456666666666667,
124,active,seeded,liquid,4,,,,,9.472333333333333,9.2834,9.094466666666667,8.905533333333333,8.7166,8.527666666666667,8.111733333333333,7.6958,7.279866666666667,6.863933333333334,6.448,5.863866666666667,5.279733333333334,4.695600000000001,4.111466666666667,3.5273333333333334,3.5273333333333334,3.5273333333333334,3.5273333333333334,3.5273333333333334,2.9062,2.285066666666667,1.6639333333333335,1.0428000000000002,0.4216666666666667,0.4216666666666667,0.4216666666666667,0.4216666666666667,0.4216666666666667,0.4216666666666667,0.4216666666666667,0.4216666666666667,0.4216666666666667,0.4216666666666667,0.4216666666666667,0.4216666666666667,0.4216666666666667,0.4216666666666667,0.4216666666666667,0.4216666666666667,0.4216666666666667,0.4216666666666667,0.4216666666666667,0.4216666666666667,0.4216666666666667,
125,active,seeded,string,0,,,,,6.743666666666667,6.3784,6.013133333333333,5.647866666666667,5.2826,4.917333333333334,4.5984,4.279466666666667,3.9605333333333332,3.6416,3.3226666666666667,3.2966,3.2705333333333333,3.244466666666667,3.2184,3.1923333333333335,3.1122666666666667,3.0322,2.9521333333333333,2.8720666666666665,2.792,2.776333333333333,2.7606666666666664,2.745,2.7293333333333334,2.7136666666666667,2.7136666666666667,2.7136666666666667,2.7136666666666667,2.7136666666666667,2.7136666666666667,2.7124,2.711133333333333,2.7098666666666666,2.7085999999999997,2.707333333333333,2.4898666666666665,2.2723999999999998,2.0549333333333335,1.8374666666666666,1.6199999999999999,1.521,1.422,1.323,1.224,1.125
126,active,seeded,string,1,,,,,3.669333333333333,3.669333333333333,3.669333333333333,3.669333333333333,3.669333333333333,3.669333333333333,3.6184,3.5674666666666663,3.5165333333333333,3.4656,3.4146666666666667,3.4146666666666667,3.4146666666666667,3.4146666666666667,3.4146666666666667,3.4146666666666667,3.0166666666666666,2.618666666666667,2.220666666666667,1.8226666666666667,1.7194,1.6161333333333332,1.5128666666666666,1.4095999999999997,1.3063333333333331,1.3063333333333331,1.3063333333333331,1.3063333333333331,1.3063333333333331,1.3063333333333331,1.1263333333333332,0.9463333333333331,0.7663333333333331,0.5863333333333332,0.40633333333333327,0.40633333333333327,0.40633333333333327,0.40633333333333327,0.40633333333333327,0.40633333333333327,0.40633333333333327,0.40633333333333327,0.40633333333333327,0.40633333333333327,0.40633333333333327,
127,active,seeded,string,2,,,,,7.3806666666666665,6.2914666666666665,5.202266666666667,4.113066666666667,3.0238666666666667,1.9346666666666668,1.9346666666666668,1.9346666666666668,1.9346666666666668,1.9346666666666668,1.9346666666666668,1.8451333333333333,1.7556,1.6660666666666666,1.5765333333333333,1.4869999999999999,1.4869999999999999,1.4869999999999999,1.4869999999999999,1.4869999999999999,1.4869999999999999,1.4869999999999999,1.4869999999999999,1.4869999999999999,1.4869999999999999,1.359,1.2309999999999999,1.103,0.9750000000000001,0.8470000000000001,0.7470666666666668,0.6471333333333333,0.5472,0.4472666666666667,0.3473333333333333,0.3473333333333333,0.3473333333333333,0.3473333333333333,0.3473333333333333,0.3473333333333333,0.3473333333333333,0.3473333333333333,0.3473333333333333,0.3473333333333333,0.3473333333333333,
128,active,seeded,string,3,,,,,7.906999999999999,6.623933333333333,5.340866666666666,4.057799999999999,2.774733333333333,1.4916666666666665,1.3000833333333333,1.1084999999999998,0.9169166666666666,0.7253333333333334,0.7253333333333334,0.7253333333333334,0.7253333333333334,0.7253333333333334,0.7253333333333334,0.674,0.6226666666666667,0.5713333333333332,0.52,0.4686666666666666,0.4686666666666666,0.4686666666666666,0.4686666666666666,0.4686666666666666,0.4686666666666666,0.4686666666666666,0.4686666666666666,0.4686666666666666,0.4686666666666666,0.4686666666666666,0.4686666666666666,0.4686666666666666,0.4686666666666666,0.4686666666666666,0.4686666666666666,0.42579999999999996,0.38293333333333335,0.3400666666666667,0.2972,0.25433333333333336,0.25433333333333336,0.25433333333333336,0.25433333333333336,0.25433333333333336,0.25433333333333336,
129,active,seeded,string,4,,,,,5.104333333333333,4.349333333333333,3.594333333333333,2.8393333333333333,2.0843333333333334,1.3293333333333333,1.2885,1.2476666666666667,1.2068333333333334,1.1660000000000001,1.1344666666666667,1.1029333333333333,1.0714000000000001,1.0398666666666667,1.0083333333333333,0.9324666666666667,0.8566,0.7807333333333333,0.7048666666666666,0.629,0.5408000000000001,0.4526,0.36440000000000006,0.27620000000000006,0.18800000000000003,0.18800000000000003,0.18800000000000003,0.18800000000000003,0.18800000000000003,0.18800000000000003,0.18800000000000003,0.18800000000000003,0.18800000000000003,0.18800000000000003,0.18800000000000003,0.18800000000000003,0.18800000000000003,0.18800000000000003,0.18800000000000003,0.18800000000000003,0.18800000000000003,0.18800000000000003,0.18800000000000003,0.18800000000000003,0.18800000000000003,
130,active,seeded,membrane,0,,,,,7.82,7.239800000000001,6.6596,6.079400000000001,5.4992,4.9190000000000005,4.3740000000000006,3.8290000000000006,3.2840000000000003,2.7390000000000003,2.6838,2.6286,2.5734000000000004,2.5182,2.463,2.463,2.463,2.463,2.463,2.463,2.1574,1.8518000000000001,1.5462000000000002,1.2406000000000001,0.935,0.9106666666666667,0.8863333333333334,0.8620000000000001,0.8376666666666668,0.8133333333333335,0.7500000000000001,0.6866666666666668,0.6233333333333333,0.56,0.49666666666666665,0.46659999999999996,0.43653333333333333,0.40646666666666664,0.37639999999999996,0.3463333333333333,0.3463333333333333,0.3463333333333333,0.3463333333333333,0.3463333333333333,0.3463333333333333,
131,active,seeded,membrane,1,,,,,8.726666666666667,8.709866666666667,8.693066666666667,8.676266666666665,8.659466666666665,8.642666666666665,8.185733333333332,7.728799999999999,7.271866666666666,6.814933333333332,6.358,5.717,5.076,4.4350000000000005,3.794,3.153,2.9422,2.7314000000000003,2.5206,2.3098,2.099,1.9178000000000002,1.7366000000000001,1.5554,1.3741999999999999,1.1929999999999998,1.1929999999999998,1.1929999999999998,1.1929999999999998,1.1929999999999998,1.1929999999999998,1.1929999999999998,1.1929999999999998,1.1929999999999998,1.1929999999999998,1.1929999999999998,1.1602,1.1274,1.0945999999999998,1.0617999999999999,1.029,1.029,1.029,1.029,1.029,1.029
132,active,seeded,membrane,2,,,,,9.667333333333334,8.2286,6.789866666666667,5.351133333333333,3.9124,2.4736666666666665,2.2960833333333333,2.1185,1.9409166666666666,1.7633333333333334,1.7633333333333334,1.7633333333333334,1.7633333333333334,1.7633333333333334,1.7633333333333334,1.6078000000000001,1.4522666666666666,1.2967333333333333,1.1412,0.9856666666666666,0.9487333333333333,0.9117999999999999,0.8748666666666667,0.8379333333333334,0.801,0.7548,0.7086,0.6624,0.6162,0.57,0.57,0.57,0.57,0.57,0.57,0.5482,0.5264,0.5045999999999999,0.4828,0.461,0.461,0.461,0.461,0.461,0.461,
133,active,seeded,membrane,3,,,,,10.298,8.633866666666666,6.969733333333334,5.3056,3.641466666666667,1.9773333333333334,1.9620666666666666,1.9467999999999999,1.9315333333333333,1.9162666666666666,1.9009999999999998,1.7600666666666664,1.619133333333333,1.4782,1.3372666666666666,1.1963333333333332,1.0954,0.9944666666666666,0.8935333333333334,0.7926000000000001,0.6916666666666668,0.683,0.6743333333333333,0.6656666666666667,0.657,0.6483333333333333,0.6483333333333333,0.6483333333333333,0.6483333333333333,0.6483333333333333,0.6483333333333333,0.616,0.5836666666666667,0.5513333333333333,0.5189999999999999,0.48666666666666664,0.4732666666666666,0.45986666666666665,0.4464666666666666,0.43306666666666666,0.41966666666666663,0.41966666666666663,0.41966666666666663,0.41966666666666663,0.41966666666666663,0.41966666666666663
134,active,seeded,membrane,4,,,,,5.488333333333333,4.913666666666667,4.339,3.764333333333333,3.1896666666666667,2.6149999999999998,2.6149999999999998,2.6149999999999998,2.6149999999999998,2.6149999999999998,2.6149999999999998,2.3342,2.0534,1.7726,1.4918,1.211,1.211,1.211,1.211,1.211,1.211,1.211,1.211,1.211,1.211,1.211,1.211,1.211,1.211,1.211,1.211,1.2013333333333334,1.1916666666666667,1.1820000000000002,1.1723333333333334,1.1626666666666667,1.1626666666666667,1.1626666666666667,1.1626666666666667,1.1626666666666667,1.1626666666666667,1.1626666666666667,1.1626666666666667,1.1626666666666667,1.1626666666666667,1.1626666666666667
135,active,seeded,vesicle,0,,,,,6.516666666666667,5.4338,4.350933333333334,3.268066666666667,2.1852,1.1023333333333334,1.1023333333333334,1.1023333333333334,1.1023333333333334,1.1023333333333334,1.1023333333333334,1.1023333333333334,1.1023333333333334,1.1023333333333334,1.1023333333333334,1.1023333333333334,1.1023333333333334,1.1023333333333334,1.1023333333333334,1.1023333333333334,1.1023333333333334,1.0416,0.9808666666666667,0.9201333333333334,0.8593999999999999,0.7986666666666666,0.7456666666666666,0.6926666666666667,0.6396666666666666,0.5866666666666667,0.5336666666666666,0.5336666666666666,0.5336666666666666,0.5336666666666666,0.5336666666666666,0.5336666666666666,0.5261333333333333,0.5186,0.5110666666666667,0.5035333333333333,0.496,0.496,0.496,0.496,0.496,0.496
136,active,seeded,vesicle,1,,,,,10.893666666666666,9.6074,8.321133333333332,7.034866666666666,5.7486,4.4623333333333335,4.2596,4.056866666666667,3.8541333333333334,3.6513999999999998,3.4486666666666665,3.3192,3.1897333333333333,3.0602666666666667,2.9308,2.8013333333333335,2.7017333333333333,2.602133333333333,2.502533333333333,2.4029333333333334,2.3033333333333332,2.3033333333333332,2.3033333333333332,2.3033333333333332,2.3033333333333332,2.3033333333333332,2.2123999999999997,2.1214666666666666,2.030533333333333,1.9395999999999998,1.8486666666666665,1.7944666666666664,1.7402666666666664,1.6860666666666666,1.6318666666666666,1.5776666666666666,1.5382,1.4987333333333333,1.4592666666666667,1.4198,1.3803333333333334,1.3803333333333334,1.3803333333333334,1.3803333333333334,1.3803333333333334,1.3803333333333334
137,active,seeded,vesicle,2,,,,,7.623,6.997066666666667,6.371133333333333,5.7452,5.119266666666666,4.493333333333333,4.029,3.5646666666666667,3.100333333333333,2.6359999999999997,2.6359999999999997,2.6359999999999997,2.6359999999999997,2.6359999999999997,2.6359999999999997,2.6359999999999997,2.6359999999999997,2.6359999999999997,2.6359999999999997,2.6359999999999997,2.4604,2.2847999999999997,2.1092,1.9336,1.758,1.758,1.758,1.758,1.758,1.758,1.6225333333333334,1.4870666666666668,1.3516,1.2161333333333333,1.0806666666666667,1.0262,0.9717333333333333,0.9172666666666667,0.8627999999999999,0.8083333333333332,0.8083333333333332,0.8083333333333332,0.8083333333333332,0.8083333333333332,0.8083333333333332,
138,active,seeded,vesicle,3,,,,,7.689666666666667,7.3444666666666665,6.999266666666666,6.654066666666666,6.308866666666666,5.963666666666666,5.607266666666666,5.250866666666666,4.894466666666666,4.5380666666666665,4.181666666666667,4.181666666666667,4.181666666666667,4.181666666666667,4.181666666666667,4.181666666666667,3.9757333333333333,3.7698,3.5638666666666667,3.357933333333333,3.1519999999999997,2.7726666666666664,2.393333333333333,2.0140000000000002,1.6346666666666667,1.2553333333333334,1.1914,1.1274666666666666,1.0635333333333334,0.9996,0.9356666666666666,0.9356666666666666,0.9356666666666666,0.9356666666666666,0.9356666666666666,0.9356666666666666,0.9356666666666666,0.9356666666666666,0.9356666666666666,0.9356666666666666,0.9356666666666666,0.9356666666666666,0.9356666666666666,0.9356666666666666,0.9356666666666666,0.9356666666666666
139,active,seeded,vesicle,4,,,,,4.519333333333333,4.1774,3.8354666666666666,3.493533333333333,3.1516,2.8096666666666668,2.8096666666666668,2.8096666666666668,2.8096666666666668,2.8096666666666668,2.8096666666666668,2.6449333333333334,2.4802,2.3154666666666666,2.150733333333333,1.986,1.8275333333333335,1.6690666666666667,1.5106000000000002,1.3521333333333336,1.1936666666666669,1.1936666666666669,1.1936666666666669,1.1936666666666669,1.1936666666666669,1.1936666666666669,1.1936666666666669,1.1936666666666669,1.1936666666666669,1.1936666666666669,1.1936666666666669,1.0372500000000002,0.8808333333333335,0.7244166666666667,0.5680000000000001,0.5680000000000001,0.5680000000000001,0.5680000000000001,0.5680000000000001,0.5680000000000001,0.5680000000000001,0.5680000000000001,0.5680000000000001,0.5680000000000001,0.5680000000000001,
140,active,seeded,wormlike micelle,0,,,,,9.193333333333333,8.054266666666667,6.9152,5.776133333333332,4.637066666666666,3.4979999999999998,2.9964666666666666,2.494933333333333,1.9933999999999998,1.4918666666666667,0.9903333333333334,0.8504666666666667,0.7106000000000001,0.5707333333333334,0.43086666666666673,0.291,0.2796666666666667,0.2683333333333333,0.257,0.2456666666666667,0.23433333333333337,0.23433333333333337,0.23433333333333337,0.23433333333333337,0.23433333333333337,0.23433333333333337,0.23433333333333337,0.23433333333333337,0.23433333333333337,0.23433333333333337,0.23433333333333337,0.23433333333333337,0.23433333333333337,0.23433333333333337,0.23433333333333337,0.23433333333333337,0.23433333333333337,0.23433333333333337,0.23433333333333337,0.23433333333333337,0.2172666666666667,0.20020000000000002,0.18313333333333334,0.16606666666666667,0.149,
141,active,seeded,wormlike micelle,1,,,,,3.321,3.1253333333333333,2.929666666666667,2.734,2.538333333333333,2.3426666666666667,2.3426666666666667,2.3426666666666667,2.3426666666666667,2.3426666666666667,2.3426666666666667,2.3126,2.2825333333333333,2.252466666666667,2.2224,2.1923333333333335,2.1923333333333335,2.1923333333333335,2.1923333333333335,2.1923333333333335,2.1923333333333335,2.1923333333333335,2.1923333333333335,2.1923333333333335,2.1923333333333335,2.1923333333333335,2.1923333333333335,2.1923333333333335,2.1923333333333335,2.1923333333333335,2.1416666666666666,2.091,2.0403333333333333,1.9896666666666667,1.939,1.939,1.939,1.939,1.939,1.939,1.939,1.939,1.939,1.939,1.939,
142,active,seeded,wormlike micelle,2,,,,,11.299000000000001,9.7736,8.2482,6.722799999999999,5.197399999999999,3.6719999999999993,3.3074166666666662,2.9428333333333327,2.5782499999999997,2.2136666666666667,1.8910666666666667,1.5684666666666667,1.2458666666666667,0.9232666666666667,0.6006666666666667,0.6006666666666667,0.6006666666666667,0.6006666666666667,0.6006666666666667,0.6006666666666667,0.5898,0.5789333333333333,0.5680666666666667,0.5572,0.5463333333333333,0.5384,0.5304666666666666,0.5225333333333334,0.5146000000000001,0.5066666666666667,0.4743333333333334,0.442,0.4096666666666667,0.3773333333333333,0.345,0.31686666666666663,0.28873333333333334,0.2606,0.23246666666666665,0.20433333333333334,0.18106666666666668,0.1578,0.13453333333333334,0.11126666666666668,0.08800000000000001,
143,active,seeded,wormlike micelle,3,,,,,10.602666666666666,8.426833333333333,6.2509999999999994,4.075166666666666,1.8993333333333335,1.86,1.8206666666666669,1.7813333333333334,1.7420000000000002,1.7026666666666668,1.5966666666666667,1.4906666666666666,1.3846666666666665,1.2786666666666666,1.1726666666666665,1.1147999999999998,1.0569333333333333,0.9990666666666667,0.9412,0.8833333333333334,0.8067333333333334,0.7301333333333333,0.6535333333333333,0.5769333333333333,0.5003333333333333,0.5003333333333333,0.5003333333333333,0.5003333333333333,0.5003333333333333,0.5003333333333333,0.4580666666666666,0.41579999999999995,0.37353333333333333,0.33126666666666665,0.289,0.289,0.289,0.289,0.289,0.289,0.2879333333333333,0.28686666666666666,0.2858,0.28473333333333334,0.2836666666666667,
144,active,seeded,wormlike micelle,4,,,,,9.659333333333334,9.257933333333334,8.856533333333335,8.455133333333334,8.053733333333334,7.652333333333334,6.584266666666667,5.5162,4.448133333333334,3.380066666666667,2.312,1.9300666666666664,1.5481333333333331,1.1662,0.7842666666666664,0.40233333333333327,0.40233333333333327,0.40233333333333327,0.40233333333333327,0.40233333333333327,0.40233333333333327,0.40233333333333327,0.40233333333333327,0.40233333333333327,0.40233333333333327,0.40233333333333327,0.3600666666666666,0.31779999999999997,0.2755333333333333,0.23326666666666662,0.19099999999999998,0.19099999999999998,0.19099999999999998,0.19099999999999998,0.19099999999999998,0.19099999999999998,0.19099999999999998,0.19099999999999998,0.19099999999999998,0.19099999999999998,0.19099999999999998,0.19099999999999998,0.19099999999999998,0.19099999999999998,0.19099999999999998,0.19099999999999998
145,active,seeded,spherical micelle,0,,,,,6.540666666666667,5.6286,4.7165333333333335,3.8044666666666664,2.8924,1.9803333333333333,1.9803333333333333,1.9803333333333333,1.9803333333333333,1.9803333333333333,1.9803333333333333,1.9803333333333333,1.9803333333333333,1.9803333333333333,1.9803333333333333,1.9803333333333333,1.8572666666666666,1.7342,1.6111333333333333,1.4880666666666666,1.365,1.3619999999999999,1.359,1.3559999999999999,1.353,1.3499999999999999,1.3394,1.3288,1.3181999999999998,1.3075999999999999,1.297,1.297,1.297,1.297,1.297,1.297,1.297,1.297,1.297,1.297,1.297,1.297,1.297,1.297,1.297,1.297
146,active,seeded,spherical micelle,1,,,,,5.720666666666666,5.2763333333333335,4.832,4.387666666666666,3.9433333333333334,3.499,3.3627333333333334,3.2264666666666666,3.0902,2.953933333333333,2.8176666666666663,2.6565999999999996,2.495533333333333,2.3344666666666667,2.1734,2.0123333333333333,2.0123333333333333,2.0123333333333333,2.0123333333333333,2.0123333333333333,2.0123333333333333,2.0123333333333333,2.0123333333333333,2.0123333333333333,2.0123333333333333,2.0123333333333333,2.0123333333333333,2.0123333333333333,2.0123333333333333,2.0123333333333333,2.0123333333333333,2.0123333333333333,2.0123333333333333,2.0123333333333333,2.0123333333333333,2.0123333333333333,1.9519333333333333,1.8915333333333333,1.8311333333333333,1.7707333333333335,1.7103333333333335,1.7103333333333335,1.7103333333333335,1.7103333333333335,1.7103333333333335,1.7103333333333335
147,active,seeded,spherical micelle,2,,,,,7.448333333333333,6.320933333333333,5.193533333333333,4.066133333333333,2.9387333333333325,1.811333333333333,1.590583333333333,1.3698333333333332,1.1490833333333332,0.9283333333333333,0.8482666666666667,0.7682,0.6881333333333334,0.6080666666666668,0.528,0.45880000000000004,0.38960000000000006,0.3204,0.25120000000000003,0.18200000000000002,0.18200000000000002,0.18200000000000002,0.18200000000000002,0.18200000000000002,0.18200000000000002,0.18200000000000002,0.18200000000000002,0.18200000000000002,0.18200000000000002,0.18200000000000002,0.18200000000000002,0.18200000000000002,0.18200000000000002,0.18200000000000002,0.18200000000000002,0.18200000000000002,0.18200000000000002,0.18200000000000002,0.18200000000000002,0.18200000000000002,0.18200000000000002,0.18200000000000002,0.18200000000000002,0.18200000000000002,0.18200000000000002,
148,active,seeded,spherical micelle,3,,,,,5.917333333333333,5.463933333333333,5.010533333333333,4.557133333333333,4.1037333333333335,3.6503333333333337,3.1253333333333337,2.6003333333333334,2.0753333333333335,1.5503333333333336,1.0253333333333334,1.0253333333333334,1.0253333333333334,1.0253333333333334,1.0253333333333334,1.0253333333333334,0.9742666666666667,0.9232,0.8721333333333334,0.8210666666666667,0.77,0.7314,0.6928000000000001,0.6542000000000001,0.6156,0.5770000000000001,0.5770000000000001,0.5770000000000001,0.5770000000000001,0.5770000000000001,0.5770000000000001,0.5770000000000001,0.5770000000000001,0.5770000000000001,0.5770000000000001,0.5770000000000001,0.5770000000000001,0.5770000000000001,0.5770000000000001,0.5770000000000001,0.5770000000000001,0.5770000000000001,0.5770000000000001,0.5770000000000001,0.5770000000000001,
149,active,seeded,spherical micelle,4,,,,,9.670333333333332,9.052333333333332,8.434333333333333,7.816333333333333,7.198333333333332,6.580333333333333,5.6685,4.756666666666666,3.844833333333333,2.933,2.723133333333333,2.5132666666666665,2.3034,2.0935333333333332,1.8836666666666666,1.8386,1.7935333333333332,1.7484666666666666,1.7033999999999998,1.6583333333333332,1.5469333333333333,1.4355333333333333,1.3241333333333332,1.2127333333333332,1.1013333333333333,1.0236,0.9458666666666666,0.8681333333333333,0.7904,0.7126666666666667,0.6172666666666666,0.5218666666666667,0.42646666666666666,0.3310666666666667,0.2356666666666667,0.2356666666666667,0.2356666666666667,0.2356666666666667,0.2356666666666667,0.2356666666666667,0.2356666666666667,0.2356666666666667,0.2356666666666667,0.2356666666666667,0.2356666666666667,
150,active,unseeded,liquid,0,,,,,11.443999999999997,11.163533333333332,10.883066666666664,10.602599999999999,10.322133333333332,10.041666666666666,10.041666666666666,10.041666666666666,10.041666666666666,10.041666666666666,10.041666666666666,9.111866666666666,8.182066666666666,7.252266666666666,6.322466666666666,5.392666666666666,4.632,3.871333333333333,3.110666666666666,2.3499999999999996,1.5893333333333333,1.569,1.5486666666666666,1.5283333333333333,1.508,1.4876666666666667,1.3725333333333334,1.2574,1.1422666666666665,1.0271333333333332,0.9119999999999999,0.8547333333333332,0.7974666666666667,0.7402,0.6829333333333334,0.6256666666666667,0.6066666666666667,0.5876666666666667,0.5686666666666667,0.5496666666666666,0.5306666666666666,0.5306666666666666,0.5306666666666666,0.5306666666666666,0.5306666666666666,0.5306666666666666
151,active,unseeded,liquid,1,,,,,12.865666666666664,11.443466666666664,10.021266666666666,8.599066666666666,7.176866666666665,5.754666666666666,5.754666666666666,5.754666666666666,5.754666666666666,5.754666666666666,5.754666666666666,5.530266666666666,5.305866666666666,5.081466666666666,4.857066666666666,4.632666666666666,3.924733333333333,3.2167999999999997,2.508866666666666,1.800933333333333,1.093,1.093,1.093,1.093,1.093,1.093,1.093,1.093,1.093,1.093,1.093,1.0342,0.9753999999999999,0.9166,0.8577999999999999,0.7989999999999999,0.7860666666666666,0.7731333333333332,0.7602,0.7472666666666666,0.7343333333333333,0.7243333333333333,0.7143333333333333,0.7043333333333334,0.6943333333333334,0.6843333333333333
152,active,unseeded,liquid,2,,,,,7.6176666666666675,7.6176666666666675,7.6176666666666675,7.6176666666666675,7.6176666666666675,7.6176666666666675,7.338800000000001,7.059933333333334,6.781066666666668,6.5022,6.223333333333334,6.079666666666667,5.936,5.792333333333334,5.648666666666666,5.505,5.505,5.505,5.505,5.505,5.505,5.505,5.505,5.505,5.505,5.505,5.505,5.505,5.505,5.505,5.505,5.505,5.505,5.505,5.505,5.505,5.505,5.505,5.505,5.505,5.505,5.0334,4.5618,4.090199999999999,3.6186,3.147
153,active,unseeded,liquid,3,,,,,8.752333333333333,8.752333333333333,8.752333333333333,8.752333333333333,8.752333333333333,8.752333333333333,8.417666666666666,8.083,7.748333333333333,7.413666666666667,7.079000000000001,6.900666666666667,6.722333333333334,6.5440000000000005,6.365666666666668,6.187333333333334,6.187333333333334,6.187333333333334,6.187333333333334,6.187333333333334,6.187333333333334,5.966333333333334,5.745333333333334,5.524333333333334,5.303333333333334,5.082333333333334,5.082333333333334,5.082333333333334,5.082333333333334,5.082333333333334,5.082333333333334,5.082333333333334,5.082333333333334,5.082333333333334,5.082333333333334,5.082333333333334,5.070266666666667,5.0582,5.0461333333333345,5.034066666666668,5.022000000000001,5.022000000000001,5.022000000000001,5.022000000000001,5.022000000000001,5.022000000000001
154,active,unseeded,liquid,4,,,,,9.075666666666667,8.189466666666666,7.303266666666667,6.417066666666667,5.530866666666666,4.644666666666667,4.644666666666667,4.644666666666667,4.644666666666667,4.644666666666667,4.644666666666667,4.644666666666667,4.644666666666667,4.644666666666667,4.644666666666667,4.644666666666667,4.487466666666666,4.330266666666667,4.173066666666667,4.015866666666667,3.8586666666666667,3.8586666666666667,3.8586666666666667,3.8586666666666667,3.8586666666666667,3.8586666666666667,3.517333333333333,3.176,2.8346666666666667,2.493333333333333,2.1519999999999997,2.1519999999999997,2.1519999999999997,2.1519999999999997,2.1519999999999997,2.1519999999999997,2.0026666666666664,1.853333333333333,1.704,1.5546666666666666,1.4053333333333333,1.4053333333333333,1.4053333333333333,1.4053333333333333,1.4053333333333333,1.4053333333333333
155,active,unseeded,string,0,,,,,9.988333333333333,9.895466666666666,9.8026,9.709733333333332,9.616866666666667,9.524,8.3384,7.152799999999999,5.9672,4.7816,3.596,3.4114666666666666,3.226933333333333,3.0423999999999998,2.8578666666666668,2.6733333333333333,2.5928,2.5122666666666666,2.4317333333333333,2.3512,2.2706666666666666,2.2706666666666666,2.2706666666666666,2.2706666666666666,2.2706666666666666,2.2706666666666666,2.2131333333333334,2.1555999999999997,2.0980666666666665,2.0405333333333333,1.9829999999999999,1.9678666666666664,1.9527333333333332,1.9375999999999998,1.9224666666666665,1.907333333333333,1.8928666666666665,1.8783999999999998,1.8639333333333332,1.8494666666666666,1.835,1.8235999999999999,1.8121999999999998,1.8008,1.7893999999999999,1.7779999999999998
156,active,unseeded,string,1,,,,,7.0889999999999995,7.0889999999999995,7.0889999999999995,7.0889999999999995,7.0889999999999995,7.0889999999999995,6.625866666666666,6.162733333333333,5.699599999999999,5.236466666666666,4.7733333333333325,4.7733333333333325,4.7733333333333325,4.7733333333333325,4.7733333333333325,4.7733333333333325,4.7733333333333325,4.7733333333333325,4.7733333333333325,4.7733333333333325,4.7733333333333325,4.7733333333333325,4.7733333333333325,4.7733333333333325,4.7733333333333325,4.7733333333333325,4.7733333333333325,4.7733333333333325,4.7733333333333325,4.7733333333333325,4.7733333333333325,4.7733333333333325,4.7733333333333325,4.7733333333333325,4.7733333333333325,4.7733333333333325,4.7733333333333325,4.7733333333333325,4.7733333333333325,4.7733333333333325,4.7733333333333325,4.7733333333333325,4.7733333333333325,4.7733333333333325,4.7733333333333325,4.7733333333333325
157,active,unseeded,string,2,,,,,9.714,9.266133333333334,8.818266666666666,8.3704,7.922533333333334,7.474666666666667,7.344666666666667,7.214666666666667,7.084666666666666,6.954666666666666,6.824666666666666,6.824666666666666,6.824666666666666,6.824666666666666,6.824666666666666,6.824666666666666,6.824666666666666,6.824666666666666,6.824666666666666,6.824666666666666,6.824666666666666,6.404533333333333,5.9844,5.564266666666667,5.1441333333333334,4.724,4.724,4.724,4.724,4.724,4.724,4.413133333333334,4.102266666666667,3.7914,3.4805333333333333,3.1696666666666666,3.1696666666666666,3.1696666666666666,3.1696666666666666,3.1696666666666666,3.1696666666666666,2.9704,2.7711333333333332,2.5718666666666667,2.3726000000000003,2.1733333333333333
158,active,unseeded,string,3,,,,,12.219,10.7544,9.2898,7.8252,6.3606,4.896,4.174666666666667,3.453333333333333,2.732,2.010666666666667,1.2893333333333332,1.2893333333333332,1.2893333333333332,1.2893333333333332,1.2893333333333332,1.2893333333333332,1.232,1.1746666666666665,1.1173333333333333,1.0599999999999998,1.0026666666666666,1.0026666666666666,1.0026666666666666,1.0026666666666666,1.0026666666666666,1.0026666666666666,0.9755999999999999,0.9485333333333333,0.9214666666666667,0.8944000000000001,0.8673333333333334,0.7575333333333334,0.6477333333333334,0.5379333333333334,0.42813333333333337,0.31833333333333336,0.31833333333333336,0.31833333333333336,0.31833333333333336,0.31833333333333336,0.31833333333333336,0.31833333333333336,0.31833333333333336,0.31833333333333336,0.31833333333333336,0.31833333333333336
159,active,unseeded,string,4,,,,,8.822333333333333,8.6714,8.520466666666666,8.369533333333333,8.218599999999999,8.067666666666666,8.067666666666666,8.067666666666666,8.067666666666666,8.067666666666666,8.067666666666666,8.033466666666666,7.999266666666665,7.965066666666666,7.930866666666666,7.896666666666666,7.896666666666666,7.896666666666666,7.896666666666666,7.896666666666666,7.896666666666666,7.896666666666666,7.896666666666666,7.896666666666666,7.896666666666666,7.896666666666666,7.691199999999999,7.485733333333333,7.280266666666666,7.0748,6.8693333333333335,6.806933333333333,6.744533333333333,6.682133333333334,6.6197333333333335,6.557333333333333,6.402266666666667,6.2472,6.092133333333333,5.9370666666666665,5.782,5.782,5.782,5.782,5.782,5.782
160,active,unseeded,membrane,0,,,,,7.6290000000000004,7.562066666666667,7.495133333333334,7.4282,7.361266666666667,7.294333333333334,6.6302,5.966066666666667,5.301933333333333,4.6378,3.9736666666666665,3.9736666666666665,3.9736666666666665,3.9736666666666665,3.9736666666666665,3.9736666666666665,3.8196,3.6655333333333333,3.5114666666666663,3.3573999999999997,3.203333333333333,3.203333333333333,3.203333333333333,3.203333333333333,3.203333333333333,3.203333333333333,3.203333333333333,3.203333333333333,3.203333333333333,3.203333333333333,3.203333333333333,3.203333333333333,3.203333333333333,3.203333333333333,3.203333333333333,3.203333333333333,3.203333333333333,3.203333333333333,3.203333333333333,3.203333333333333,3.203333333333333,2.9667999999999997,2.7302666666666666,2.493733333333333,2.2572,2.0206666666666666
161,active,unseeded,membrane,1,,,,,8.321333333333333,8.124266666666667,7.927200000000001,7.730133333333335,7.5330666666666675,7.336000000000001,7.096000000000001,6.856000000000001,6.6160000000000005,6.376,6.136,6.136,6.136,6.136,6.136,6.136,5.457533333333333,4.779066666666667,4.1006,3.422133333333333,2.7436666666666665,2.6000666666666663,2.4564666666666666,2.3128666666666664,2.1692666666666662,2.0256666666666665,1.9353333333333331,1.845,1.7546666666666666,1.6643333333333334,1.574,1.4672,1.3604,1.2536,1.1468,1.04,1.04,1.04,1.04,1.04,1.04,1.04,1.04,1.04,1.04,1.04
162,active,unseeded,membrane,2,,,,,5.9430000000000005,5.378533333333333,4.814066666666667,4.2496,3.6851333333333334,3.1206666666666667,3.0038,2.8869333333333334,2.7700666666666667,2.6532,2.5363333333333333,2.5363333333333333,2.5363333333333333,2.5363333333333333,2.5363333333333333,2.5363333333333333,2.5363333333333333,2.5363333333333333,2.5363333333333333,2.5363333333333333,2.5363333333333333,2.5363333333333333,2.5363333333333333,2.5363333333333333,2.5363333333333333,2.5363333333333333,2.4198,2.3032666666666666,2.186733333333333,2.0702,1.9536666666666667,1.9536666666666667,1.9536666666666667,1.9536666666666667,1.9536666666666667,1.9536666666666667,1.9536666666666667,1.9536666666666667,1.9536666666666667,1.9536666666666667,1.9536666666666667,1.9536666666666667,1.9536666666666667,1.9536666666666667,1.9536666666666667,1.9536666666666667
163,active,unseeded,membrane,3,,,,,9.196333333333333,8.200800000000001,7.205266666666667,6.209733333333333,5.2142,4.218666666666667,4.1408,4.0629333333333335,3.9850666666666665,3.9071999999999996,3.829333333333333,3.7674,3.7054666666666662,3.643533333333333,3.5815999999999995,3.5196666666666663,3.2443999999999997,2.9691333333333327,2.693866666666666,2.4185999999999996,2.143333333333333,2.059733333333333,1.9761333333333333,1.8925333333333332,1.8089333333333333,1.7253333333333334,1.7253333333333334,1.7253333333333334,1.7253333333333334,1.7253333333333334,1.7253333333333334,1.7253333333333334,1.7253333333333334,1.7253333333333334,1.7253333333333334,1.7253333333333334,1.7202666666666666,1.7152,1.7101333333333333,1.7050666666666667,1.7,1.6715333333333333,1.6430666666666667,1.6146,1.5861333333333334,1.5576666666666668
164,active,unseeded,membrane,4,,,,,5.488333333333333,5.304733333333333,5.121133333333333,4.937533333333333,4.753933333333333,4.570333333333333,4.570333333333333,4.570333333333333,4.570333333333333,4.570333333333333,4.570333333333333,4.430133333333333,4.289933333333333,4.149733333333334,4.009533333333334,3.8693333333333335,3.8693333333333335,3.8693333333333335,3.8693333333333335,3.8693333333333335,3.8693333333333335,3.8693333333333335,3.8693333333333335,3.8693333333333335,3.8693333333333335,3.8693333333333335,3.8693333333333335,3.8693333333333335,3.8693333333333335,3.8693333333333335,3.8693333333333335,3.7574666666666667,3.6456,3.533733333333333,3.421866666666667,3.31,3.31,3.31,3.31,3.31,3.31,3.31,3.31,3.31,3.31,3.31
165,active,unseeded,vesicle,0,,,,,6.516666666666667,6.2532,5.989733333333333,5.726266666666666,5.4628,5.199333333333333,5.199333333333333,5.199333333333333,5.199333333333333,5.199333333333333,5.199333333333333,5.199333333333333,5.199333333333333,5.199333333333333,5.199333333333333,5.199333333333333,5.199333333333333,5.199333333333333,5.199333333333333,5.199333333333333,5.199333333333333,4.948799999999999,4.698266666666666,4.447733333333333,4.1972000000000005,3.9466666666666668,3.7383333333333333,3.53,3.3216666666666663,3.1133333333333333,2.905,2.8501999999999996,2.7954,2.7405999999999997,2.6858,2.631,2.5556666666666663,2.4803333333333333,2.405,2.3296666666666668,2.2543333333333333,2.2543333333333333,2.2543333333333333,2.2543333333333333,2.2543333333333333,2.2543333333333333
166,active,unseeded,vesicle,1,,,,,9.397333333333334,8.788733333333333,8.180133333333334,7.571533333333334,6.962933333333334,6.354333333333334,6.0187333333333335,5.683133333333333,5.347533333333333,5.011933333333333,4.676333333333333,4.6197333333333335,4.563133333333333,4.5065333333333335,4.449933333333333,4.3933333333333335,4.275133333333334,4.156933333333334,4.038733333333333,3.920533333333333,3.8023333333333333,3.8023333333333333,3.8023333333333333,3.8023333333333333,3.8023333333333333,3.8023333333333333,3.5952,3.388066666666667,3.180933333333334,2.9738,2.766666666666667,2.7161333333333335,2.6656,2.615066666666667,2.5645333333333333,2.514,2.4048666666666665,2.295733333333333,2.1866,2.0774666666666666,1.968333333333333,1.8379333333333332,1.7075333333333331,1.5771333333333333,1.4467333333333334,1.3163333333333334
167,active,unseeded,vesicle,2,,,,,5.409,5.409,5.409,5.409,5.409,5.409,5.099066666666666,4.789133333333333,4.4792,4.169266666666667,3.8593333333333333,3.8593333333333333,3.8593333333333333,3.8593333333333333,3.8593333333333333,3.8593333333333333,3.8589333333333333,3.8585333333333334,3.858133333333333,3.857733333333333,3.857333333333333,3.6706,3.4838666666666667,3.2971333333333335,3.1104000000000003,2.923666666666667,2.878466666666667,2.833266666666667,2.788066666666667,2.7428666666666666,2.6976666666666667,2.6976666666666667,2.6976666666666667,2.6976666666666667,2.6976666666666667,2.6976666666666667,2.6217333333333332,2.5458,2.469866666666667,2.3939333333333335,2.318,2.1255333333333333,1.9330666666666667,1.7406000000000001,1.5481333333333334,1.3556666666666668
168,active,unseeded,vesicle,3,,,,,6.0553333333333335,6.0156,5.975866666666667,5.936133333333333,5.8964,5.8566666666666665,5.624933333333333,5.3932,5.161466666666667,4.929733333333334,4.698,4.4134,4.1288,3.8442000000000003,3.5596,3.275,3.275,3.275,3.275,3.275,3.275,3.208133333333333,3.1412666666666667,3.0744,3.0075333333333334,2.9406666666666665,2.8858666666666664,2.8310666666666666,2.7762666666666664,2.7214666666666667,2.6666666666666665,2.6560666666666664,2.6454666666666666,2.6348666666666665,2.6242666666666667,2.6136666666666666,2.5366666666666666,2.4596666666666667,2.3826666666666667,2.3056666666666668,2.228666666666667,2.1222666666666665,2.0158666666666667,1.9094666666666666,1.8030666666666666,1.6966666666666665
169,active,unseeded,vesicle,4,,,,,4.519333333333333,4.357866666666666,4.1964,4.034933333333333,3.8734666666666664,3.7119999999999997,3.7119999999999997,3.7119999999999997,3.7119999999999997,3.7119999999999997,3.7119999999999997,3.7119999999999997,3.7119999999999997,3.7119999999999997,3.7119999999999997,3.7119999999999997,3.7119999999999997,3.7119999999999997,3.7119999999999997,3.7119999999999997,3.7119999999999997,3.4502666666666664,3.188533333333333,2.9268,2.6650666666666667,2.4033333333333333,2.4033333333333333,2.4033333333333333,2.4033333333333333,2.4033333333333333,2.4033333333333333,2.4033333333333333,2.4033333333333333,2.4033333333333333,2.4033333333333333,2.4033333333333333,2.390066666666667,2.3768000000000002,2.3635333333333333,2.3502666666666667,2.337,2.337,2.337,2.337,2.337,2.337
170,active,unseeded,wormlike micelle,0,,,,,7.657,7.561,7.465,7.369,7.273,7.177,7.028866666666667,6.880733333333333,6.7326,6.584466666666666,6.436333333333333,6.436333333333333,6.436333333333333,6.436333333333333,6.436333333333333,6.436333333333333,5.391266666666667,4.3462,3.301133333333333,2.2560666666666664,1.211,1.1081333333333334,1.0052666666666668,0.9024,0.7995333333333333,0.6966666666666667,0.6966666666666667,0.6966666666666667,0.6966666666666667,0.6966666666666667,0.6966666666666667,0.6941333333333334,0.6916,0.6890666666666667,0.6865333333333333,0.684,0.6589333333333334,0.6338666666666667,0.6088,0.5837333333333333,0.5586666666666666,0.5586666666666666,0.5586666666666666,0.5586666666666666,0.5586666666666666,0.5586666666666666
171,active,unseeded,wormlike micelle,1,,,,,3.321,3.321,3.321,3.321,3.321,3.321,3.228266666666667,3.1355333333333335,3.0427999999999997,2.9500666666666664,2.857333333333333,2.6937333333333333,2.530133333333333,2.3665333333333334,2.202933333333333,2.0393333333333334,2.0065333333333335,1.9737333333333333,1.9409333333333332,1.9081333333333332,1.875333333333333,1.875333333333333,1.875333333333333,1.875333333333333,1.875333333333333,1.875333333333333,1.875333333333333,1.875333333333333,1.875333333333333,1.875333333333333,1.875333333333333,1.875333333333333,1.875333333333333,1.875333333333333,1.875333333333333,1.875333333333333,1.875333333333333,1.875333333333333,1.875333333333333,1.875333333333333,1.875333333333333,1.875333333333333,1.875333333333333,1.875333333333333,1.875333333333333,1.875333333333333
172,active,unseeded,wormlike micelle,2,,,,,10.081333333333333,9.971,9.860666666666667,9.750333333333332,9.639999999999999,9.529666666666666,9.529666666666666,9.529666666666666,9.529666666666666,9.529666666666666,9.529666666666666,9.4606,9.391533333333333,9.322466666666665,9.2534,9.184333333333333,9.184333333333333,9.184333333333333,9.184333333333333,9.184333333333333,9.184333333333333,9.180533333333333,9.176733333333333,9.172933333333335,9.169133333333335,9.165333333333335,8.987266666666669,8.8092,8.631133333333334,8.453066666666667,8.275,7.373733333333334,6.472466666666667,5.5712,4.669933333333333,3.768666666666667,3.481866666666667,3.1950666666666665,2.9082666666666666,2.6214666666666666,2.3346666666666667,2.3182,2.3017333333333334,2.2852666666666663,2.2687999999999997,2.252333333333333
173,active,unseeded,wormlike micelle,3,,,,,10.602666666666666,9.216466666666665,7.830266666666667,6.444066666666666,5.0578666666666665,3.671666666666667,3.671666666666667,3.671666666666667,3.671666666666667,3.671666666666667,3.671666666666667,3.671666666666667,3.671666666666667,3.671666666666667,3.671666666666667,3.671666666666667,3.4992,3.3267333333333333,3.1542666666666666,2.9818000000000002,2.8093333333333335,2.7372666666666667,2.6652,2.5931333333333333,2.5210666666666666,2.449,2.449,2.449,2.449,2.449,2.449,2.449,2.449,2.449,2.449,2.449,2.449,2.449,2.449,2.449,2.449,2.449,2.449,2.449,2.449,2.449
174,active,unseeded,wormlike micelle,4,,,,,8.502,8.3492,8.1964,8.0436,7.8908,7.7379999999999995,7.7379999999999995,7.7379999999999995,7.7379999999999995,7.7379999999999995,7.7379999999999995,7.7379999999999995,7.7379999999999995,7.7379999999999995,7.7379999999999995,7.7379999999999995,7.7372,7.7364,7.735599999999999,7.734799999999999,7.733999999999999,7.733999999999999,7.733999999999999,7.733999999999999,7.733999999999999,7.733999999999999,7.733999999999999,7.733999999999999,7.733999999999999,7.733999999999999,7.733999999999999,7.733999999999999,7.733999999999999,7.733999999999999,7.733999999999999,7.733999999999999,7.733999999999999,7.733999999999999,7.733999999999999,7.733999999999999,7.733999999999999,7.733999999999999,7.733999999999999,7.733999999999999,7.733999999999999,7.733999999999999
175,active,unseeded,spherical micelle,0,,,,,5.045000000000001,5.045000000000001,5.045000000000001,5.045000000000001,5.045000000000001,5.045000000000001,4.957200000000001,4.869400000000001,4.781600000000001,4.6938,4.606000000000001,4.5692,4.532400000000001,4.4956000000000005,4.458800000000001,4.422000000000001,4.3306000000000004,4.2392,4.1478,4.0564,3.965,3.8878666666666666,3.8107333333333333,3.7335999999999996,3.6564666666666663,3.579333333333333,3.548533333333333,3.517733333333333,3.486933333333333,3.4561333333333333,3.425333333333333,3.313133333333333,3.200933333333333,3.088733333333333,2.9765333333333333,2.864333333333333,2.8548666666666667,2.8454,2.835933333333333,2.8264666666666667,2.817,2.768666666666667,2.7203333333333335,2.672,2.623666666666667,2.5753333333333335
176,active,unseeded,spherical micelle,1,,,,,5.519666666666667,5.519666666666667,5.519666666666667,5.519666666666667,5.519666666666667,5.519666666666667,5.519666666666667,5.519666666666667,5.519666666666667,5.519666666666667,5.519666666666667,5.2640666666666664,5.008466666666666,4.752866666666666,4.4972666666666665,4.241666666666666,4.230733333333333,4.2198,4.208866666666666,4.197933333333333,4.187,4.1114,4.0358,3.9602,3.8846,3.8089999999999997,3.8089999999999997,3.8089999999999997,3.8089999999999997,3.8089999999999997,3.8089999999999997,3.8089999999999997,3.8089999999999997,3.8089999999999997,3.8089999999999997,3.8089999999999997,3.8089999999999997,3.8089999999999997,3.8089999999999997,3.8089999999999997,3.8089999999999997,3.6236666666666664,3.438333333333333,3.2529999999999997,3.0676666666666663,2.882333333333333
177,active,unseeded,spherical micelle,2,,,,,7.448333333333333,6.653333333333333,5.858333333333333,5.063333333333333,4.268333333333333,3.473333333333333,3.4565333333333332,3.4397333333333333,3.422933333333333,3.406133333333333,3.389333333333333,3.3828,3.3762666666666665,3.3697333333333335,3.3632,3.356666666666667,3.3174,3.278133333333334,3.238866666666667,3.1996000000000007,3.160333333333334,3.160333333333334,3.160333333333334,3.160333333333334,3.160333333333334,3.160333333333334,3.160333333333334,3.160333333333334,3.160333333333334,3.160333333333334,3.160333333333334,3.160333333333334,3.160333333333334,3.160333333333334,3.160333333333334,3.160333333333334,3.160333333333334,3.160333333333334,3.160333333333334,3.160333333333334,3.160333333333334,3.160333333333334,3.160333333333334,3.160333333333334,3.160333333333334,3.160333333333334
178,active,unseeded,spherical micelle,3,,,,,5.917333333333333,5.8995999999999995,5.881866666666666,5.864133333333333,5.8464,5.828666666666667,5.698933333333334,5.5692,5.439466666666666,5.309733333333333,5.18,5.18,5.18,5.18,5.18,5.18,5.18,5.18,5.18,5.18,5.18,5.18,5.18,5.18,5.18,5.18,5.18,5.18,5.18,5.18,5.18,4.768133333333333,4.3562666666666665,3.9444,3.5325333333333333,3.1206666666666667,3.1206666666666667,3.1206666666666667,3.1206666666666667,3.1206666666666667,3.1206666666666667,3.107666666666667,3.094666666666667,3.0816666666666666,3.0686666666666667,3.0556666666666668
179,active,unseeded,spherical micelle,4,,,,,7.7203333333333335,7.490666666666667,7.261,7.031333333333333,6.801666666666667,6.572,6.572,6.572,6.572,6.572,6.572,6.5134,6.4548,6.3962,6.3376,6.279,6.1575999999999995,6.0362,5.9148,5.7934,5.672,5.651866666666666,5.631733333333333,5.611599999999999,5.591466666666666,5.571333333333333,5.571333333333333,5.571333333333333,5.571333333333333,5.571333333333333,5.571333333333333,5.437733333333333,5.304133333333333,5.170533333333333,5.036933333333333,4.903333333333333,4.836666666666667,4.7700000000000005,4.703333333333333,4.636666666666667,4.57,4.5675333333333334,4.565066666666667,4.562600000000001,4.560133333333334,4.557666666666667
180,evolutionary,seeded,liquid,0,,,,,11.443999999999997,10.714444444444442,9.984888888888888,9.255333333333333,8.197416666666665,7.1395,6.081583333333333,5.023666666666666,4.254888888888889,3.4861111111111107,2.717333333333333,2.717333333333333,2.717333333333333,2.5998333333333328,2.482333333333333,2.1214999999999997,1.7606666666666666,1.4675,1.1743333333333335,1.0761666666666667,0.9779999999999999,0.9779999999999999,0.9779999999999999,0.9779999999999999,0.9779999999999999,0.9779999999999999,0.9779999999999999,0.9779999999999999,0.9779999999999999,0.9779999999999999,0.9779999999999999,0.9779999999999999,0.9779999999999999,0.9779999999999999,0.8788333333333332,0.7796666666666666,0.7796666666666666,0.7796666666666666,0.638,0.638,0.638,0.638,0.638,0.638,0.638,0.638
181,evolutionary,seeded,liquid,1,,,,,15.639666666666665,10.296999999999999,5.486999999999999,5.486999999999999,5.486999999999999,3.732666666666667,2.3063333333333333,1.2233333333333334,1.0518333333333334,0.8803333333333333,0.8803333333333333,0.8803333333333333,0.8803333333333333,0.8803333333333333,0.8803333333333333,0.8803333333333333,0.8803333333333333,0.8803333333333333,0.8803333333333333,0.7853333333333333,0.7853333333333333,0.7000000000000001,0.7000000000000001,0.7000000000000001,0.7000000000000001,0.7000000000000001,0.7000000000000001,0.7000000000000001,0.7000000000000001,0.7000000000000001,0.7000000000000001,0.7000000000000001,0.7000000000000001,0.7000000000000001,0.7000000000000001,0.7000000000000001,0.7000000000000001,0.7000000000000001,0.7000000000000001,,,,,,,
182,evolutionary,seeded,liquid,2,,,,,7.6176666666666675,7.024111111111112,6.430555555555555,5.837,3.1799999999999997,1.7363333333333333,1.5723333333333334,1.4083333333333332,1.2443333333333333,1.2443333333333333,1.2443333333333333,1.2443333333333333,1.2443333333333333,1.2443333333333333,1.2443333333333333,1.2443333333333333,1.2443333333333333,1.2443333333333333,0.93,0.93,0.93,0.93,0.93,0.93,0.93,0.781,0.632,0.632,0.632,0.632,0.632,0.632,0.632,0.632,0.632,0.632,0.632,0.632,0.632,0.632,0.632,0.632,0.632,0.632,0.632,
183,evolutionary,seeded,liquid,3,,,,,9.373666666666667,8.879111111111111,8.384555555555556,7.890000000000001,6.175111111111112,4.460222222222223,2.7453333333333334,1.9138333333333333,1.0823333333333334,0.9158333333333334,0.7493333333333334,0.7493333333333334,0.7043333333333334,0.7043333333333334,0.7043333333333334,0.7043333333333334,0.7043333333333334,0.7043333333333334,0.7043333333333334,0.7043333333333334,0.7043333333333334,0.6343333333333333,0.6343333333333333,0.6343333333333333,0.6343333333333333,0.6343333333333333,0.6343333333333333,0.6343333333333333,0.6343333333333333,0.6343333333333333,0.6343333333333333,0.6343333333333333,0.6343333333333333,0.6343333333333333,0.6343333333333333,0.6343333333333333,0.6343333333333333,0.6343333333333333,0.6343333333333333,0.6343333333333333,0.6343333333333333,0.6343333333333333,,,,
184,evolutionary,seeded,liquid,4,,,,,9.472333333333333,9.472333333333333,7.056333333333334,5.495666666666667,3.935,2.1203333333333334,2.0285,1.9366666666666668,1.7956666666666665,1.4806666666666668,1.4371666666666667,1.3936666666666666,1.3936666666666666,1.2271666666666665,1.0606666666666664,1.016333333333333,0.9719999999999999,0.9276666666666666,0.9276666666666666,0.885,0.8423333333333334,0.8423333333333334,0.7113333333333333,0.7113333333333333,0.7113333333333333,0.7113333333333333,0.7113333333333333,0.7113333333333333,0.501,0.501,0.501,0.501,0.501,0.501,0.501,0.501,0.501,0.501,0.501,0.501,0.501,0.501,,,,
185,evolutionary,seeded,string,0,,,,,6.743666666666667,6.622888888888889,6.502111111111111,6.381333333333333,6.21425,6.0471666666666675,5.880083333333334,5.713000000000001,5.713000000000001,5.713000000000001,5.713000000000001,5.622444444444445,5.531888888888889,5.441333333333333,5.441333333333333,5.220166666666666,4.999,4.999,4.999,4.98,4.961,4.942500000000001,4.924,4.924,4.709444444444445,4.494888888888889,4.280333333333334,4.010000000000001,3.7396666666666674,3.4693333333333336,3.1990000000000003,3.1990000000000003,3.1990000000000003,2.986333333333333,2.986333333333333,2.986333333333333,2.986333333333333,2.986333333333333,2.9545,2.9226666666666667,2.9226666666666667,2.9226666666666667,2.9226666666666667,2.9226666666666667,2.9226666666666667,2.9226666666666667
186,evolutionary,seeded,string,1,,,,,3.669333333333333,1.7146666666666668,1.7146666666666668,1.7146666666666668,1.7146666666666668,1.7146666666666668,0.3986666666666667,0.3986666666666667,0.3986666666666667,0.3986666666666667,0.38466666666666666,0.38466666666666666,0.38466666666666666,0.38466666666666666,0.38466666666666666,0.38466666666666666,0.3415,0.29833333333333334,0.29833333333333334,0.29833333333333334,0.29833333333333334,0.29833333333333334,0.23466666666666666,0.23466666666666666,0.23466666666666666,0.23466666666666666,0.23466666666666666,0.23466666666666666,0.23466666666666666,0.165,0.165,0.165,0.165,0.165,0.165,0.165,0.165,0.165,0.165,,,,,,,
187,evolutionary,seeded,string,2,,,,,7.3806666666666665,6.593,5.8053333333333335,4.722222222222222,3.639111111111111,2.556,2.556,2.0493333333333332,1.5388888888888888,1.0284444444444445,0.518,0.518,0.5053333333333333,0.49266666666666664,0.49266666666666664,0.49266666666666664,0.49266666666666664,0.49266666666666664,0.49266666666666664,0.49266666666666664,0.49266666666666664,0.49266666666666664,0.49266666666666664,0.49266666666666664,0.49266666666666664,0.49266666666666664,0.49266666666666664,0.49266666666666664,0.49266666666666664,0.49266666666666664,0.49266666666666664,0.49266666666666664,0.49266666666666664,0.49266666666666664,0.49266666666666664,0.49266666666666664,0.49266666666666664,0.49266666666666664,0.49266666666666664,0.49266666666666664,0.49266666666666664,0.49266666666666664,0.49266666666666664,0.49266666666666664,0.3406666666666667,0.3406666666666667
188,evolutionary,seeded,string,3,,,,,7.906999999999999,7.906999999999999,7.411333333333334,6.163833333333335,4.916333333333334,3.2485000000000004,1.5806666666666667,1.5806666666666667,0.49833333333333335,0.49833333333333335,0.49833333333333335,0.49833333333333335,0.49833333333333335,0.49833333333333335,0.49833333333333335,0.49833333333333335,0.49833333333333335,0.49833333333333335,0.49833333333333335,0.4043333333333334,0.4043333333333334,0.4043333333333334,0.4043333333333334,0.4043333333333334,0.4043333333333334,0.4043333333333334,0.4043333333333334,0.4043333333333334,0.38033333333333336,0.38033333333333336,0.38033333333333336,0.38033333333333336,0.38033333333333336,0.38033333333333336,0.38033333333333336,0.38033333333333336,0.38033333333333336,0.38033333333333336,,,,,,,,
189,evolutionary,seeded,string,4,,,,,5.104333333333333,4.323666666666667,3.5430000000000006,3.5430000000000006,3.5430000000000006,1.7843333333333333,1.3118333333333334,0.8393333333333333,0.8393333333333333,0.8393333333333333,0.8393333333333333,0.8393333333333333,0.8393333333333333,0.8393333333333333,0.8393333333333333,0.8393333333333333,0.8393333333333333,0.8393333333333333,0.8393333333333333,0.6568333333333333,0.47433333333333333,0.47433333333333333,0.4343333333333333,0.4343333333333333,0.4343333333333333,0.4343333333333333,0.4343333333333333,0.4343333333333333,0.4343333333333333,0.42733333333333334,0.4203333333333334,0.4203333333333334,0.4203333333333334,0.4203333333333334,0.4203333333333334,0.4203333333333334,0.3771666666666667,0.334,0.334,0.334,0.334,0.334,0.334,,,
190,evolutionary,seeded,membrane,0,,,,,7.82,7.291888888888889,6.763777777777778,6.235666666666667,6.202416666666667,6.169166666666667,6.135916666666667,6.102666666666667,6.102666666666667,6.102666666666667,5.035,4.908166666666666,4.781333333333333,4.655333333333333,4.529333333333334,3.767333333333333,3.005333333333333,2.7991666666666664,2.593,2.5292222222222223,2.4654444444444445,2.401666666666667,2.401666666666667,2.401666666666667,2.401666666666667,2.1016666666666666,2.1016666666666666,1.9116666666666664,1.9116666666666664,1.9116666666666664,1.9116666666666664,1.9116666666666664,1.9116666666666664,1.9116666666666664,1.7426666666666666,1.7426666666666666,1.6333333333333335,1.5279999999999998,1.5279999999999998,1.5279999999999998,1.5279999999999998,1.5279999999999998,1.5279999999999998,1.5279999999999998,1.5279999999999998,1.5279999999999998
191,evolutionary,seeded,membrane,1,,,,,8.726666666666667,6.965666666666667,4.909666666666666,4.204833333333333,3.5,3.5,3.1176666666666666,2.827666666666667,2.6661666666666672,2.504666666666667,2.504666666666667,2.504666666666667,2.504666666666667,2.1435,1.782333333333333,1.782333333333333,1.6604999999999999,1.5386666666666666,1.5386666666666666,1.5386666666666666,1.5386666666666666,1.3016666666666667,1.3016666666666667,1.3016666666666667,1.3016666666666667,1.3016666666666667,1.3016666666666667,1.3016666666666667,0.908,0.908,0.908,0.908,0.908,0.908,0.908,0.908,0.908,0.908,0.6236666666666667,,,,,,,
192,evolutionary,seeded,membrane,2,,,,,9.667333333333334,8.054833333333333,6.442333333333333,5.831333333333333,5.2203333333333335,4.609333333333334,4.609333333333334,4.442,4.386,4.33,4.274,4.075666666666667,4.075666666666667,4.075666666666667,3.560666666666667,3.045666666666667,3.045666666666667,3.045666666666667,2.846,2.646333333333333,1.4996666666666665,1.4996666666666665,1.4996666666666665,1.4996666666666665,1.4996666666666665,1.4996666666666665,1.4996666666666665,1.2798333333333332,1.0599999999999998,1.0599999999999998,1.0599999999999998,1.0599999999999998,1.0599999999999998,1.0439999999999998,1.0439999999999998,1.0439999999999998,1.0439999999999998,1.0439999999999998,1.0439999999999998,0.8609999999999999,0.6779999999999999,0.6779999999999999,0.6779999999999999,0.6779999999999999,0.4713333333333333,0.4713333333333333
193,evolutionary,seeded,membrane,3,,,,,10.298,8.796999999999999,8.699333333333334,8.104833333333334,7.510333333333333,6.717499999999999,5.924666666666667,5.924666666666667,4.075,3.270666666666667,3.270666666666667,3.270666666666667,3.270666666666667,3.270666666666667,3.270666666666667,3.270666666666667,2.587,2.587,1.9526666666666668,1.9526666666666668,1.9526666666666668,1.9526666666666668,1.9526666666666668,1.9526666666666668,1.9224999999999999,1.8923333333333332,1.8923333333333332,1.8923333333333332,1.8923333333333332,1.8923333333333332,1.3713333333333333,1.3713333333333333,1.3713333333333333,1.3713333333333333,1.3713333333333333,1.3713333333333333,1.3713333333333333,1.3713333333333333,,,,,,,,
194,evolutionary,seeded,membrane,4,,,,,5.488333333333333,4.984,4.984,4.9765,4.969,4.0569999999999995,3.830666666666666,3.604333333333333,2.8473333333333333,2.609,2.429666666666667,2.2503333333333333,2.2503333333333333,2.2503333333333333,2.2503333333333333,1.9955555555555555,1.7407777777777778,1.486,1.1749999999999998,1.1749999999999998,1.1749999999999998,1.1749999999999998,1.1749999999999998,1.1749999999999998,1.1749999999999998,1.1749999999999998,1.1749999999999998,1.1749999999999998,1.1749999999999998,1.1749999999999998,1.1749999999999998,1.1749999999999998,1.1749999999999998,1.1749999999999998,1.1749999999999998,0.9476666666666667,0.9476666666666667,0.9476666666666667,0.9476666666666667,0.9476666666666667,0.9476666666666667,0.9476666666666667,,,,
195,evolutionary,seeded,vesicle,0,,,,,6.516666666666667,5.619777777777777,4.722888888888889,3.826,3.5010833333333333,3.176166666666667,2.8512500000000003,2.5263333333333335,2.5263333333333335,2.5263333333333335,2.5263333333333335,2.5263333333333335,2.5263333333333335,2.5263333333333335,2.5263333333333335,2.5263333333333335,2.5263333333333335,2.5263333333333335,2.5263333333333335,2.5263333333333335,2.5263333333333335,2.5263333333333335,2.5263333333333335,2.5263333333333335,2.5263333333333335,2.5263333333333335,2.5263333333333335,2.5263333333333335,2.5263333333333335,2.1013333333333333,2.1013333333333333,2.1013333333333333,2.1013333333333333,2.1013333333333333,2.1013333333333333,2.1013333333333333,2.1013333333333333,1.8836666666666666,1.8836666666666666,1.8836666666666666,1.7730000000000004,1.717166666666667,1.6613333333333333,1.6030000000000002,1.5446666666666669,1.5446666666666669
196,evolutionary,seeded,vesicle,1,,,,,10.893666666666666,7.062333333333332,6.403666666666666,5.0905,3.7773333333333334,3.7773333333333334,3.1316666666666664,3.114333333333333,2.6601666666666666,2.206,1.375,1.375,1.375,1.375,1.375,1.375,0.9105,0.44599999999999995,0.18933333333333335,0.18933333333333335,0.18933333333333335,0.18933333333333335,0.18933333333333335,0.18933333333333335,0.18933333333333335,0.18933333333333335,0.18933333333333335,0.18933333333333335,0.18933333333333335,0.18933333333333335,0.18933333333333335,0.18933333333333335,0.18933333333333335,0.18933333333333335,0.18933333333333335,0.18933333333333335,0.18933333333333335,0.18933333333333335,0.18933333333333335,,,,,,,
197,evolutionary,seeded,vesicle,2,,,,,7.623,6.511666666666667,5.400333333333333,5.400333333333333,5.400333333333333,5.400333333333333,5.400333333333333,5.400333333333333,4.739222222222223,4.078111111111111,3.4170000000000003,3.4170000000000003,3.0018333333333334,2.5866666666666664,2.538,2.489333333333333,2.489333333333333,2.489333333333333,1.9445,1.3996666666666666,1.3996666666666666,1.3996666666666666,1.3996666666666666,1.3996666666666666,1.3996666666666666,1.3996666666666666,1.3996666666666666,1.1451666666666667,0.8906666666666666,0.8906666666666666,0.8906666666666666,0.8906666666666666,0.8906666666666666,0.8906666666666666,0.8906666666666666,0.8906666666666666,0.8906666666666666,0.8906666666666666,0.8906666666666666,0.8906666666666666,0.8906666666666666,0.8906666666666666,0.8906666666666666,0.8906666666666666,0.8453333333333334,0.8453333333333334
198,evolutionary,seeded,vesicle,3,,,,,7.689666666666667,7.689666666666667,7.059,6.428333333333334,5.797666666666667,5.797666666666667,5.797666666666667,5.566833333333333,5.335999999999999,5.335999999999999,4.625333333333334,3.048,3.048,3.048,3.048,3.048,3.048,2.4633333333333334,2.4633333333333334,1.7416666666666665,1.4626666666666666,0.8666666666666667,0.8666666666666667,0.8666666666666667,0.8666666666666667,0.8666666666666667,0.8666666666666667,0.8666666666666667,0.8666666666666667,0.8666666666666667,0.7450000000000001,0.7450000000000001,0.7450000000000001,0.7450000000000001,0.7450000000000001,0.7450000000000001,0.7450000000000001,0.7450000000000001,0.7450000000000001,0.7450000000000001,,,,,,
199,evolutionary,seeded,vesicle,4,,,,,4.519333333333333,4.124833333333333,3.730333333333333,3.730333333333333,3.730333333333333,3.730333333333333,2.1790000000000003,2.1013333333333337,2.0236666666666667,2.0236666666666667,2.0236666666666667,2.0236666666666667,2.0236666666666667,2.0236666666666667,2.0236666666666667,2.0236666666666667,1.8782222222222222,1.732777777777778,1.5873333333333335,1.5873333333333335,1.5873333333333335,1.5873333333333335,1.5873333333333335,1.5873333333333335,1.5873333333333335,1.5873333333333335,1.5873333333333335,1.5873333333333335,1.5873333333333335,1.5873333333333335,1.435,1.2826666666666666,1.2826666666666666,1.2826666666666666,1.2826666666666666,1.2826666666666666,1.2826666666666666,1.2826666666666666,1.2826666666666666,1.2826666666666666,1.2826666666666666,1.2826666666666666,1.2826666666666666,1.2826666666666666,,
200,evolutionary,seeded,wormlike micelle,0,,,,,9.193333333333333,7.984,6.774666666666667,5.565333333333334,5.122416666666667,4.679500000000001,4.236583333333334,3.7936666666666667,2.598666666666667,2.598666666666667,2.598666666666667,2.598666666666667,2.529,2.529,2.529,2.5225,2.516,2.516,2.516,2.516,2.516,2.516,2.3804444444444446,2.2448888888888887,2.1093333333333333,2.1093333333333333,2.1093333333333333,2.1093333333333333,2.1093333333333333,2.1093333333333333,2.1093333333333333,2.1093333333333333,2.1093333333333333,2.1093333333333333,2.1093333333333333,2.1093333333333333,2.1093333333333333,2.1093333333333333,1.8896666666666668,1.8896666666666668,1.8896666666666668,1.8896666666666668,1.8896666666666668,1.8896666666666668,1.8896666666666668,1.8896666666666668
201,evolutionary,seeded,wormlike micelle,1,,,,,3.321,1.2963333333333333,1.1853333333333333,1.1853333333333333,1.1853333333333333,1.1853333333333333,1.1853333333333333,1.1853333333333333,0.958,0.7306666666666667,0.7306666666666667,0.7306666666666667,0.7306666666666667,0.7306666666666667,0.7306666666666667,0.7306666666666667,0.7306666666666667,0.7306666666666667,0.5756666666666667,0.5756666666666667,0.5756666666666667,0.5756666666666667,0.5756666666666667,0.5678888888888889,0.5601111111111111,0.5523333333333333,0.5523333333333333,0.5523333333333333,0.5523333333333333,0.5523333333333333,0.5523333333333333,0.5523333333333333,0.5492222222222223,0.5461111111111111,0.543,0.45166666666666666,0.45166666666666666,0.45166666666666666,0.23033333333333336,,,,,,,
202,evolutionary,seeded,wormlike micelle,2,,,,,11.299000000000001,10.510166666666667,9.721333333333334,8.619444444444445,7.517555555555555,6.415666666666667,5.160666666666667,5.160666666666667,4.3581111111111115,3.5555555555555554,2.753,2.7079999999999997,2.4021666666666666,2.0963333333333334,2.0756666666666668,2.055,1.9456666666666669,1.8363333333333334,1.6491666666666667,1.462,1.462,1.462,1.462,1.462,1.462,1.3611666666666666,1.2603333333333333,1.0528333333333333,0.8453333333333334,0.8453333333333334,0.8453333333333334,0.8453333333333334,0.8453333333333334,0.8453333333333334,0.8453333333333334,0.8453333333333334,0.8453333333333334,0.7063333333333333,0.7063333333333333,0.7063333333333333,0.7063333333333333,0.7063333333333333,0.7063333333333333,0.7063333333333333,0.4623333333333333,0.4623333333333333
203,evolutionary,seeded,wormlike micelle,3,,,,,10.602666666666666,7.28,5.4606666666666674,4.425166666666668,3.389666666666667,3.2154999999999996,3.0413333333333328,3.0413333333333328,2.1213333333333333,1.5276666666666667,1.5276666666666667,1.5276666666666667,1.5276666666666667,1.5276666666666667,1.5276666666666667,1.263,0.8733333333333334,0.8733333333333334,0.8733333333333334,0.7479999999999999,0.7479999999999999,0.7479999999999999,0.6953333333333332,0.6426666666666666,0.6426666666666666,0.6426666666666666,0.6426666666666666,0.6426666666666666,0.6426666666666666,0.6426666666666666,0.4026666666666667,0.4026666666666667,0.4026666666666667,0.4026666666666667,0.4026666666666667,0.4026666666666667,0.4026666666666667,0.4026666666666667,,,,,,,,
204,evolutionary,seeded,wormlike micelle,4,,,,,9.659333333333334,7.776666666666666,7.776666666666666,7.179,6.581333333333333,4.503,3.8068333333333335,3.110666666666667,2.0233333333333334,1.2873333333333334,1.2873333333333334,1.2873333333333334,1.2873333333333334,1.2873333333333334,1.2873333333333334,1.2873333333333334,1.2873333333333334,1.2873333333333334,1.2873333333333334,1.2371666666666667,1.187,1.187,1.187,1.187,1.187,1.187,1.187,1.187,0.8166666666666668,0.8166666666666668,0.8166666666666668,0.8166666666666668,0.8166666666666668,0.8166666666666668,0.8166666666666668,0.438,0.3763333333333333,0.31466666666666665,0.31466666666666665,0.31466666666666665,0.31466666666666665,0.31466666666666665,,,,
205,evolutionary,seeded,spherical micelle,0,,,,,6.540666666666667,5.502888888888889,4.465111111111112,3.4273333333333333,3.1318333333333332,2.836333333333333,2.5408333333333335,2.2453333333333334,2.2453333333333334,2.2453333333333334,2.2453333333333334,2.2453333333333334,2.2453333333333334,2.2453333333333334,2.2453333333333334,2.2453333333333334,2.2453333333333334,2.2453333333333334,2.2453333333333334,2.2453333333333334,2.2453333333333334,2.2453333333333334,2.2453333333333334,2.2453333333333334,2.2453333333333334,2.2453333333333334,2.1313333333333335,2.1313333333333335,2.1313333333333335,2.1313333333333335,2.1313333333333335,2.1313333333333335,1.9921666666666669,1.853,1.853,1.853,1.853,1.853,1.853,1.853,1.853,1.853,1.853,1.853,1.853,1.853
206,evolutionary,seeded,spherical micelle,1,,,,,5.720666666666666,3.622333333333333,1.6566666666666665,1.4926666666666666,1.3286666666666667,1.2816666666666665,1.2816666666666665,1.2816666666666665,1.19,1.0983333333333334,0.9499999999999998,0.9499999999999998,0.9499999999999998,0.9453333333333332,0.9406666666666667,0.9406666666666667,0.9406666666666667,0.9406666666666667,0.8076666666666666,0.61,0.61,0.61,0.5716666666666667,0.5274444444444444,0.4832222222222222,0.439,0.439,0.439,0.439,0.439,0.439,0.439,0.439,0.439,0.439,0.39166666666666666,0.39166666666666666,0.3543333333333334,0.3543333333333334,,,,,,,
207,evolutionary,seeded,spherical micelle,2,,,,,7.448333333333333,6.7075555555555555,5.966777777777778,5.226,4.261,4.261,3.555,2.849,2.1430000000000002,1.4506666666666668,1.2391666666666667,1.0276666666666667,1.0276666666666667,1.0276666666666667,1.012,0.9963333333333333,0.8546666666666667,0.7130000000000001,0.7130000000000001,0.7130000000000001,0.7130000000000001,0.7130000000000001,0.7130000000000001,0.7130000000000001,0.7130000000000001,0.7130000000000001,0.7130000000000001,0.7130000000000001,0.7130000000000001,0.7130000000000001,0.7130000000000001,0.7130000000000001,0.7130000000000001,0.7130000000000001,0.7130000000000001,0.4663333333333333,0.4663333333333333,0.4663333333333333,0.4663333333333333,0.4663333333333333,0.4663333333333333,0.4663333333333333,0.4626666666666666,0.4626666666666666,0.4626666666666666,
208,evolutionary,seeded,spherical micelle,3,,,,,5.917333333333333,3.864333333333333,3.4506666666666668,2.7758333333333334,2.101,2.101,2.101,2.101,2.101,1.218,1.1243333333333334,1.1243333333333334,1.1243333333333334,1.1243333333333334,1.1243333333333334,1.028,1.028,1.028,1.028,0.7633333333333333,0.7633333333333333,0.7633333333333333,0.5868333333333333,0.41033333333333327,0.41033333333333327,0.41033333333333327,0.41033333333333327,0.41033333333333327,0.338,0.338,0.338,0.338,0.338,0.338,0.32233333333333336,0.30666666666666664,0.291,0.291,,,,,,,,
209,evolutionary,seeded,spherical micelle,4,,,,,9.670333333333332,7.926499999999999,6.182666666666666,6.119,4.338333333333334,2.1866666666666665,1.8203333333333331,1.454,1.454,0.754,0.7398333333333333,0.7256666666666667,0.7256666666666667,0.6711666666666667,0.6166666666666666,0.6166666666666666,0.6166666666666666,0.6166666666666666,0.6166666666666666,0.6166666666666666,0.6166666666666666,0.6166666666666666,0.6166666666666666,0.6166666666666666,0.5846666666666667,0.5846666666666667,0.5846666666666667,0.5846666666666667,0.5593333333333332,0.5339999999999999,0.5339999999999999,0.361,0.361,0.361,0.361,0.361,0.361,0.361,0.361,0.3456666666666666,0.3456666666666666,0.3456666666666666,,,,
210,evolutionary,unseeded,liquid,0,,,,,11.443999999999997,11.287666666666667,10.457166666666666,9.626666666666667,9.121222222222222,8.615777777777778,8.110333333333333,6.187,6.187,6.187,6.187,5.535666666666667,4.884333333333333,4.884333333333333,4.884333333333333,4.3375,3.7906666666666666,3.7906666666666666,3.5621111111111112,3.333555555555556,3.1050000000000004,2.5573333333333332,2.0096666666666665,2.0096666666666665,1.2826666666666666,0.7286666666666667,0.7286666666666667,0.7286666666666667,0.7286666666666667,0.7286666666666667,0.7286666666666667,0.7286666666666667,0.7286666666666667,0.7286666666666667,0.5916666666666667,0.5916666666666667,0.5916666666666667,0.5916666666666667,0.5916666666666667,0.5916666666666667,0.5718333333333333,0.5519999999999999,0.5519999999999999,0.5519999999999999,0.5519999999999999,0.5519999999999999
211,evolutionary,unseeded,liquid,1,,,,,12.865666666666664,10.713666666666668,9.028666666666666,9.028666666666666,9.028666666666666,7.426333333333335,4.602,2.9026666666666667,2.2465,1.5903333333333334,1.5903333333333334,1.5776666666666668,1.563,1.5385,1.514,1.514,1.514,1.514,1.276,1.2676666666666667,1.2676666666666667,1.2676666666666667,1.2676666666666667,1.2676666666666667,1.2676666666666667,1.2676666666666667,1.2676666666666667,1.2676666666666667,1.2676666666666667,1.2676666666666667,1.2676666666666667,1.2676666666666667,1.2676666666666667,1.2676666666666667,1.2676666666666667,1.2676666666666667,1.2676666666666667,1.2676666666666667,1.2676666666666667,1.2676666666666667,1.2650000000000001,1.2623333333333333,,,,
212,evolutionary,unseeded,liquid,2,,,,,7.6176666666666675,7.413444444444445,7.209222222222222,7.005,7.005,5.763333333333333,5.149444444444444,4.535555555555556,3.921666666666667,2.6999999999999997,2.6999999999999997,2.6999999999999997,2.1106666666666665,1.5213333333333334,1.5213333333333334,1.5213333333333334,1.4228333333333334,1.3243333333333334,1.3243333333333334,1.3243333333333334,1.1381666666666668,0.952,0.952,0.8094999999999999,0.6669999999999999,0.6669999999999999,0.6669999999999999,0.6518888888888889,0.6367777777777778,0.6216666666666667,0.6216666666666667,0.6216666666666667,0.6216666666666667,0.6216666666666667,0.6216666666666667,0.6216666666666667,0.6216666666666667,0.6216666666666667,0.6216666666666667,0.6216666666666667,0.6216666666666667,0.6216666666666667,0.6216666666666667,0.6216666666666667,0.5928333333333333,0.564
213,evolutionary,unseeded,liquid,3,,,,,8.752333333333333,8.410222222222222,8.06811111111111,7.725999999999999,4.791666666666667,4.244222222222223,3.696777777777778,3.1493333333333333,2.442833333333333,1.7363333333333333,1.4008333333333334,1.0653333333333332,0.7856666666666666,0.506,0.39733333333333337,0.39733333333333337,0.39733333333333337,0.39733333333333337,0.39733333333333337,0.39733333333333337,0.39733333333333337,0.39733333333333337,0.39733333333333337,0.39733333333333337,0.39733333333333337,0.39733333333333337,0.39733333333333337,0.39733333333333337,0.39733333333333337,0.39733333333333337,0.39733333333333337,0.39733333333333337,0.39733333333333337,0.39733333333333337,0.39733333333333337,0.39733333333333337,0.39733333333333337,0.39733333333333337,0.37066666666666664,0.37066666666666664,0.37066666666666664,0.37066666666666664,0.37066666666666664,0.37066666666666664,0.37066666666666664,0.37066666666666664
214,evolutionary,unseeded,liquid,4,,,,,9.075666666666667,6.769166666666667,4.462666666666666,3.6533333333333333,2.8440000000000003,2.034666666666667,2.034666666666667,2.034666666666667,1.6445,1.2543333333333333,0.864,0.864,0.864,0.864,0.864,0.864,0.864,0.864,0.864,0.864,0.864,0.864,0.864,0.864,0.864,0.864,0.864,0.7378333333333333,0.6116666666666667,0.548,0.548,0.548,0.5396666666666667,0.5313333333333333,0.5313333333333333,0.5313333333333333,0.5313333333333333,0.5313333333333333,0.5313333333333333,0.5313333333333333,0.5313333333333333,0.5313333333333333,0.5313333333333333,0.5126666666666667,0.5126666666666667,0.5126666666666667
215,evolutionary,unseeded,string,0,,,,,9.988333333333333,9.759777777777778,9.531222222222222,9.302666666666667,9.152583333333334,9.002500000000001,8.852416666666667,8.702333333333334,8.702333333333334,8.702333333333334,8.702333333333334,8.611777777777778,8.521222222222223,8.430666666666667,8.430666666666667,8.112833333333333,7.794999999999999,7.794999999999999,7.794999999999999,7.700166666666666,7.605333333333334,7.5678333333333345,7.530333333333334,7.530333333333334,7.303444444444445,7.076555555555556,6.849666666666667,6.418416666666666,5.987166666666667,5.555916666666667,5.124666666666666,5.124666666666666,5.020666666666667,4.585333333333334,4.585333333333334,4.585333333333334,4.585333333333334,4.585333333333334,4.5535,4.5216666666666665,4.5216666666666665,4.5216666666666665,4.499666666666666,4.4879999999999995,4.4879999999999995,4.4879999999999995
216,evolutionary,unseeded,string,1,,,,,7.0889999999999995,6.916333333333334,6.506333333333334,6.096333333333333,5.686333333333333,5.686333333333333,5.686333333333333,5.686333333333333,5.301666666666667,5.301666666666667,5.301666666666667,5.301666666666667,5.301666666666667,5.301666666666667,5.301666666666667,4.9398333333333335,4.578,4.578,4.578,4.578,4.578,4.578,4.578,4.578,4.578,4.578,4.578,4.578,4.578,4.578,4.476666666666667,4.476666666666667,4.472833333333334,4.469,4.469,4.469,4.469,4.469,4.469,4.469,4.469,4.469,4.457666666666666,4.4463333333333335,,
217,evolutionary,unseeded,string,2,,,,,9.714,8.926333333333334,8.138666666666667,7.081777777777778,6.0248888888888885,4.968,4.418666666666667,3.8693333333333335,3.8693333333333335,3.220666666666667,2.572,1.9233333333333331,1.9233333333333331,1.9233333333333331,1.9233333333333331,1.9233333333333331,1.9233333333333331,1.9233333333333331,1.9233333333333331,1.9233333333333331,1.9233333333333331,1.9233333333333331,1.6946666666666665,1.6946666666666665,1.6946666666666665,1.5380000000000003,1.5380000000000003,1.5380000000000003,1.1905000000000001,0.843,0.843,0.843,0.843,0.843,0.843,0.843,0.843,0.843,0.843,0.843,0.6881666666666666,0.5333333333333333,0.5333333333333333,0.5333333333333333,0.5333333333333333,0.38266666666666665
218,evolutionary,unseeded,string,3,,,,,12.219,12.027666666666667,11.471333333333334,11.068444444444445,10.665555555555557,10.262666666666668,10.262666666666668,10.262666666666668,10.262666666666668,10.262666666666668,10.101,9.931777777777778,9.762555555555556,9.593333333333334,9.593333333333334,9.593333333333334,9.593333333333334,9.593333333333334,8.553666666666667,8.149666666666667,7.745666666666668,7.745666666666668,7.2123333333333335,6.678999999999999,6.678999999999999,6.437333333333333,6.195666666666667,5.959444444444444,5.723222222222222,5.486999999999999,5.486999999999999,5.486999999999999,5.486999999999999,5.486999999999999,4.698666666666667,4.202500000000001,3.7063333333333333,3.7063333333333333,3.7063333333333333,3.7063333333333333,3.511333333333333,3.511333333333333,3.511333333333333,3.511333333333333,3.511333333333333,3.511333333333333
219,evolutionary,unseeded,string,4,,,,,8.822333333333333,8.185,7.547666666666667,7.547666666666667,7.547666666666667,7.374333333333333,7.374333333333333,7.374333333333333,6.2860000000000005,6.2860000000000005,6.2860000000000005,6.2860000000000005,6.2860000000000005,6.120000000000001,5.954000000000001,5.954000000000001,5.954000000000001,5.954000000000001,5.954000000000001,5.7325,5.511,5.511,5.511,5.511,5.511,5.511,5.018666666666667,5.018666666666667,5.018666666666667,5.018666666666667,5.018666666666667,5.018666666666667,4.458,4.458,4.458,4.458,4.458,4.458,4.285333333333334,4.112666666666667,4.112666666666667,4.112666666666667,,,,
220,evolutionary,unseeded,membrane,0,,,,,7.6290000000000004,7.617222222222223,7.605444444444445,7.5936666666666675,7.361000000000001,7.128333333333334,6.895666666666667,6.663,6.663,6.663,5.8950000000000005,5.8950000000000005,5.8950000000000005,5.6165,5.338,5.338,5.338,5.101333333333334,4.864666666666667,4.864666666666667,4.864666666666667,4.864666666666667,4.864666666666667,4.864666666666667,4.864666666666667,4.864666666666667,4.864666666666667,4.595666666666666,4.595666666666666,4.595666666666666,4.595666666666666,4.595666666666666,4.595666666666666,4.595666666666666,4.595666666666666,4.595666666666666,4.595666666666666,4.595666666666666,4.595666666666666,4.595666666666666,4.1273333333333335,3.969666666666667,3.812,3.812,3.812,3.812
221,evolutionary,unseeded,membrane,1,,,,,8.321333333333333,8.139333333333333,7.751,7.751,7.751,7.751,6.0616666666666665,5.903333333333333,4.360166666666666,2.817,2.817,2.817,1.765,1.765,1.765,1.765,1.765,1.765,1.765,1.765,1.765,1.7293333333333332,1.7293333333333332,1.7293333333333332,1.7293333333333332,1.7293333333333332,1.7293333333333332,1.7293333333333332,1.5719999999999998,1.5719999999999998,1.2623333333333333,0.9526666666666666,0.9526666666666666,0.9526666666666666,0.9526666666666666,0.9526666666666666,0.9526666666666666,0.9526666666666666,0.9526666666666666,0.9526666666666666,0.9526666666666666,0.9526666666666666,0.8140000000000001,,,
222,evolutionary,unseeded,membrane,2,,,,,5.9430000000000005,5.009833333333334,4.076666666666667,3.991666666666667,3.9066666666666667,3.8216666666666668,3.8216666666666668,3.8216666666666668,3.3693333333333335,2.917,2.4646666666666666,2.4646666666666666,2.1196666666666664,1.7746666666666666,1.7746666666666666,1.7746666666666666,1.7746666666666666,1.7746666666666666,1.7746666666666666,1.7746666666666666,1.7746666666666666,1.7746666666666666,1.7746666666666666,1.7746666666666666,1.7746666666666666,1.7746666666666666,1.7746666666666666,1.7746666666666666,1.7746666666666666,1.7746666666666666,1.7746666666666666,1.7746666666666666,1.7746666666666666,1.7746666666666666,1.7746666666666666,1.7746666666666666,1.7746666666666666,1.7746666666666666,1.7746666666666666,1.7746666666666666,1.7746666666666666,1.7746666666666666,1.7746666666666666,1.7746666666666666,1.7746666666666666,1.7746666666666666
223,evolutionary,unseeded,membrane,3,,,,,9.196333333333333,8.586333333333334,8.231666666666667,8.13588888888889,8.040111111111111,7.944333333333333,7.944333333333333,7.438,7.438,7.438,7.135333333333333,6.837999999999999,6.540666666666667,5.759166666666667,4.977666666666667,3.4726666666666666,2.0690000000000004,2.0690000000000004,2.0690000000000004,2.0690000000000004,1.4006666666666667,1.4006666666666667,1.4006666666666667,1.4006666666666667,1.4006666666666667,1.4006666666666667,1.4006666666666667,1.3251666666666666,1.2496666666666665,1.2496666666666665,1.2496666666666665,1.2496666666666665,1.2496666666666665,1.2496666666666665,1.2496666666666665,1.2496666666666665,1.2496666666666665,1.2496666666666665,1.2496666666666665,1.2496666666666665,1.2496666666666665,1.2496666666666665,1.2496666666666665,1.2496666666666665,1.2496666666666665,1.2496666666666665
224,evolutionary,unseeded,membrane,4,,,,,5.488333333333333,4.845166666666667,4.202,4.202,4.202,3.4776666666666665,3.4776666666666665,3.4776666666666665,2.3203333333333336,2.3203333333333336,2.3203333333333336,2.3203333333333336,2.3203333333333336,2.3203333333333336,2.3203333333333336,2.3203333333333336,2.3203333333333336,2.3203333333333336,2.3203333333333336,2.3203333333333336,2.3203333333333336,2.3203333333333336,2.3203333333333336,2.3203333333333336,2.3203333333333336,2.3203333333333336,2.3203333333333336,2.3203333333333336,2.3203333333333336,2.3203333333333336,2.3203333333333336,2.3203333333333336,2.3203333333333336,2.3203333333333336,2.3203333333333336,2.3203333333333336,2.3203333333333336,1.9720000000000002,1.6236666666666668,1.6236666666666668,1.6236666666666668,1.1556666666666666,1.1556666666666666,1.1556666666666666,,
225,evolutionary,unseeded,vesicle,0,,,,,6.516666666666667,5.721444444444445,4.926222222222222,4.131,3.930916666666667,3.730833333333334,3.5307500000000003,3.330666666666667,3.330666666666667,3.330666666666667,3.173,3.173,3.173,2.9973333333333336,2.8216666666666668,2.8216666666666668,2.8216666666666668,2.2161666666666666,1.6106666666666667,1.427,1.2433333333333334,1.0596666666666668,1.0596666666666668,1.0596666666666668,1.0596666666666668,1.0596666666666668,1.0596666666666668,1.0596666666666668,1.0596666666666668,1.0596666666666668,1.0596666666666668,1.0596666666666668,1.0596666666666668,1.0596666666666668,1.0596666666666668,1.0596666666666668,1.0596666666666668,1.0596666666666668,1.0596666666666668,1.0596666666666668,1.0596666666666668,0.8460000000000001,0.8460000000000001,0.8460000000000001,0.8203333333333334,0.7946666666666667
226,evolutionary,unseeded,vesicle,1,,,,,9.397333333333334,8.536666666666667,8.414666666666667,7.898666666666667,7.382666666666666,7.382666666666666,7.382666666666666,5.870666666666668,5.597333333333333,5.324,4.571000000000001,4.571000000000001,4.571000000000001,4.169666666666667,3.768333333333333,3.768333333333333,3.768333333333333,3.701333333333333,3.701333333333333,3.4753333333333334,3.4753333333333334,3.4753333333333334,3.406,3.3366666666666664,3.267333333333333,3.267333333333333,3.267333333333333,3.267333333333333,3.267333333333333,3.267333333333333,2.5113333333333334,2.5113333333333334,2.5113333333333334,2.5113333333333334,2.5113333333333334,2.3036666666666665,2.096,2.0606666666666666,2.0606666666666666,,,,,,,
227,evolutionary,unseeded,vesicle,2,,,,,5.409,4.863833333333333,4.318666666666666,4.039111111111111,3.7595555555555555,3.4800000000000004,3.4800000000000004,3.3083333333333336,3.106666666666667,2.905,2.703333333333333,2.703333333333333,2.4493333333333336,2.1953333333333336,2.1953333333333336,2.1953333333333336,2.1043333333333334,2.013333333333333,2.013333333333333,2.013333333333333,1.9331666666666667,1.853,1.853,1.853,1.853,1.853,1.853,1.853,1.853,1.853,1.853,1.853,1.853,1.853,1.853,1.853,1.853,1.853,1.8470000000000002,1.8470000000000002,1.8470000000000002,1.8470000000000002,1.8470000000000002,1.8470000000000002,1.7257777777777779,1.6045555555555557
228,evolutionary,unseeded,vesicle,3,,,,,6.0553333333333335,5.3373333333333335,5.3373333333333335,5.3373333333333335,5.3373333333333335,5.3373333333333335,5.3373333333333335,5.3373333333333335,5.3373333333333335,4.732666666666667,4.217333333333333,4.217333333333333,4.217333333333333,4.217333333333333,4.217333333333333,4.217333333333333,4.217333333333333,4.217333333333333,4.217333333333333,4.217333333333333,4.217333333333333,4.217333333333333,4.217333333333333,4.217333333333333,4.217333333333333,4.217333333333333,4.217333333333333,4.217333333333333,4.217333333333333,4.217333333333333,4.217333333333333,4.217333333333333,4.217333333333333,4.217333333333333,4.217333333333333,4.217333333333333,4.217333333333333,4.217333333333333,4.217333333333333,4.217333333333333,4.217333333333333,,,,,
229,evolutionary,unseeded,vesicle,4,,,,,4.519333333333333,4.124833333333333,3.730333333333333,3.730333333333333,3.5891666666666664,3.4480000000000004,2.899666666666667,2.8136666666666668,2.7276666666666665,2.7276666666666665,2.7276666666666665,2.3631666666666664,1.9986666666666668,1.9986666666666668,1.8005,1.6023333333333334,1.6023333333333334,1.6023333333333334,1.6023333333333334,1.6023333333333334,1.6023333333333334,1.6023333333333334,1.6023333333333334,1.6023333333333334,1.6023333333333334,1.6023333333333334,1.6023333333333334,1.6023333333333334,1.6023333333333334,1.594,1.594,1.594,1.594,1.594,1.594,1.594,1.594,1.594,1.594,1.594,1.594,1.594,1.594,1.594,,
230,evolutionary,unseeded,wormlike micelle,0,,,,,7.657,7.220444444444444,6.78388888888889,6.347333333333334,6.347333333333334,6.347333333333334,6.189333333333333,6.189333333333333,6.189333333333333,6.189333333333333,6.189333333333333,6.189333333333333,6.189333333333333,6.189333333333333,6.189333333333333,6.169833333333333,6.150333333333333,6.150333333333333,6.150333333333333,5.987666666666667,5.824999999999999,5.662333333333333,5.662333333333333,5.662333333333333,5.662333333333333,5.662333333333333,5.260666666666666,4.857333333333333,4.763000000000001,4.763000000000001,4.335333333333334,3.9576666666666664,3.5799999999999996,3.3685,3.157,3.157,3.0285555555555557,2.900111111111111,2.7716666666666665,2.0563333333333333,1.5433333333333332,1.5433333333333332,1.5433333333333332,1.5433333333333332,1.3293333333333333,1.1153333333333333
231,evolutionary,unseeded,wormlike micelle,1,,,,,3.321,3.321,2.6701111111111113,2.019222222222222,1.3683333333333334,1.3683333333333334,1.3683333333333334,1.3683333333333334,1.0646666666666667,1.0476666666666665,1.0476666666666665,1.0476666666666665,1.0476666666666665,1.0476666666666665,1.0476666666666665,1.025,1.0023333333333333,1.0023333333333333,1.0023333333333333,1.0023333333333333,1.0023333333333333,1.0023333333333333,1.0023333333333333,1.0023333333333333,1.0023333333333333,1.0023333333333333,1.0023333333333333,1.0023333333333333,0.9968333333333333,0.9913333333333334,0.9913333333333334,0.723,0.723,0.723,0.723,0.723,0.723,0.723,0.723,0.723,0.723,0.6023333333333334,0.4816666666666667,0.4816666666666667,,
232,evolutionary,unseeded,wormlike micelle,2,,,,,10.081333333333333,9.778500000000001,9.475666666666667,9.475666666666667,9.475666666666667,9.475666666666667,9.251666666666667,9.251666666666667,9.251666666666667,9.251666666666667,8.168666666666667,7.0856666666666674,6.910166666666667,6.734666666666667,6.3575,5.980333333333333,5.514166666666666,5.048,5.048,5.048,3.3486666666666665,2.5953333333333335,2.5953333333333335,2.5953333333333335,2.4036666666666666,2.4036666666666666,2.4036666666666666,2.114333333333333,1.825,1.825,1.825,1.825,1.825,1.825,1.825,1.825,1.825,1.825,1.825,1.5911666666666666,1.357333333333333,1.357333333333333,1.351111111111111,1.3448888888888888,1.3386666666666667,0.9493333333333333
233,evolutionary,unseeded,wormlike micelle,3,,,,,10.602666666666666,9.142000000000001,8.799,8.634,8.469,7.474499999999999,6.4799999999999995,6.4799999999999995,6.001333333333332,5.715,5.715,5.715,5.715,5.715,5.715,5.715,5.715,5.715,5.535666666666667,5.535666666666667,5.535666666666667,5.535666666666667,5.535666666666667,5.535666666666667,5.535666666666667,5.535666666666667,5.535666666666667,5.535666666666667,5.535666666666667,5.535666666666667,5.535666666666667,5.535666666666667,5.535666666666667,5.535666666666667,5.535666666666667,5.535666666666667,5.535666666666667,5.535666666666667,5.535666666666667,5.535666666666667,,,,,,
234,evolutionary,unseeded,wormlike micelle,4,,,,,8.502,8.491,8.479999999999999,8.479999999999999,8.479999999999999,8.479999999999999,8.479999999999999,8.479999999999999,7.390666666666667,7.303333333333334,7.303333333333334,7.303333333333334,7.303333333333334,6.835833333333333,6.368333333333333,6.368333333333333,6.368333333333333,6.032999999999999,5.964222222222221,5.895444444444444,5.826666666666667,5.826666666666667,5.826666666666667,5.826666666666667,5.826666666666667,5.826666666666667,5.5393333333333326,5.5393333333333326,5.5393333333333326,5.5393333333333326,5.5393333333333326,5.5393333333333326,5.5393333333333326,5.5393333333333326,5.5393333333333326,5.5393333333333326,5.5393333333333326,5.5393333333333326,5.5393333333333326,5.5393333333333326,5.5393333333333326,5.5393333333333326,5.5393333333333326,5.5393333333333326,5.5393333333333326,5.5393333333333326
235,evolutionary,unseeded,spherical micelle,0,,,,,5.045000000000001,4.621222222222223,4.197444444444445,3.773666666666667,3.773666666666667,3.773666666666667,3.773666666666667,3.773666666666667,3.773666666666667,3.7588333333333335,3.744,3.744,3.744,3.744,3.744,3.744,3.744,3.744,3.744,3.744,3.744,3.744,3.744,3.647,3.5043333333333333,3.5043333333333333,3.5043333333333333,3.5043333333333333,3.4749999999999996,3.4456666666666664,3.400833333333333,3.356,3.356,3.189,3.189,3.189,3.116833333333333,3.0446666666666666,3.0446666666666666,3.0446666666666666,3.0446666666666666,3.0003333333333333,2.956,2.956,2.956,2.956
236,evolutionary,unseeded,spherical micelle,1,,,,,5.519666666666667,4.964666666666667,4.286555555555556,3.6084444444444443,2.9303333333333335,2.8306666666666667,2.731,2.731,2.6009999999999995,2.6009999999999995,2.6009999999999995,2.6009999999999995,2.6009999999999995,2.5376666666666665,2.5376666666666665,2.5229999999999997,2.5083333333333333,2.5083333333333333,2.5083333333333333,2.5083333333333333,2.5083333333333333,2.5083333333333333,2.5083333333333333,2.5083333333333333,2.5083333333333333,2.5083333333333333,2.5083333333333333,2.5083333333333333,2.5083333333333333,2.5083333333333333,2.5083333333333333,2.2226666666666666,2.1068333333333333,1.9910000000000003,1.9910000000000003,1.9910000000000003,1.9910000000000003,1.9910000000000003,1.9910000000000003,1.9910000000000003,1.9910000000000003,1.9910000000000003,1.9910000000000003,1.9459999999999997,,
237,evolutionary,unseeded,spherical micelle,2,,,,,7.448333333333333,7.297499999999999,7.146666666666666,7.146666666666666,6.619666666666667,6.380222222222223,6.140777777777778,5.9013333333333335,5.560333333333333,5.560333333333333,5.458166666666667,5.356000000000001,5.229333333333334,5.102666666666667,4.8213333333333335,4.54,4.093,3.6459999999999995,3.6459999999999995,3.6459999999999995,3.6459999999999995,3.6459999999999995,3.5841666666666665,3.5223333333333335,2.9019999999999997,2.9019999999999997,2.877333333333333,2.8526666666666665,2.5203333333333333,2.5203333333333333,2.5203333333333333,2.357333333333333,2.1943333333333332,2.1943333333333332,2.1943333333333332,2.1943333333333332,2.1943333333333332,2.1943333333333332,2.1943333333333332,2.1943333333333332,2.1943333333333332,2.1943333333333332,2.1943333333333332,2.1943333333333332,2.1943333333333332,2.0693333333333332
238,evolutionary,unseeded,spherical micelle,3,,,,,5.917333333333333,3.8333333333333335,2.703333333333333,2.593,2.4826666666666664,2.4826666666666664,2.4826666666666664,2.4826666666666664,2.4103333333333334,2.3906666666666667,2.2543333333333333,2.2543333333333333,2.2543333333333333,2.2543333333333333,2.2543333333333333,1.6789999999999996,1.6789999999999996,1.6789999999999996,1.6789999999999996,1.5946666666666667,1.5526666666666664,1.5526666666666664,1.2766666666666664,1.0006666666666666,1.0006666666666666,1.0006666666666666,1.0006666666666666,1.0006666666666666,0.7813333333333334,0.7813333333333334,0.7813333333333334,0.6686666666666667,0.6276666666666667,0.6276666666666667,0.6276666666666667,0.6276666666666667,0.6276666666666667,0.6276666666666667,0.6276666666666667,,,,,,,
239,evolutionary,unseeded,spherical micelle,4,,,,,7.7203333333333335,7.321166666666667,6.922,6.922,6.326833333333333,5.7316666666666665,5.558,5.558,5.558,5.558,5.558,5.558,5.558,5.413833333333333,5.269666666666667,5.091222222222222,4.9127777777777775,4.734333333333333,4.734333333333333,4.734333333333333,4.734333333333333,4.734333333333333,4.734333333333333,4.734333333333333,4.734333333333333,4.734333333333333,4.734333333333333,4.273,3.764333333333333,3.6834999999999996,3.6026666666666665,3.2596666666666665,3.2596666666666665,2.9583333333333335,2.9583333333333335,2.9583333333333335,2.9583333333333335,2.580666666666667,2.580666666666667,2.580666666666667,2.580666666666667,2.555666666666667,2.530666666666667,2.530666666666667,2.530666666666667,2.434
240,random,seeded,liquid,0,,,,,11.443999999999997,10.92613333333333,10.408266666666664,9.8904,9.372533333333333,8.854666666666667,8.4448,8.034933333333333,7.625066666666666,7.215199999999999,6.805333333333333,6.637133333333333,6.468933333333333,6.3007333333333335,6.132533333333333,5.964333333333333,5.3274,4.690466666666667,4.053533333333334,3.4166000000000003,2.779666666666667,2.779666666666667,2.779666666666667,2.779666666666667,2.779666666666667,2.779666666666667,2.779666666666667,2.779666666666667,2.779666666666667,2.779666666666667,2.779666666666667,2.779666666666667,2.779666666666667,2.779666666666667,2.779666666666667,2.779666666666667,2.779666666666667,2.779666666666667,2.779666666666667,2.779666666666667,2.779666666666667,2.5169333333333337,2.2542,1.9914666666666667,1.7287333333333335,1.466
241,random,seeded,liquid,1,,,,,15.639666666666665,14.885666666666665,14.131666666666666,13.377666666666666,12.623666666666665,11.869666666666665,11.423333333333332,10.976999999999999,10.530666666666665,10.084333333333333,9.638,8.7058,7.7736,6.8414,5.9092,4.977,4.731466666666667,4.4859333333333336,4.2404,3.9948666666666663,3.749333333333333,3.749333333333333,3.749333333333333,3.749333333333333,3.749333333333333,3.749333333333333,3.5918666666666663,3.4343999999999997,3.276933333333333,3.1194666666666664,2.9619999999999997,2.776133333333333,2.5902666666666665,2.4044,2.2185333333333332,2.0326666666666666,2.0326666666666666,2.0326666666666666,2.0326666666666666,2.0326666666666666,2.0326666666666666,2.0326666666666666,2.0326666666666666,2.0326666666666666,2.0326666666666666,2.0326666666666666
242,random,seeded,liquid,2,,,,,7.6176666666666675,6.868400000000001,6.119133333333334,5.369866666666667,4.6206000000000005,3.8713333333333337,3.8713333333333337,3.8713333333333337,3.8713333333333337,3.8713333333333337,3.8713333333333337,3.8713333333333337,3.8713333333333337,3.8713333333333337,3.8713333333333337,3.8713333333333337,3.8713333333333337,3.8713333333333337,3.8713333333333337,3.8713333333333337,3.8713333333333337,3.628666666666667,3.386,3.1433333333333335,2.900666666666667,2.658,2.6333333333333333,2.6086666666666667,2.5839999999999996,2.559333333333333,2.5346666666666664,2.5346666666666664,2.5346666666666664,2.5346666666666664,2.5346666666666664,2.5346666666666664,2.5346666666666664,2.5346666666666664,2.5346666666666664,2.5346666666666664,2.5346666666666664,2.5346666666666664,2.5346666666666664,2.5346666666666664,2.5346666666666664,2.5346666666666664
243,random,seeded,liquid,3,,,,,9.373666666666667,9.251933333333334,9.1302,9.008466666666667,8.886733333333334,8.765,8.7332,8.7014,8.6696,8.6378,8.606,8.606,8.606,8.606,8.606,8.606,8.290533333333332,7.975066666666667,7.659599999999999,7.344133333333333,7.028666666666666,6.891866666666666,6.755066666666666,6.618266666666666,6.481466666666666,6.344666666666666,6.344666666666666,6.344666666666666,6.344666666666666,6.344666666666666,6.344666666666666,5.9262,5.507733333333333,5.089266666666667,4.6708,4.2523333333333335,4.2523333333333335,4.2523333333333335,4.2523333333333335,4.2523333333333335,4.2523333333333335,4.2523333333333335,4.2523333333333335,4.2523333333333335,4.2523333333333335,4.2523333333333335
244,random,seeded,liquid,4,,,,,9.472333333333333,9.132533333333333,8.792733333333333,8.452933333333334,8.113133333333334,7.773333333333333,7.537066666666667,7.3008,7.064533333333333,6.828266666666666,6.592,5.783533333333333,4.975066666666667,4.1666,3.358133333333333,2.5496666666666665,2.5496666666666665,2.5496666666666665,2.5496666666666665,2.5496666666666665,2.5496666666666665,2.5496666666666665,2.5496666666666665,2.5496666666666665,2.5496666666666665,2.5496666666666665,2.5496666666666665,2.5496666666666665,2.5496666666666665,2.5496666666666665,2.5496666666666665,2.5496666666666665,2.5496666666666665,2.5496666666666665,2.5496666666666665,2.5496666666666665,2.5496666666666665,2.5496666666666665,2.5496666666666665,2.5496666666666665,2.5496666666666665,2.5496666666666665,2.5496666666666665,2.5496666666666665,2.5496666666666665,2.5496666666666665
245,random,seeded,string,0,,,,,6.743666666666667,6.383933333333333,6.0242,5.664466666666667,5.304733333333333,4.945,4.397,3.849,3.301,2.753,2.205,2.039066666666667,1.8731333333333335,1.7072,1.5412666666666668,1.3753333333333335,1.3753333333333335,1.3753333333333335,1.3753333333333335,1.3753333333333335,1.3753333333333335,1.3753333333333335,1.3753333333333335,1.3753333333333335,1.3753333333333335,1.3753333333333335,1.3753333333333335,1.3753333333333335,1.3753333333333335,1.3753333333333335,1.3753333333333335,1.3753333333333335,1.3753333333333335,1.3753333333333335,1.3753333333333335,1.3753333333333335,1.3753333333333335,1.3753333333333335,1.3753333333333335,1.3753333333333335,1.3753333333333335,1.3753333333333335,1.3753333333333335,1.3753333333333335,1.3753333333333335,1.3753333333333335
246,random,seeded,string,1,,,,,3.669333333333333,3.669333333333333,3.669333333333333,3.669333333333333,3.669333333333333,3.669333333333333,3.5604666666666662,3.4515999999999996,3.3427333333333333,3.2338666666666667,3.125,3.125,3.125,3.125,3.125,3.125,3.125,3.125,3.125,3.125,3.125,3.125,3.125,3.125,3.125,3.125,3.125,3.125,3.125,3.125,3.125,3.125,3.125,3.125,3.125,3.125,3.125,3.125,3.125,3.125,3.125,3.0837333333333334,3.042466666666667,3.0012,2.9599333333333333,2.9186666666666667
247,random,seeded,string,2,,,,,7.3806666666666665,7.056066666666666,6.731466666666666,6.406866666666666,6.0822666666666665,5.757666666666666,5.471866666666666,5.186066666666666,4.900266666666667,4.614466666666667,4.328666666666667,4.286133333333334,4.2436,4.201066666666667,4.158533333333333,4.116,4.116,4.116,4.116,4.116,4.116,4.116,4.116,4.116,4.116,4.116,4.116,4.116,4.116,4.116,4.116,4.116,4.116,4.116,4.116,4.116,4.116,4.116,4.116,4.116,4.116,3.924133333333333,3.7322666666666664,3.5403999999999995,3.348533333333333,3.1566666666666663
248,random,seeded,string,3,,,,,7.906999999999999,7.195533333333333,6.484066666666666,5.7726,5.061133333333333,4.349666666666667,3.8863333333333334,3.423,2.9596666666666667,2.4963333333333333,2.033,1.9631999999999998,1.8934,1.8235999999999999,1.7538,1.684,1.684,1.684,1.684,1.684,1.684,1.684,1.684,1.684,1.684,1.684,1.684,1.684,1.684,1.684,1.684,1.684,1.684,1.684,1.684,1.684,1.684,1.684,1.684,1.684,1.684,1.684,1.684,1.684,1.684,1.684
249,random,seeded,string,4,,,,,5.104333333333333,4.976999999999999,4.849666666666667,4.722333333333333,4.595000000000001,4.467666666666667,4.199533333333334,3.9314000000000004,3.663266666666667,3.395133333333334,3.1270000000000002,3.1270000000000002,3.1270000000000002,3.1270000000000002,3.1270000000000002,3.1270000000000002,2.9764000000000004,2.8258,2.6752000000000002,2.5246000000000004,2.374,2.374,2.374,2.374,2.374,2.374,2.2468666666666666,2.1197333333333335,1.9926,1.8654666666666666,1.7383333333333333,1.6369333333333334,1.5355333333333334,1.4341333333333335,1.3327333333333333,1.2313333333333334,1.2313333333333334,1.2313333333333334,1.2313333333333334,1.2313333333333334,1.2313333333333334,1.2313333333333334,1.2313333333333334,1.2313333333333334,1.2313333333333334,1.2313333333333334
250,random,seeded,membrane,0,,,,,7.82,7.101533333333333,6.383066666666667,5.6646,4.946133333333334,4.227666666666667,4.127866666666667,4.028066666666667,3.9282666666666666,3.828466666666667,3.728666666666667,3.710866666666667,3.6930666666666667,3.675266666666667,3.6574666666666666,3.639666666666667,3.639666666666667,3.639666666666667,3.639666666666667,3.639666666666667,3.639666666666667,3.597933333333333,3.5562,3.5144666666666664,3.4727333333333332,3.4309999999999996,3.2878,3.1445999999999996,3.0014,2.8582,2.715,2.715,2.715,2.715,2.715,2.715,2.679,2.643,2.607,2.571,2.535,2.523,2.511,2.499,2.487,2.475
251,random,seeded,membrane,1,,,,,8.726666666666667,8.057733333333333,7.3888,6.719866666666667,6.050933333333334,5.382000000000001,5.158666666666667,4.935333333333333,4.712,4.488666666666667,4.265333333333333,4.265333333333333,4.265333333333333,4.265333333333333,4.265333333333333,4.265333333333333,4.265333333333333,4.265333333333333,4.265333333333333,4.265333333333333,4.265333333333333,4.099866666666667,3.9344,3.7689333333333335,3.603466666666667,3.438,3.4170000000000003,3.3960000000000004,3.375,3.354,3.333,3.333,3.333,3.333,3.333,3.333,3.333,3.333,3.333,3.333,3.333,3.138666666666667,2.9443333333333332,2.75,2.5556666666666663,2.361333333333333
252,random,seeded,membrane,2,,,,,9.667333333333334,8.897400000000001,8.127466666666667,7.357533333333334,6.587600000000001,5.817666666666668,5.4430000000000005,5.068333333333334,4.693666666666667,4.319,3.9443333333333332,3.6884,3.4324666666666666,3.1765333333333334,2.9206000000000003,2.6646666666666667,2.6646666666666667,2.6646666666666667,2.6646666666666667,2.6646666666666667,2.6646666666666667,2.6646666666666667,2.6646666666666667,2.6646666666666667,2.6646666666666667,2.6646666666666667,2.6646666666666667,2.6646666666666667,2.6646666666666667,2.6646666666666667,2.6646666666666667,2.6646666666666667,2.6646666666666667,2.6646666666666667,2.6646666666666667,2.6646666666666667,2.6646666666666667,2.6646666666666667,2.6646666666666667,2.6646666666666667,2.6646666666666667,2.6646666666666667,2.6646666666666667,2.6646666666666667,2.6646666666666667,2.6646666666666667
253,random,seeded,membrane,3,,,,,10.298,9.4526,8.6072,7.7618,6.9164,6.071000000000001,5.6504,5.2298,4.809200000000001,4.3886,3.968,3.7862666666666667,3.6045333333333334,3.4228,3.2410666666666668,3.0593333333333335,2.8862666666666668,2.7132,2.5401333333333334,2.3670666666666667,2.194,2.194,2.194,2.194,2.194,2.194,2.163866666666667,2.1337333333333333,2.1036,2.0734666666666666,2.0433333333333334,2.0433333333333334,2.0433333333333334,2.0433333333333334,2.0433333333333334,2.0433333333333334,2.0433333333333334,2.0433333333333334,2.0433333333333334,2.0433333333333334,2.0433333333333334,1.9716666666666667,1.9,1.8283333333333331,1.7566666666666666,1.6849999999999998
254,random,seeded,membrane,4,,,,,5.488333333333333,5.2702,5.052066666666667,4.833933333333333,4.6158,4.397666666666667,4.091933333333333,3.7862,3.4804666666666666,3.174733333333333,2.8689999999999998,2.8689999999999998,2.8689999999999998,2.8689999999999998,2.8689999999999998,2.8689999999999998,2.8689999999999998,2.8689999999999998,2.8689999999999998,2.8689999999999998,2.8689999999999998,2.8689999999999998,2.8689999999999998,2.8689999999999998,2.8689999999999998,2.8689999999999998,2.7789333333333333,2.6888666666666663,2.5987999999999998,2.508733333333333,2.4186666666666663,2.4186666666666663,2.4186666666666663,2.4186666666666663,2.4186666666666663,2.4186666666666663,2.402733333333333,2.3867999999999996,2.3708666666666667,2.3549333333333333,2.339,2.339,2.339,2.339,2.339,2.339
255,random,seeded,vesicle,0,,,,,6.516666666666667,6.0107333333333335,5.5047999999999995,4.998866666666666,4.492933333333333,3.987,3.987,3.987,3.987,3.987,3.987,3.7443333333333335,3.501666666666667,3.2590000000000003,3.0163333333333338,2.773666666666667,2.773666666666667,2.773666666666667,2.773666666666667,2.773666666666667,2.773666666666667,2.773666666666667,2.773666666666667,2.773666666666667,2.773666666666667,2.773666666666667,2.6312666666666673,2.488866666666667,2.346466666666667,2.204066666666667,2.061666666666667,1.9321333333333335,1.8026000000000002,1.6730666666666667,1.5435333333333334,1.414,1.414,1.414,1.414,1.414,1.414,1.414,1.414,1.414,1.414,1.414
256,random,seeded,vesicle,1,,,,,10.893666666666666,9.6552,8.416733333333333,7.178266666666667,5.9398,4.701333333333333,4.360333333333333,4.019333333333334,3.6783333333333337,3.3373333333333335,2.9963333333333337,2.8014666666666668,2.6066000000000003,2.4117333333333333,2.2168666666666663,2.022,2.022,2.022,2.022,2.022,2.022,2.022,2.022,2.022,2.022,2.022,1.9662666666666666,1.9105333333333332,1.8548,1.7990666666666666,1.7433333333333334,1.7433333333333334,1.7433333333333334,1.7433333333333334,1.7433333333333334,1.7433333333333334,1.7433333333333334,1.7433333333333334,1.7433333333333334,1.7433333333333334,1.7433333333333334,1.7433333333333334,1.7433333333333334,1.7433333333333334,1.7433333333333334,1.7433333333333334
257,random,seeded,vesicle,2,,,,,7.623,7.0069333333333335,6.390866666666667,5.7748,5.158733333333333,4.542666666666666,4.540133333333333,4.5376,4.535066666666666,4.532533333333333,4.53,4.373733333333334,4.217466666666667,4.0612,3.9049333333333336,3.748666666666667,3.748666666666667,3.748666666666667,3.748666666666667,3.748666666666667,3.748666666666667,3.748666666666667,3.748666666666667,3.748666666666667,3.748666666666667,3.748666666666667,3.7169333333333334,3.6852,3.6534666666666666,3.6217333333333332,3.59,3.4590666666666663,3.328133333333333,3.1971999999999996,3.0662666666666665,2.935333333333333,2.935333333333333,2.935333333333333,2.935333333333333,2.935333333333333,2.935333333333333,2.935333333333333,2.935333333333333,2.935333333333333,2.935333333333333,2.935333333333333
258,random,seeded,vesicle,3,,,,,7.689666666666667,6.9566,6.223533333333334,5.490466666666667,4.7574000000000005,4.024333333333334,4.008066666666667,3.9918000000000005,3.9755333333333334,3.9592666666666667,3.943,3.943,3.943,3.943,3.943,3.943,3.6732,3.4034,3.1336,2.8638,2.594,2.594,2.594,2.594,2.594,2.594,2.5531333333333333,2.5122666666666666,2.4713999999999996,2.430533333333333,2.3896666666666664,2.1670666666666665,1.9444666666666666,1.7218666666666664,1.4992666666666665,1.2766666666666666,1.256,1.2353333333333334,1.2146666666666666,1.194,1.1733333333333333,1.1733333333333333,1.1733333333333333,1.1733333333333333,1.1733333333333333,1.1733333333333333
259,random,seeded,vesicle,4,,,,,4.519333333333333,4.066599999999999,3.6138666666666666,3.161133333333333,2.7083999999999997,2.2556666666666665,2.2556666666666665,2.2556666666666665,2.2556666666666665,2.2556666666666665,2.2556666666666665,2.2556666666666665,2.2556666666666665,2.2556666666666665,2.2556666666666665,2.2556666666666665,2.247533333333333,2.2394,2.2312666666666665,2.223133333333333,2.215,2.215,2.215,2.215,2.215,2.215,2.215,2.215,2.215,2.215,2.215,2.215,2.215,2.215,2.215,2.215,2.1642666666666663,2.1135333333333333,2.0628,2.0120666666666667,1.9613333333333334,1.9613333333333334,1.9613333333333334,1.9613333333333334,1.9613333333333334,1.9613333333333334
260,random,seeded,wormlike micelle,0,,,,,9.193333333333333,8.900266666666667,8.607199999999999,8.314133333333332,8.021066666666666,7.727999999999999,7.329199999999999,6.9304,6.5316,6.1328000000000005,5.734000000000001,5.479333333333334,5.224666666666668,4.970000000000001,4.715333333333334,4.4606666666666674,4.211466666666667,3.9622666666666673,3.713066666666667,3.4638666666666666,3.2146666666666666,3.2146666666666666,3.2146666666666666,3.2146666666666666,3.2146666666666666,3.2146666666666666,3.2146666666666666,3.2146666666666666,3.2146666666666666,3.2146666666666666,3.2146666666666666,3.0005333333333333,2.7864,2.5722666666666667,2.3581333333333334,2.144,2.144,2.144,2.144,2.144,2.144,2.144,2.144,2.144,2.144,2.144
261,random,seeded,wormlike micelle,1,,,,,3.321,3.2923333333333336,3.263666666666667,3.235,3.2063333333333333,3.1776666666666666,3.1776666666666666,3.1776666666666666,3.1776666666666666,3.1776666666666666,3.1776666666666666,2.844533333333333,2.5114,2.1782666666666666,1.845133333333333,1.5119999999999998,1.5119999999999998,1.5119999999999998,1.5119999999999998,1.5119999999999998,1.5119999999999998,1.4907333333333332,1.4694666666666665,1.4482,1.4269333333333332,1.4056666666666666,1.4056666666666666,1.4056666666666666,1.4056666666666666,1.4056666666666666,1.4056666666666666,1.4056666666666666,1.4056666666666666,1.4056666666666666,1.4056666666666666,1.4056666666666666,1.4056666666666666,1.4056666666666666,1.4056666666666666,1.4056666666666666,1.4056666666666666,1.4056666666666666,1.4056666666666666,1.4056666666666666,1.4056666666666666,1.4056666666666666
262,random,seeded,wormlike micelle,2,,,,,11.299000000000001,11.130733333333335,10.962466666666668,10.794200000000002,10.625933333333334,10.457666666666668,9.910933333333334,9.3642,8.817466666666668,8.270733333333334,7.724,7.1896,6.6552,6.1208,5.586399999999999,5.052,4.792999999999999,4.534,4.275,4.016,3.757,3.498266666666667,3.239533333333333,2.9808,2.7220666666666666,2.4633333333333334,2.4633333333333334,2.4633333333333334,2.4633333333333334,2.4633333333333334,2.4633333333333334,2.4633333333333334,2.4633333333333334,2.4633333333333334,2.4633333333333334,2.4633333333333334,2.4633333333333334,2.4633333333333334,2.4633333333333334,2.4633333333333334,2.4633333333333334,2.312266666666667,2.1612,2.0101333333333335,1.8590666666666669,1.7080000000000002
263,random,seeded,wormlike micelle,3,,,,,10.602666666666666,9.979466666666667,9.356266666666667,8.733066666666666,8.109866666666667,7.486666666666667,6.992533333333334,6.4984,6.004266666666667,5.510133333333334,5.016,4.872533333333333,4.729066666666666,4.5856,4.4421333333333335,4.298666666666667,4.2842,4.269733333333334,4.2552666666666665,4.2408,4.226333333333334,4.226333333333334,4.226333333333334,4.226333333333334,4.226333333333334,4.226333333333334,4.226333333333334,4.226333333333334,4.226333333333334,4.226333333333334,4.226333333333334,4.226333333333334,4.226333333333334,4.226333333333334,4.226333333333334,4.226333333333334,4.226333333333334,4.226333333333334,4.226333333333334,4.226333333333334,4.226333333333334,4.226333333333334,4.226333333333334,4.226333333333334,4.226333333333334,4.226333333333334
264,random,seeded,wormlike micelle,4,,,,,9.659333333333334,9.2196,8.779866666666667,8.340133333333334,7.900399999999999,7.460666666666666,7.112333333333333,6.763999999999999,6.415666666666667,6.067333333333334,5.719,5.4828,5.2466,5.0104,4.7741999999999996,4.537999999999999,4.339599999999999,4.1411999999999995,3.9427999999999996,3.7443999999999997,3.546,3.546,3.546,3.546,3.546,3.546,3.546,3.546,3.546,3.546,3.546,3.4601333333333333,3.3742666666666667,3.2884,3.2025333333333332,3.1166666666666667,3.0676,3.0185333333333335,2.969466666666667,2.9204000000000003,2.8713333333333337,2.8692,2.867066666666667,2.8649333333333336,2.8628000000000005,2.860666666666667
265,random,seeded,spherical micelle,0,,,,,6.540666666666667,5.8208,5.100933333333334,4.381066666666666,3.6612,2.941333333333333,2.9118666666666666,2.8824,2.8529333333333335,2.823466666666667,2.7940000000000005,2.7940000000000005,2.7940000000000005,2.7940000000000005,2.7940000000000005,2.7940000000000005,2.632466666666667,2.4709333333333334,2.3094,2.147866666666667,1.9863333333333333,1.9863333333333333,1.9863333333333333,1.9863333333333333,1.9863333333333333,1.9863333333333333,1.9863333333333333,1.9863333333333333,1.9863333333333333,1.9863333333333333,1.9863333333333333,1.9863333333333333,1.9863333333333333,1.9863333333333333,1.9863333333333333,1.9863333333333333,1.9406666666666665,1.895,1.8493333333333333,1.8036666666666668,1.758,1.758,1.758,1.758,1.758,1.758
266,random,seeded,spherical micelle,1,,,,,5.720666666666666,5.673733333333333,5.626799999999999,5.579866666666667,5.532933333333333,5.486,5.403266666666666,5.320533333333333,5.2378,5.1550666666666665,5.072333333333333,5.072333333333333,5.072333333333333,5.072333333333333,5.072333333333333,5.072333333333333,4.9715333333333325,4.870733333333333,4.7699333333333325,4.669133333333333,4.5683333333333325,4.542133333333332,4.515933333333333,4.489733333333333,4.463533333333333,4.437333333333333,4.437333333333333,4.437333333333333,4.437333333333333,4.437333333333333,4.437333333333333,4.437333333333333,4.437333333333333,4.437333333333333,4.437333333333333,4.437333333333333,4.3784,4.319466666666667,4.260533333333333,4.2016,4.142666666666667,4.142666666666667,4.142666666666667,4.142666666666667,4.142666666666667,4.142666666666667
267,random,seeded,spherical micelle,2,,,,,7.448333333333333,7.2805333333333335,7.112733333333333,6.944933333333333,6.777133333333333,6.609333333333333,6.240866666666666,5.8724,5.503933333333333,5.135466666666667,4.767,4.495133333333333,4.2232666666666665,3.9514,3.679533333333333,3.407666666666666,3.407666666666666,3.407666666666666,3.407666666666666,3.407666666666666,3.407666666666666,3.3055999999999996,3.203533333333333,3.1014666666666666,2.9994,2.8973333333333335,2.8973333333333335,2.8973333333333335,2.8973333333333335,2.8973333333333335,2.8973333333333335,2.871666666666667,2.846,2.8203333333333336,2.7946666666666666,2.769,2.769,2.769,2.769,2.769,2.769,2.769,2.769,2.769,2.769,2.769
268,random,seeded,spherical micelle,3,,,,,5.917333333333333,5.909199999999999,5.901066666666666,5.892933333333333,5.884799999999999,5.876666666666666,5.791399999999999,5.706133333333333,5.620866666666666,5.5356,5.450333333333333,4.883533333333333,4.3167333333333335,3.749933333333333,3.183133333333333,2.6163333333333334,2.6015333333333333,2.586733333333333,2.5719333333333334,2.5571333333333333,2.542333333333333,2.542333333333333,2.542333333333333,2.542333333333333,2.542333333333333,2.542333333333333,2.4444,2.3464666666666667,2.2485333333333335,2.1506,2.0526666666666666,2.0526666666666666,2.0526666666666666,2.0526666666666666,2.0526666666666666,2.0526666666666666,2.0526666666666666,2.0526666666666666,2.0526666666666666,2.0526666666666666,2.0526666666666666,2.0526666666666666,2.0526666666666666,2.0526666666666666,2.0526666666666666,2.0526666666666666
269,random,seeded,spherical micelle,4,,,,,9.670333333333332,8.999733333333332,8.329133333333333,7.658533333333333,6.987933333333332,6.317333333333333,6.234866666666666,6.1524,6.069933333333333,5.987466666666667,5.905,5.553466666666667,5.201933333333334,4.8504000000000005,4.498866666666666,4.147333333333333,4.147333333333333,4.147333333333333,4.147333333333333,4.147333333333333,4.147333333333333,4.015,3.8826666666666667,3.7503333333333333,3.6180000000000003,3.485666666666667,3.401866666666667,3.3180666666666667,3.2342666666666666,3.1504666666666665,3.0666666666666664,3.0666666666666664,3.0666666666666664,3.0666666666666664,3.0666666666666664,3.0666666666666664,3.0666666666666664,3.0666666666666664,3.0666666666666664,3.0666666666666664,3.0666666666666664,3.0666666666666664,3.0666666666666664,3.0666666666666664,3.0666666666666664,3.0666666666666664
270,random,unseeded,liquid,0,,,,,11.443999999999997,10.92613333333333,10.408266666666664,9.8904,9.372533333333333,8.854666666666667,8.4448,8.034933333333333,7.625066666666666,7.215199999999999,6.805333333333333,6.637133333333333,6.468933333333333,6.3007333333333335,6.132533333333333,5.964333333333333,5.3274,4.690466666666667,4.053533333333334,3.4166000000000003,2.779666666666667,2.779666666666667,2.779666666666667,2.779666666666667,2.779666666666667,2.779666666666667,2.779666666666667,2.779666666666667,2.779666666666667,2.779666666666667,2.779666666666667,2.779666666666667,2.779666666666667,2.779666666666667,2.779666666666667,2.779666666666667,2.779666666666667,2.779666666666667,2.779666666666667,2.779666666666667,2.779666666666667,2.5169333333333337,2.2542,1.9914666666666667,1.7287333333333335,1.466
271,random,unseeded,liquid,1,,,,,12.865666666666664,12.520333333333332,12.174999999999999,11.829666666666666,11.484333333333334,11.139000000000001,10.8388,10.5386,10.2384,9.9382,9.638,8.7058,7.7736,6.8414,5.9092,4.977,4.731466666666667,4.4859333333333336,4.2404,3.9948666666666663,3.749333333333333,3.749333333333333,3.749333333333333,3.749333333333333,3.749333333333333,3.749333333333333,3.5918666666666663,3.4343999999999997,3.276933333333333,3.1194666666666664,2.9619999999999997,2.776133333333333,2.5902666666666665,2.4044,2.2185333333333332,2.0326666666666666,2.0326666666666666,2.0326666666666666,2.0326666666666666,2.0326666666666666,2.0326666666666666,2.0326666666666666,2.0326666666666666,2.0326666666666666,2.0326666666666666,2.0326666666666666
272,random,unseeded,liquid,2,,,,,7.6176666666666675,6.868400000000001,6.119133333333334,5.369866666666667,4.6206000000000005,3.8713333333333337,3.8713333333333337,3.8713333333333337,3.8713333333333337,3.8713333333333337,3.8713333333333337,3.8713333333333337,3.8713333333333337,3.8713333333333337,3.8713333333333337,3.8713333333333337,3.8713333333333337,3.8713333333333337,3.8713333333333337,3.8713333333333337,3.8713333333333337,3.628666666666667,3.386,3.1433333333333335,2.900666666666667,2.658,2.6333333333333333,2.6086666666666667,2.5839999999999996,2.559333333333333,2.5346666666666664,2.5346666666666664,2.5346666666666664,2.5346666666666664,2.5346666666666664,2.5346666666666664,2.5346666666666664,2.5346666666666664,2.5346666666666664,2.5346666666666664,2.5346666666666664,2.5346666666666664,2.5346666666666664,2.5346666666666664,2.5346666666666664,2.5346666666666664
273,random,unseeded,liquid,3,,,,,8.752333333333333,8.722066666666667,8.691799999999999,8.661533333333333,8.631266666666665,8.600999999999999,8.599466666666666,8.597933333333334,8.5964,8.594866666666666,8.593333333333334,8.593333333333334,8.593333333333334,8.593333333333334,8.593333333333334,8.593333333333334,8.2794,7.965466666666667,7.651533333333333,7.3376,7.023666666666666,6.887866666666667,6.752066666666666,6.616266666666666,6.480466666666666,6.344666666666666,6.344666666666666,6.344666666666666,6.344666666666666,6.344666666666666,6.344666666666666,5.9262,5.507733333333333,5.089266666666667,4.6708,4.2523333333333335,4.2523333333333335,4.2523333333333335,4.2523333333333335,4.2523333333333335,4.2523333333333335,4.2523333333333335,4.2523333333333335,4.2523333333333335,4.2523333333333335,4.2523333333333335
274,random,unseeded,liquid,4,,,,,9.075666666666667,8.8152,8.554733333333333,8.294266666666667,8.0338,7.773333333333333,7.537066666666667,7.3008,7.064533333333333,6.828266666666666,6.592,5.783533333333333,4.975066666666667,4.1666,3.358133333333333,2.5496666666666665,2.5496666666666665,2.5496666666666665,2.5496666666666665,2.5496666666666665,2.5496666666666665,2.5496666666666665,2.5496666666666665,2.5496666666666665,2.5496666666666665,2.5496666666666665,2.5496666666666665,2.5496666666666665,2.5496666666666665,2.5496666666666665,2.5496666666666665,2.5496666666666665,2.5496666666666665,2.5496666666666665,2.5496666666666665,2.5496666666666665,2.5496666666666665,2.5496666666666665,2.5496666666666665,2.5496666666666665,2.5496666666666665,2.5496666666666665,2.5496666666666665,2.5496666666666665,2.5496666666666665,2.5496666666666665
275,random,unseeded,string,0,,,,,9.988333333333333,9.5932,9.198066666666666,8.802933333333332,8.4078,8.012666666666666,7.333666666666666,6.6546666666666665,5.975666666666666,5.296666666666667,4.617666666666667,4.365066666666666,4.112466666666666,3.8598666666666666,3.607266666666667,3.3546666666666667,3.3546666666666667,3.3546666666666667,3.3546666666666667,3.3546666666666667,3.3546666666666667,3.1927333333333334,3.0308,2.8688666666666665,2.706933333333333,2.545,2.545,2.545,2.545,2.545,2.545,2.545,2.545,2.545,2.545,2.545,2.545,2.545,2.545,2.545,2.545,2.545,2.545,2.545,2.545,2.545
276,random,unseeded,string,1,,,,,7.0889999999999995,6.833466666666666,6.577933333333333,6.3224,6.066866666666666,5.811333333333333,5.698799999999999,5.586266666666666,5.473733333333333,5.361199999999999,5.248666666666666,5.248666666666666,5.248666666666666,5.248666666666666,5.248666666666666,5.248666666666666,5.22,5.191333333333333,5.1626666666666665,5.1339999999999995,5.105333333333333,5.0286,4.951866666666667,4.875133333333333,4.7984,4.721666666666667,4.721666666666667,4.721666666666667,4.721666666666667,4.721666666666667,4.721666666666667,4.721666666666667,4.721666666666667,4.721666666666667,4.721666666666667,4.721666666666667,4.721666666666667,4.721666666666667,4.721666666666667,4.721666666666667,4.721666666666667,4.676933333333333,4.6322,4.587466666666667,4.5427333333333335,4.498
277,random,unseeded,string,2,,,,,9.714,9.3894,9.0648,8.7402,8.4156,8.091,7.805199999999999,7.519399999999999,7.233599999999999,6.9478,6.662,6.619466666666667,6.576933333333333,6.5344,6.491866666666666,6.449333333333333,6.449333333333333,6.449333333333333,6.449333333333333,6.449333333333333,6.449333333333333,6.449333333333333,6.449333333333333,6.449333333333333,6.449333333333333,6.449333333333333,6.449333333333333,6.449333333333333,6.449333333333333,6.449333333333333,6.449333333333333,6.449333333333333,6.449333333333333,6.449333333333333,6.449333333333333,6.449333333333333,6.449333333333333,6.449333333333333,6.449333333333333,6.449333333333333,6.449333333333333,6.254533333333333,6.059733333333333,5.864933333333333,5.670133333333332,5.4753333333333325
278,random,unseeded,string,3,,,,,12.219,11.3272,10.4354,9.543600000000001,8.651800000000001,7.760000000000001,6.837533333333334,5.915066666666667,4.9926,4.070133333333334,3.1476666666666664,3.064533333333333,2.9814,2.8982666666666663,2.8151333333333333,2.7319999999999998,2.7319999999999998,2.7319999999999998,2.7319999999999998,2.7319999999999998,2.7319999999999998,2.7319999999999998,2.7319999999999998,2.7319999999999998,2.7319999999999998,2.7319999999999998,2.7319999999999998,2.7319999999999998,2.7319999999999998,2.7319999999999998,2.7319999999999998,2.7319999999999998,2.7319999999999998,2.7319999999999998,2.7319999999999998,2.7319999999999998,2.7319999999999998,2.7319999999999998,2.7319999999999998,2.7319999999999998,2.7319999999999998,2.7319999999999998,2.7319999999999998,2.7319999999999998,2.7319999999999998,2.7319999999999998
279,random,unseeded,string,4,,,,,8.822333333333333,8.5194,8.216466666666667,7.9135333333333335,7.6106,7.307666666666667,6.890266666666667,6.4728666666666665,6.055466666666667,5.638066666666667,5.220666666666666,5.220666666666666,5.220666666666666,5.220666666666666,5.220666666666666,5.220666666666666,4.920066666666666,4.619466666666667,4.318866666666667,4.018266666666666,3.7176666666666667,3.7176666666666667,3.7176666666666667,3.7176666666666667,3.7176666666666667,3.7176666666666667,3.5638666666666667,3.410066666666667,3.256266666666667,3.1024666666666665,2.9486666666666665,2.8377333333333334,2.7268,2.615866666666667,2.5049333333333332,2.394,2.3795333333333333,2.365066666666667,2.3506,2.3361333333333336,2.3216666666666668,2.2840000000000003,2.2463333333333333,2.208666666666667,2.171,2.1333333333333333
280,random,unseeded,membrane,0,,,,,7.6290000000000004,6.948733333333334,6.268466666666667,5.5882000000000005,4.907933333333334,4.227666666666667,4.127866666666667,4.028066666666667,3.9282666666666666,3.828466666666667,3.728666666666667,3.710866666666667,3.6930666666666667,3.675266666666667,3.6574666666666666,3.639666666666667,3.639666666666667,3.639666666666667,3.639666666666667,3.639666666666667,3.639666666666667,3.597933333333333,3.5562,3.5144666666666664,3.4727333333333332,3.4309999999999996,3.2878,3.1445999999999996,3.0014,2.8582,2.715,2.715,2.715,2.715,2.715,2.715,2.679,2.643,2.607,2.571,2.535,2.523,2.511,2.499,2.487,2.475
281,random,unseeded,membrane,1,,,,,8.321333333333333,7.733466666666667,7.1456,6.557733333333334,5.969866666666667,5.382000000000001,5.158666666666667,4.935333333333333,4.712,4.488666666666667,4.265333333333333,4.265333333333333,4.265333333333333,4.265333333333333,4.265333333333333,4.265333333333333,4.265333333333333,4.265333333333333,4.265333333333333,4.265333333333333,4.265333333333333,4.099866666666667,3.9344,3.7689333333333335,3.603466666666667,3.438,3.4170000000000003,3.3960000000000004,3.375,3.354,3.333,3.333,3.333,3.333,3.333,3.333,3.333,3.333,3.333,3.333,3.333,3.138666666666667,2.9443333333333332,2.75,2.5556666666666663,2.361333333333333
282,random,unseeded,membrane,2,,,,,5.9430000000000005,5.443133333333334,4.943266666666667,4.4434000000000005,3.9435333333333333,3.4436666666666667,3.2578,3.0719333333333334,2.8860666666666663,2.7001999999999997,2.514333333333333,2.4442666666666666,2.3742,2.304133333333333,2.2340666666666666,2.164,2.164,2.164,2.164,2.164,2.164,2.164,2.164,2.164,2.164,2.164,2.164,2.164,2.164,2.164,2.164,2.164,2.164,2.164,2.164,2.164,2.164,2.164,2.164,2.164,2.164,2.164,2.164,2.164,2.164,2.164
283,random,unseeded,membrane,3,,,,,9.196333333333333,8.571266666666666,7.9462,7.321133333333334,6.696066666666667,6.071000000000001,5.6504,5.2298,4.809200000000001,4.3886,3.968,3.7862666666666667,3.6045333333333334,3.4228,3.2410666666666668,3.0593333333333335,2.8862666666666668,2.7132,2.5401333333333334,2.3670666666666667,2.194,2.194,2.194,2.194,2.194,2.194,2.163866666666667,2.1337333333333333,2.1036,2.0734666666666666,2.0433333333333334,2.0433333333333334,2.0433333333333334,2.0433333333333334,2.0433333333333334,2.0433333333333334,2.0433333333333334,2.0433333333333334,2.0433333333333334,2.0433333333333334,2.0433333333333334,1.9716666666666667,1.9,1.8283333333333331,1.7566666666666666,1.6849999999999998
284,random,unseeded,membrane,4,,,,,5.488333333333333,5.2702,5.052066666666667,4.833933333333333,4.6158,4.397666666666667,4.091933333333333,3.7862,3.4804666666666666,3.174733333333333,2.8689999999999998,2.8689999999999998,2.8689999999999998,2.8689999999999998,2.8689999999999998,2.8689999999999998,2.8689999999999998,2.8689999999999998,2.8689999999999998,2.8689999999999998,2.8689999999999998,2.8689999999999998,2.8689999999999998,2.8689999999999998,2.8689999999999998,2.8689999999999998,2.7789333333333333,2.6888666666666663,2.5987999999999998,2.508733333333333,2.4186666666666663,2.4186666666666663,2.4186666666666663,2.4186666666666663,2.4186666666666663,2.4186666666666663,2.402733333333333,2.3867999999999996,2.3708666666666667,2.3549333333333333,2.339,2.339,2.339,2.339,2.339,2.339
285,random,unseeded,vesicle,0,,,,,6.516666666666667,6.0107333333333335,5.5047999999999995,4.998866666666666,4.492933333333333,3.987,3.987,3.987,3.987,3.987,3.987,3.7443333333333335,3.501666666666667,3.2590000000000003,3.0163333333333338,2.773666666666667,2.773666666666667,2.773666666666667,2.773666666666667,2.773666666666667,2.773666666666667,2.773666666666667,2.773666666666667,2.773666666666667,2.773666666666667,2.773666666666667,2.6312666666666673,2.488866666666667,2.346466666666667,2.204066666666667,2.061666666666667,1.9321333333333335,1.8026000000000002,1.6730666666666667,1.5435333333333334,1.414,1.414,1.414,1.414,1.414,1.414,1.414,1.414,1.414,1.414,1.414
286,random,unseeded,vesicle,1,,,,,9.397333333333334,8.458133333333334,7.518933333333334,6.579733333333333,5.640533333333334,4.701333333333333,4.360333333333333,4.019333333333334,3.6783333333333337,3.3373333333333335,2.9963333333333337,2.8014666666666668,2.6066000000000003,2.4117333333333333,2.2168666666666663,2.022,2.022,2.022,2.022,2.022,2.022,2.022,2.022,2.022,2.022,2.022,1.9662666666666666,1.9105333333333332,1.8548,1.7990666666666666,1.7433333333333334,1.7433333333333334,1.7433333333333334,1.7433333333333334,1.7433333333333334,1.7433333333333334,1.7433333333333334,1.7433333333333334,1.7433333333333334,1.7433333333333334,1.7433333333333334,1.7433333333333334,1.7433333333333334,1.7433333333333334,1.7433333333333334,1.7433333333333334
287,random,unseeded,vesicle,2,,,,,5.409,5.1235333333333335,4.838066666666666,4.5526,4.267133333333334,3.981666666666667,3.981666666666667,3.981666666666667,3.981666666666667,3.981666666666667,3.981666666666667,3.8556000000000004,3.7295333333333334,3.603466666666667,3.4774000000000003,3.3513333333333333,3.3513333333333333,3.3513333333333333,3.3513333333333333,3.3513333333333333,3.3513333333333333,3.3513333333333333,3.3513333333333333,3.3513333333333333,3.3513333333333333,3.3513333333333333,3.3513333333333333,3.3513333333333333,3.3513333333333333,3.3513333333333333,3.3513333333333333,3.268133333333333,3.184933333333333,3.1017333333333332,3.018533333333333,2.935333333333333,2.935333333333333,2.935333333333333,2.935333333333333,2.935333333333333,2.935333333333333,2.935333333333333,2.935333333333333,2.935333333333333,2.935333333333333,2.935333333333333
288,random,unseeded,vesicle,3,,,,,6.0553333333333335,5.590533333333333,5.125733333333334,4.660933333333333,4.196133333333333,3.731333333333333,3.731333333333333,3.731333333333333,3.731333333333333,3.731333333333333,3.731333333333333,3.731333333333333,3.731333333333333,3.731333333333333,3.731333333333333,3.731333333333333,3.5038666666666667,3.2763999999999998,3.0489333333333333,2.821466666666667,2.594,2.594,2.594,2.594,2.594,2.594,2.5531333333333333,2.5122666666666666,2.4713999999999996,2.430533333333333,2.3896666666666664,2.1670666666666665,1.9444666666666666,1.7218666666666664,1.4992666666666665,1.2766666666666666,1.256,1.2353333333333334,1.2146666666666666,1.194,1.1733333333333333,1.1733333333333333,1.1733333333333333,1.1733333333333333,1.1733333333333333,1.1733333333333333
289,random,unseeded,vesicle,4,,,,,4.519333333333333,4.066599999999999,3.6138666666666666,3.161133333333333,2.7083999999999997,2.2556666666666665,2.2556666666666665,2.2556666666666665,2.2556666666666665,2.2556666666666665,2.2556666666666665,2.2556666666666665,2.2556666666666665,2.2556666666666665,2.2556666666666665,2.2556666666666665,2.247533333333333,2.2394,2.2312666666666665,2.223133333333333,2.215,2.215,2.215,2.215,2.215,2.215,2.215,2.215,2.215,2.215,2.215,2.215,2.215,2.215,2.215,2.215,2.1642666666666663,2.1135333333333333,2.0628,2.0120666666666667,1.9613333333333334,1.9613333333333334,1.9613333333333334,1.9613333333333334,1.9613333333333334,1.9613333333333334
290,random,unseeded,wormlike micelle,0,,,,,7.657,7.543333333333333,7.429666666666666,7.316,7.202333333333333,7.088666666666666,6.772066666666666,6.455466666666666,6.138866666666666,5.822266666666666,5.5056666666666665,5.2843333333333335,5.063,4.841666666666667,4.620333333333333,4.399,4.162133333333333,3.9252666666666665,3.6883999999999997,3.4515333333333333,3.2146666666666666,3.2146666666666666,3.2146666666666666,3.2146666666666666,3.2146666666666666,3.2146666666666666,3.2146666666666666,3.2146666666666666,3.2146666666666666,3.2146666666666666,3.2146666666666666,3.0005333333333333,2.7864,2.5722666666666667,2.3581333333333334,2.144,2.144,2.144,2.144,2.144,2.144,2.144,2.144,2.144,2.144,2.144
291,random,unseeded,wormlike micelle,1,,,,,3.321,3.2923333333333336,3.263666666666667,3.235,3.2063333333333333,3.1776666666666666,3.1776666666666666,3.1776666666666666,3.1776666666666666,3.1776666666666666,3.1776666666666666,2.844533333333333,2.5114,2.1782666666666666,1.845133333333333,1.5119999999999998,1.5119999999999998,1.5119999999999998,1.5119999999999998,1.5119999999999998,1.5119999999999998,1.4907333333333332,1.4694666666666665,1.4482,1.4269333333333332,1.4056666666666666,1.4056666666666666,1.4056666666666666,1.4056666666666666,1.4056666666666666,1.4056666666666666,1.4056666666666666,1.4056666666666666,1.4056666666666666,1.4056666666666666,1.4056666666666666,1.4056666666666666,1.4056666666666666,1.4056666666666666,1.4056666666666666,1.4056666666666666,1.4056666666666666,1.4056666666666666,1.4056666666666666,1.4056666666666666,1.4056666666666666
292,random,unseeded,wormlike micelle,2,,,,,10.081333333333333,10.081333333333333,10.081333333333333,10.081333333333333,10.081333333333333,10.081333333333333,9.609866666666667,9.1384,8.666933333333333,8.195466666666666,7.724,7.1896,6.6552,6.1208,5.586399999999999,5.052,4.792999999999999,4.534,4.275,4.016,3.757,3.498266666666667,3.239533333333333,2.9808,2.7220666666666666,2.4633333333333334,2.4633333333333334,2.4633333333333334,2.4633333333333334,2.4633333333333334,2.4633333333333334,2.4633333333333334,2.4633333333333334,2.4633333333333334,2.4633333333333334,2.4633333333333334,2.4633333333333334,2.4633333333333334,2.4633333333333334,2.4633333333333334,2.4633333333333334,2.312266666666667,2.1612,2.0101333333333335,1.8590666666666669,1.7080000000000002
293,random,unseeded,wormlike micelle,3,,,,,10.602666666666666,9.979466666666667,9.356266666666667,8.733066666666666,8.109866666666667,7.486666666666667,6.992533333333334,6.4984,6.004266666666667,5.510133333333334,5.016,4.872533333333333,4.729066666666666,4.5856,4.4421333333333335,4.298666666666667,4.2842,4.269733333333334,4.2552666666666665,4.2408,4.226333333333334,4.226333333333334,4.226333333333334,4.226333333333334,4.226333333333334,4.226333333333334,4.226333333333334,4.226333333333334,4.226333333333334,4.226333333333334,4.226333333333334,4.226333333333334,4.226333333333334,4.226333333333334,4.226333333333334,4.226333333333334,4.226333333333334,4.226333333333334,4.226333333333334,4.226333333333334,4.226333333333334,4.226333333333334,4.226333333333334,4.226333333333334,4.226333333333334,4.226333333333334
294,random,unseeded,wormlike micelle,4,,,,,8.502,8.293733333333334,8.085466666666667,7.8772,7.6689333333333325,7.460666666666666,7.112333333333333,6.763999999999999,6.415666666666667,6.067333333333334,5.719,5.4828,5.2466,5.0104,4.7741999999999996,4.537999999999999,4.339599999999999,4.1411999999999995,3.9427999999999996,3.7443999999999997,3.546,3.546,3.546,3.546,3.546,3.546,3.546,3.546,3.546,3.546,3.546,3.4601333333333333,3.3742666666666667,3.2884,3.2025333333333332,3.1166666666666667,3.0676,3.0185333333333335,2.969466666666667,2.9204000000000003,2.8713333333333337,2.8692,2.867066666666667,2.8649333333333336,2.8628000000000005,2.860666666666667
295,random,unseeded,spherical micelle,0,,,,,5.045000000000001,4.567133333333334,4.089266666666667,3.6114,3.1335333333333333,2.6556666666666664,2.6556666666666664,2.6556666666666664,2.6556666666666664,2.6556666666666664,2.6556666666666664,2.6556666666666664,2.6556666666666664,2.6556666666666664,2.6556666666666664,2.6556666666666664,2.5128,2.369933333333333,2.2270666666666665,2.0842,1.9413333333333334,1.9413333333333334,1.9413333333333334,1.9413333333333334,1.9413333333333334,1.9413333333333334,1.9413333333333334,1.9413333333333334,1.9413333333333334,1.9413333333333334,1.9413333333333334,1.9413333333333334,1.9413333333333334,1.9413333333333334,1.9413333333333334,1.9413333333333334,1.9046666666666667,1.868,1.8313333333333333,1.7946666666666666,1.758,1.758,1.758,1.758,1.758,1.758
296,random,unseeded,spherical micelle,1,,,,,5.519666666666667,5.487733333333333,5.4558,5.423866666666666,5.391933333333333,5.359999999999999,5.302466666666666,5.244933333333333,5.187399999999999,5.129866666666667,5.072333333333333,5.072333333333333,5.072333333333333,5.072333333333333,5.072333333333333,5.072333333333333,4.9715333333333325,4.870733333333333,4.7699333333333325,4.669133333333333,4.5683333333333325,4.542133333333332,4.515933333333333,4.489733333333333,4.463533333333333,4.437333333333333,4.437333333333333,4.437333333333333,4.437333333333333,4.437333333333333,4.437333333333333,4.437333333333333,4.437333333333333,4.437333333333333,4.437333333333333,4.437333333333333,4.3784,4.319466666666667,4.260533333333333,4.2016,4.142666666666667,4.142666666666667,4.142666666666667,4.142666666666667,4.142666666666667,4.142666666666667
297,random,unseeded,spherical micelle,2,,,,,7.448333333333333,7.2805333333333335,7.112733333333333,6.944933333333333,6.777133333333333,6.609333333333333,6.240866666666666,5.8724,5.503933333333333,5.135466666666667,4.767,4.495133333333333,4.2232666666666665,3.9514,3.679533333333333,3.407666666666666,3.407666666666666,3.407666666666666,3.407666666666666,3.407666666666666,3.407666666666666,3.3055999999999996,3.203533333333333,3.1014666666666666,2.9994,2.8973333333333335,2.8973333333333335,2.8973333333333335,2.8973333333333335,2.8973333333333335,2.8973333333333335,2.871666666666667,2.846,2.8203333333333336,2.7946666666666666,2.769,2.769,2.769,2.769,2.769,2.769,2.769,2.769,2.769,2.769,2.769
298,random,unseeded,spherical micelle,3,,,,,5.917333333333333,5.909199999999999,5.901066666666666,5.892933333333333,5.884799999999999,5.876666666666666,5.791399999999999,5.706133333333333,5.620866666666666,5.5356,5.450333333333333,4.883533333333333,4.3167333333333335,3.749933333333333,3.183133333333333,2.6163333333333334,2.6015333333333333,2.586733333333333,2.5719333333333334,2.5571333333333333,2.542333333333333,2.542333333333333,2.542333333333333,2.542333333333333,2.542333333333333,2.542333333333333,2.4444,2.3464666666666667,2.2485333333333335,2.1506,2.0526666666666666,2.0526666666666666,2.0526666666666666,2.0526666666666666,2.0526666666666666,2.0526666666666666,2.0526666666666666,2.0526666666666666,2.0526666666666666,2.0526666666666666,2.0526666666666666,2.0526666666666666,2.0526666666666666,2.0526666666666666,2.0526666666666666,2.0526666666666666
299,random,unseeded,spherical micelle,4,,,,,7.7203333333333335,7.392133333333334,7.063933333333334,6.735733333333334,6.407533333333333,6.0793333333333335,6.006266666666667,5.9332,5.860133333333333,5.787066666666666,5.7139999999999995,5.400666666666666,5.087333333333333,4.773999999999999,4.460666666666667,4.147333333333333,4.147333333333333,4.147333333333333,4.147333333333333,4.147333333333333,4.147333333333333,4.015,3.8826666666666667,3.7503333333333333,3.6180000000000003,3.485666666666667,3.401866666666667,3.3180666666666667,3.2342666666666666,3.1504666666666665,3.0666666666666664,3.0666666666666664,3.0666666666666664,3.0666666666666664,3.0666666666666664,3.0666666666666664,3.0666666666666664,3.0666666666666664,3.0666666666666664,3.0666666666666664,3.0666666666666664,3.0666666666666664,3.0666666666666664,3.0666666666666664,3.0666666666666664,3.0666666666666664
