,Experiment,Seed Type,Morphology,Replica,topkd after 1 Labels,topkd after 2 Labels,topkd after 3 Labels,topkd after 4 Labels,topkd after 5 Labels,topkd after 6 Labels,topkd after 7 Labels,topkd after 8 Labels,topkd after 9 Labels,topkd after 10 Labels,topkd after 11 Labels,topkd after 12 Labels,topkd after 13 Labels,topkd after 14 Labels,topkd after 15 Labels,topkd after 16 Labels,topkd after 17 Labels,topkd after 18 Labels,topkd after 19 Labels,topkd after 20 Labels,topkd after 21 Labels,topkd after 22 Labels,topkd after 23 Labels,topkd after 24 Labels,topkd after 25 Labels,topkd after 26 Labels,topkd after 27 Labels,topkd after 28 Labels,topkd after 29 Labels,topkd after 30 Labels,topkd after 31 Labels,topkd after 32 Labels,topkd after 33 Labels,topkd after 34 Labels,topkd after 35 Labels,topkd after 36 Labels,topkd after 37 Labels,topkd after 38 Labels,topkd after 39 Labels,topkd after 40 Labels,topkd after 41 Labels,topkd after 42 Labels,topkd after 43 Labels,topkd after 44 Labels,topkd after 45 Labels,topkd after 46 Labels,topkd after 47 Labels,topkd after 48 Labels,topkd after 49 Labels,topkd after 50 Labels
0,oracle,seeded,liquid,0,,,,,11.443999999999997,10.745866666666664,10.047733333333332,9.349599999999999,8.651466666666666,7.953333333333333,6.36375,4.774166666666666,3.1845833333333333,1.595,1.3708666666666667,1.1467333333333332,0.9225999999999999,0.6984666666666666,0.47433333333333333,0.47433333333333333,0.47433333333333333,0.47433333333333333,0.47433333333333333,0.47433333333333333,0.449,0.4236666666666667,0.3983333333333334,0.37300000000000005,0.34766666666666673,0.34766666666666673,0.34766666666666673,0.34766666666666673,0.34766666666666673,0.34766666666666673,0.34766666666666673,0.34766666666666673,0.34766666666666673,0.34766666666666673,0.34766666666666673,0.3355333333333334,0.3234,0.3112666666666667,0.2991333333333333,0.287,0.287,0.287,0.287,0.287,0.287,0.287
1,oracle,seeded,liquid,1,,,,,15.639666666666665,12.671583333333333,9.703499999999998,6.735416666666666,3.7673333333333336,3.1470000000000002,2.526666666666667,1.9063333333333334,1.286,0.6656666666666666,0.6478666666666666,0.6300666666666667,0.6122666666666666,0.5944666666666667,0.5766666666666667,0.5594,0.5421333333333334,0.5248666666666667,0.5076,0.49033333333333334,0.49033333333333334,0.49033333333333334,0.49033333333333334,0.49033333333333334,0.49033333333333334,0.4820666666666667,0.4738,0.46553333333333335,0.45726666666666665,0.449,0.449,0.449,0.449,0.449,0.449,0.444,0.439,0.434,0.429,0.424,0.424,0.424,0.424,0.424,0.424,0.38339999999999996
2,oracle,seeded,liquid,2,,,,,7.6176666666666675,6.604800000000001,5.591933333333333,4.579066666666667,3.5662000000000003,2.5533333333333332,2.1142,1.6750666666666667,1.2359333333333336,0.7968000000000002,0.35766666666666663,0.35766666666666663,0.35766666666666663,0.35766666666666663,0.35766666666666663,0.35766666666666663,0.35766666666666663,0.35766666666666663,0.35766666666666663,0.35766666666666663,0.35766666666666663,0.35266666666666663,0.3476666666666666,0.3426666666666667,0.33766666666666667,0.33266666666666667,0.33266666666666667,0.33266666666666667,0.33266666666666667,0.33266666666666667,0.33266666666666667,0.3016,0.27053333333333335,0.23946666666666666,0.2084,0.17733333333333334,0.17733333333333334,0.17733333333333334,0.17733333333333334,0.17733333333333334,0.17733333333333334,0.17733333333333334,0.17733333333333334,0.17733333333333334,0.17733333333333334,0.17733333333333334
3,oracle,seeded,liquid,3,,,,,9.373666666666667,7.7072666666666665,6.040866666666666,4.374466666666667,2.7080666666666664,1.0416666666666667,0.9507333333333334,0.8598000000000001,0.7688666666666667,0.6779333333333334,0.5870000000000001,0.5870000000000001,0.5870000000000001,0.5870000000000001,0.5870000000000001,0.5870000000000001,0.5870000000000001,0.5870000000000001,0.5870000000000001,0.5870000000000001,0.5870000000000001,0.5173333333333334,0.4476666666666667,0.378,0.30833333333333335,0.23866666666666667,0.23866666666666667,0.23866666666666667,0.23866666666666667,0.23866666666666667,0.23866666666666667,0.23866666666666667,0.23866666666666667,0.23866666666666667,0.23866666666666667,0.23866666666666667,0.23866666666666667,0.23866666666666667,0.23866666666666667,0.23866666666666667,0.23866666666666667,0.23866666666666667,0.23866666666666667,0.23866666666666667,0.23866666666666667,0.23866666666666667
4,oracle,seeded,liquid,4,,,,,9.472333333333333,7.452333333333334,5.432333333333333,3.4123333333333328,1.3923333333333332,1.2242,1.0560666666666667,0.8879333333333332,0.7198,0.5516666666666666,0.5516666666666666,0.5516666666666666,0.5516666666666666,0.5516666666666666,0.5516666666666666,0.5512666666666667,0.5508666666666666,0.5504666666666667,0.5500666666666666,0.5496666666666666,0.5496666666666666,0.5496666666666666,0.5496666666666666,0.5496666666666666,0.5496666666666666,0.5496666666666666,0.5496666666666666,0.5496666666666666,0.5496666666666666,0.5496666666666666,0.5496666666666666,0.5496666666666666,0.5496666666666666,0.5496666666666666,0.5496666666666666,0.5096666666666666,0.4696666666666666,0.42966666666666664,0.3896666666666666,0.3496666666666666,0.33946666666666664,0.32926666666666665,0.3190666666666666,0.3088666666666666,0.29866666666666664,0.29866666666666664
5,oracle,seeded,string,0,,,,,6.743666666666667,5.7895,4.835333333333334,3.8811666666666667,2.927,2.7562,2.5854,2.4146,2.2438000000000002,2.073,1.693,1.313,0.9329999999999998,0.5529999999999999,0.17300000000000001,0.17300000000000001,0.17300000000000001,0.17300000000000001,0.17300000000000001,0.17300000000000001,0.17300000000000001,0.17300000000000001,0.17300000000000001,0.17300000000000001,0.17300000000000001,0.17300000000000001,0.17300000000000001,0.17300000000000001,0.17300000000000001,0.17300000000000001,0.17300000000000001,0.17300000000000001,0.17300000000000001,0.17300000000000001,0.17300000000000001,0.17300000000000001,0.17300000000000001,0.17300000000000001,0.17300000000000001,0.17300000000000001,0.17300000000000001,0.17300000000000001,0.17300000000000001,0.17300000000000001,0.17300000000000001,0.17300000000000001
6,oracle,seeded,string,1,,,,,3.669333333333333,3.433583333333333,3.197833333333333,2.962083333333333,2.7263333333333333,2.3869333333333334,2.0475333333333334,1.7081333333333333,1.3687333333333334,1.0293333333333334,0.9717333333333334,0.9141333333333335,0.8565333333333334,0.7989333333333334,0.7413333333333334,0.7413333333333334,0.7413333333333334,0.7413333333333334,0.7413333333333334,0.7413333333333334,0.7413333333333334,0.7413333333333334,0.7413333333333334,0.7413333333333334,0.7413333333333334,0.7413333333333334,0.7413333333333334,0.7413333333333334,0.7413333333333334,0.7413333333333334,0.7259333333333334,0.7105333333333334,0.6951333333333334,0.6797333333333333,0.6643333333333333,0.6643333333333333,0.6643333333333333,0.6643333333333333,0.6643333333333333,0.6643333333333333,0.6643333333333333,0.6643333333333333,0.6643333333333333,0.6643333333333333,0.6643333333333333,0.6643333333333333
7,oracle,seeded,string,2,,,,,7.3806666666666665,5.739,4.097333333333333,2.4556666666666667,0.8140000000000001,0.6852,0.5564,0.4276000000000001,0.29880000000000007,0.17,0.17,0.17,0.17,0.17,0.17,0.17,0.17,0.17,0.17,0.17,0.17,0.17,0.17,0.17,0.17,0.17,0.17,0.17,0.17,0.17,0.17,0.17,0.17,0.17,0.17,0.17,0.17,0.17,0.17,0.17,0.17,0.17,0.17,0.17,0.17,0.17
8,oracle,seeded,string,3,,,,,7.906999999999999,6.411583333333333,4.916166666666666,3.42075,1.9253333333333333,1.6552,1.3850666666666667,1.1149333333333333,0.8448,0.5746666666666667,0.5406,0.5065333333333333,0.47246666666666665,0.43839999999999996,0.40433333333333327,0.38079999999999997,0.3572666666666666,0.3337333333333333,0.31020000000000003,0.2866666666666667,0.2866666666666667,0.2866666666666667,0.2866666666666667,0.2866666666666667,0.2866666666666667,0.2866666666666667,0.2866666666666667,0.2866666666666667,0.2866666666666667,0.2866666666666667,0.27780000000000005,0.26893333333333336,0.26006666666666667,0.25120000000000003,0.24233333333333337,0.23193333333333335,0.22153333333333336,0.21113333333333334,0.20073333333333332,0.19033333333333333,0.19033333333333333,0.19033333333333333,0.19033333333333333,0.19033333333333333,0.19033333333333333,0.18973333333333334
9,oracle,seeded,string,4,,,,,5.104333333333333,4.078916666666666,3.0534999999999997,2.028083333333333,1.0026666666666666,0.8361333333333333,0.6696,0.5030666666666667,0.33653333333333335,0.17,0.17,0.17,0.17,0.17,0.17,0.17,0.17,0.17,0.17,0.17,0.17,0.17,0.17,0.17,0.17,0.17,0.17,0.17,0.17,0.17,0.17,0.17,0.17,0.17,0.17,0.17,0.17,0.17,0.17,0.17,0.17,0.17,0.17,0.17,0.17,0.17
10,oracle,seeded,string,5,,,,,3.862666666666667,3.4152500000000003,2.9678333333333335,2.5204166666666667,2.073,1.7185333333333332,1.3640666666666665,1.0096,0.6551333333333333,0.3006666666666667,0.3006666666666667,0.3006666666666667,0.3006666666666667,0.3006666666666667,0.3006666666666667,0.29793333333333333,0.2952,0.29246666666666665,0.28973333333333334,0.287,0.2823333333333333,0.2776666666666667,0.27299999999999996,0.2683333333333333,0.26366666666666666,0.26366666666666666,0.26366666666666666,0.26366666666666666,0.26366666666666666,0.26366666666666666,0.24686666666666665,0.23006666666666667,0.21326666666666666,0.19646666666666668,0.17966666666666667,0.17966666666666667,0.17966666666666667,0.17966666666666667,0.17966666666666667,0.17966666666666667,0.17966666666666667,0.17966666666666667,0.17966666666666667,0.17966666666666667,0.17966666666666667,0.17966666666666667
11,oracle,seeded,string,6,,,,,5.0713333333333335,4.487833333333334,3.9043333333333337,3.3208333333333333,2.7373333333333334,2.3957333333333333,2.0541333333333336,1.7125333333333335,1.3709333333333333,1.0293333333333334,0.9717333333333334,0.9141333333333335,0.8565333333333334,0.7989333333333334,0.7413333333333334,0.6680666666666667,0.5948,0.5215333333333334,0.4482666666666667,0.375,0.375,0.375,0.375,0.375,0.375,0.375,0.375,0.375,0.375,0.375,0.375,0.375,0.375,0.375,0.375,0.375,0.375,0.375,0.375,0.375,0.375,0.375,0.375,0.375,0.375,0.375
12,oracle,seeded,string,7,,,,,8.447000000000001,6.8535,5.260000000000001,3.666500000000001,2.073,1.7157333333333333,1.3584666666666667,1.0011999999999999,0.6439333333333332,0.2866666666666667,0.2866666666666667,0.2866666666666667,0.2866666666666667,0.2866666666666667,0.2866666666666667,0.2866666666666667,0.2866666666666667,0.2866666666666667,0.2866666666666667,0.2866666666666667,0.2820666666666667,0.2774666666666667,0.27286666666666665,0.26826666666666665,0.26366666666666666,0.26366666666666666,0.26366666666666666,0.26366666666666666,0.26366666666666666,0.26366666666666666,0.26366666666666666,0.26366666666666666,0.26366666666666666,0.26366666666666666,0.26366666666666666,0.25906666666666667,0.2544666666666667,0.24986666666666665,0.24526666666666666,0.24066666666666667,0.24066666666666667,0.24066666666666667,0.24066666666666667,0.24066666666666667,0.24066666666666667,0.2188
13,oracle,seeded,string,8,,,,,6.154333333333334,5.37575,4.597166666666666,3.818583333333333,3.0399999999999996,2.546933333333333,2.0538666666666665,1.5608,1.0677333333333334,0.5746666666666667,0.5170666666666667,0.4594666666666667,0.40186666666666665,0.34426666666666667,0.2866666666666667,0.2866666666666667,0.2866666666666667,0.2866666666666667,0.2866666666666667,0.2866666666666667,0.2866666666666667,0.2866666666666667,0.2866666666666667,0.2866666666666667,0.2866666666666667,0.2866666666666667,0.2866666666666667,0.2866666666666667,0.2866666666666667,0.2866666666666667,0.2866666666666667,0.2866666666666667,0.2866666666666667,0.2866666666666667,0.2866666666666667,0.2866666666666667,0.2866666666666667,0.2866666666666667,0.2866666666666667,0.2866666666666667,0.2866666666666667,0.2866666666666667,0.2866666666666667,0.2866666666666667,0.2866666666666667,0.2866666666666667
14,oracle,seeded,string,9,,,,,4.0169999999999995,3.168916666666666,2.320833333333333,1.47275,0.6246666666666666,0.6246666666666666,0.6246666666666666,0.6246666666666666,0.6246666666666666,0.6246666666666666,0.5446666666666666,0.4646666666666666,0.3846666666666666,0.30466666666666664,0.22466666666666668,0.22466666666666668,0.22466666666666668,0.22466666666666668,0.22466666666666668,0.22466666666666668,0.22466666666666668,0.22466666666666668,0.22466666666666668,0.22466666666666668,0.22466666666666668,0.22466666666666668,0.22466666666666668,0.22466666666666668,0.22466666666666668,0.22466666666666668,0.22466666666666668,0.22466666666666668,0.22466666666666668,0.22466666666666668,0.22466666666666668,0.22466666666666668,0.22466666666666668,0.22466666666666668,0.22466666666666668,0.22466666666666668,0.22466666666666668,0.22466666666666668,0.22466666666666668,0.22466666666666668,0.22466666666666668,0.22466666666666668
15,oracle,seeded,membrane,0,,,,,7.82,7.457333333333334,7.094666666666667,6.732,6.3693333333333335,6.216266666666667,6.0632,5.9101333333333335,5.757066666666667,5.604,4.8760666666666665,4.148133333333334,3.4202000000000004,2.692266666666667,1.9643333333333333,1.8434666666666666,1.7226,1.6017333333333332,1.4808666666666668,1.36,1.36,1.36,1.36,1.36,1.36,1.2889333333333335,1.2178666666666669,1.1468000000000003,1.0757333333333334,1.0046666666666668,0.9078666666666668,0.8110666666666667,0.7142666666666667,0.6174666666666666,0.5206666666666666,0.5206666666666666,0.5206666666666666,0.5206666666666666,0.5206666666666666,0.5206666666666666,0.5206666666666666,0.5206666666666666,0.5206666666666666,0.5206666666666666,0.5206666666666666,0.5206666666666666
16,oracle,seeded,membrane,1,,,,,8.726666666666667,8.119733333333333,7.5128,6.905866666666666,6.298933333333333,5.692,5.606466666666667,5.520933333333334,5.4354000000000005,5.349866666666667,5.264333333333334,4.7434166666666675,4.2225,3.7015833333333337,3.180666666666667,2.789733333333334,2.3988000000000005,2.0078666666666667,1.6169333333333333,1.226,1.1108,0.9956,0.8804,0.7652,0.65,0.6192,0.5884,0.5576,0.5268,0.496,0.496,0.496,0.496,0.496,0.496,0.496,0.496,0.496,0.496,0.496,0.496,0.496,0.496,0.496,0.496,0.496
17,oracle,seeded,membrane,2,,,,,9.667333333333334,8.43525,7.203166666666666,5.9710833333333335,4.739,3.9635333333333334,3.188066666666667,2.4126,1.6371333333333333,0.8616666666666667,0.7772,0.6927333333333334,0.6082666666666667,0.5238,0.43933333333333335,0.43933333333333335,0.43933333333333335,0.43933333333333335,0.43933333333333335,0.43933333333333335,0.4391333333333333,0.43893333333333334,0.4387333333333333,0.43853333333333333,0.4383333333333333,0.42646666666666666,0.41459999999999997,0.40273333333333333,0.39086666666666664,0.379,0.379,0.379,0.379,0.379,0.379,0.379,0.379,0.379,0.379,0.379,0.379,0.379,0.379,0.379,0.379,0.379
18,oracle,seeded,membrane,3,,,,,10.298,9.107,7.916,6.725,5.534,4.343,3.904916666666667,3.4668333333333337,3.02875,2.590666666666667,2.325266666666667,2.0598666666666667,1.7944666666666669,1.5290666666666668,1.2636666666666667,1.1642000000000001,1.0647333333333333,0.9652666666666667,0.8658,0.7663333333333333,0.7663333333333333,0.7663333333333333,0.7663333333333333,0.7663333333333333,0.7663333333333333,0.7663333333333333,0.7663333333333333,0.7663333333333333,0.7663333333333333,0.7663333333333333,0.7322666666666666,0.6981999999999999,0.6641333333333332,0.6300666666666667,0.596,0.5730666666666666,0.5501333333333334,0.5272,0.5042666666666666,0.48133333333333334,0.4604,0.43946666666666667,0.4185333333333333,0.39759999999999995,0.37666666666666665,0.36746666666666666
19,oracle,seeded,membrane,4,,,,,5.488333333333333,5.1675,4.846666666666667,4.525833333333333,4.205,3.8444,3.4838,3.1231999999999998,2.7626,2.4019999999999997,2.229533333333333,2.0570666666666666,1.8845999999999998,1.712133333333333,1.5396666666666665,1.533,1.5263333333333333,1.5196666666666665,1.513,1.5063333333333333,1.5063333333333333,1.5063333333333333,1.5063333333333333,1.5063333333333333,1.5063333333333333,1.3864666666666667,1.2666,1.1467333333333334,1.0268666666666668,0.907,0.907,0.907,0.907,0.907,0.907,0.8482666666666667,0.7895333333333333,0.7308,0.6720666666666666,0.6133333333333333,0.5758,0.5382666666666667,0.5007333333333334,0.4632,0.4256666666666667,0.4218666666666667
20,oracle,seeded,vesicle,0,,,,,6.516666666666667,6.007533333333333,5.4984,4.9892666666666665,4.480133333333333,3.971,3.971,3.971,3.971,3.971,3.971,3.3315,2.692,2.0525,1.413,1.413,1.413,1.413,1.413,1.413,1.3010666666666668,1.1891333333333334,1.0772,0.9652666666666667,0.8533333333333334,0.8533333333333334,0.8533333333333334,0.8533333333333334,0.8533333333333334,0.8533333333333334,0.8466666666666667,0.84,0.8333333333333334,0.8266666666666667,0.82,0.8113333333333334,0.8026666666666666,0.794,0.7853333333333333,0.7766666666666667,0.7766666666666667,0.7766666666666667,0.7766666666666667,0.7766666666666667,0.7766666666666667,0.7766666666666667
21,oracle,seeded,vesicle,1,,,,,10.893666666666666,9.483583333333334,8.0735,6.6634166666666665,5.253333333333333,4.545733333333333,3.8381333333333334,3.130533333333333,2.4229333333333334,1.7153333333333334,1.5289333333333333,1.3425333333333334,1.1561333333333335,0.9697333333333333,0.7833333333333333,0.7746666666666667,0.766,0.7573333333333334,0.7486666666666667,0.7400000000000001,0.7400000000000001,0.7400000000000001,0.7400000000000001,0.7400000000000001,0.7400000000000001,0.7400000000000001,0.7400000000000001,0.7400000000000001,0.7400000000000001,0.7400000000000001,0.7400000000000001,0.7400000000000001,0.7400000000000001,0.7400000000000001,0.7400000000000001,0.7166666666666668,0.6933333333333335,0.6700000000000002,0.6466666666666667,0.6233333333333334,0.6233333333333334,0.6233333333333334,0.6233333333333334,0.6233333333333334,0.6233333333333334,0.6140000000000001
22,oracle,seeded,vesicle,2,,,,,7.623,6.659416666666667,5.695833333333334,4.7322500000000005,3.768666666666667,3.5925333333333334,3.4164000000000003,3.240266666666667,3.0641333333333334,2.8880000000000003,2.733333333333334,2.578666666666667,2.4240000000000004,2.269333333333334,2.114666666666667,2.0236,1.9325333333333334,1.8414666666666668,1.7504,1.6593333333333333,1.5906,1.5218666666666667,1.4531333333333334,1.3844,1.3156666666666668,1.3156666666666668,1.3156666666666668,1.3156666666666668,1.3156666666666668,1.3156666666666668,1.3156666666666668,1.3156666666666668,1.3156666666666668,1.3156666666666668,1.3156666666666668,1.2376666666666667,1.1596666666666668,1.0816666666666668,1.0036666666666667,0.9256666666666667,0.8854666666666667,0.8452666666666667,0.8050666666666667,0.7648666666666667,0.7246666666666667,0.7156
23,oracle,seeded,vesicle,3,,,,,7.689666666666667,6.786533333333333,5.8834,4.980266666666666,4.077133333333332,3.1739999999999995,3.003533333333333,2.8330666666666664,2.6626,2.4921333333333333,2.3216666666666668,2.2148000000000003,2.1079333333333334,2.0010666666666665,1.8942,1.7873333333333334,1.7005333333333335,1.6137333333333335,1.5269333333333335,1.4401333333333335,1.3533333333333335,1.2812666666666668,1.2092,1.1371333333333333,1.0650666666666666,0.993,0.9432666666666667,0.8935333333333334,0.8438000000000001,0.7940666666666667,0.7443333333333334,0.7443333333333334,0.7443333333333334,0.7443333333333334,0.7443333333333334,0.7443333333333334,0.7443333333333334,0.7443333333333334,0.7443333333333334,0.7443333333333334,0.7443333333333334,0.7443333333333334,0.7443333333333334,0.7443333333333334,0.7443333333333334,0.7443333333333334
24,oracle,seeded,vesicle,4,,,,,4.519333333333333,3.8602,3.2010666666666663,2.5419333333333327,1.8827999999999996,1.2236666666666667,1.2236666666666667,1.2236666666666667,1.2236666666666667,1.2236666666666667,1.2236666666666667,1.2236666666666667,1.2236666666666667,1.2236666666666667,1.2236666666666667,1.2236666666666667,1.2236666666666667,1.2236666666666667,1.2236666666666667,1.2236666666666667,1.1213333333333333,1.0190000000000001,0.9166666666666667,0.8143333333333334,0.7120000000000001,0.6111333333333334,0.5102666666666666,0.4094,0.3085333333333333,0.20766666666666667,0.20766666666666667,0.20766666666666667,0.20766666666666667,0.20766666666666667,0.20766666666666667,0.20766666666666667,0.20766666666666667,0.20766666666666667,0.20766666666666667,0.20766666666666667,0.20766666666666667,0.20766666666666667,0.20766666666666667,0.20766666666666667,0.20766666666666667,0.19033333333333333
25,oracle,seeded,wormlike micelle,0,,,,,9.193333333333333,8.978133333333334,8.762933333333333,8.547733333333333,8.332533333333332,8.117333333333333,7.9415,7.765666666666666,7.589833333333334,7.414000000000001,6.757333333333333,6.100666666666667,5.444,4.787333333333333,4.1306666666666665,3.6984666666666666,3.2662666666666667,2.8340666666666667,2.401866666666667,1.969666666666667,1.9199333333333335,1.8702,1.820466666666667,1.7707333333333335,1.721,1.721,1.721,1.721,1.721,1.721,1.721,1.721,1.721,1.721,1.721,1.5498,1.3786,1.2073999999999998,1.0362,0.8649999999999999,0.8649999999999999,0.8649999999999999,0.8649999999999999,0.8649999999999999,0.8649999999999999,0.8649999999999999
26,oracle,seeded,wormlike micelle,1,,,,,3.321,2.819066666666667,2.3171333333333335,1.8152000000000001,1.3132666666666668,0.8113333333333334,0.8113333333333334,0.8113333333333334,0.8113333333333334,0.8113333333333334,0.8113333333333334,0.8113333333333334,0.8113333333333334,0.8113333333333334,0.8113333333333334,0.8054,0.7994666666666667,0.7935333333333333,0.7876,0.7816666666666666,0.7816666666666666,0.7816666666666666,0.7816666666666666,0.7816666666666666,0.7816666666666666,0.7816666666666666,0.7816666666666666,0.7816666666666666,0.7816666666666666,0.7816666666666666,0.7816666666666666,0.7816666666666666,0.7816666666666666,0.7816666666666666,0.7816666666666666,0.7816666666666666,0.7816666666666666,0.7816666666666666,0.7816666666666666,0.7816666666666666,0.6983333333333333,0.615,0.5316666666666666,0.4483333333333333,0.365,0.365
27,oracle,seeded,wormlike micelle,2,,,,,11.299000000000001,9.058916666666669,6.818833333333334,4.57875,2.3386666666666667,2.026666666666667,1.7146666666666666,1.4026666666666667,1.0906666666666667,0.7786666666666667,0.7786666666666667,0.7786666666666667,0.7786666666666667,0.7786666666666667,0.7786666666666667,0.7090000000000001,0.6393333333333333,0.5696666666666667,0.5,0.4303333333333333,0.4303333333333333,0.4303333333333333,0.4303333333333333,0.4303333333333333,0.4303333333333333,0.4303333333333333,0.4303333333333333,0.4303333333333333,0.4303333333333333,0.4303333333333333,0.4303333333333333,0.4303333333333333,0.4303333333333333,0.4303333333333333,0.4303333333333333,0.4303333333333333,0.4303333333333333,0.4303333333333333,0.4303333333333333,0.4303333333333333,0.40759999999999996,0.38486666666666663,0.3621333333333333,0.33940000000000003,0.3166666666666667,0.3166666666666667
28,oracle,seeded,wormlike micelle,3,,,,,10.602666666666666,8.14725,5.691833333333333,3.236416666666667,0.781,0.781,0.781,0.781,0.781,0.781,0.7263333333333334,0.6716666666666666,0.617,0.5623333333333334,0.5076666666666666,0.5076666666666666,0.5076666666666666,0.5076666666666666,0.5076666666666666,0.5076666666666666,0.4742666666666666,0.44086666666666663,0.40746666666666664,0.37406666666666666,0.3406666666666667,0.3167333333333333,0.2928,0.2688666666666667,0.24493333333333334,0.221,0.221,0.221,0.221,0.221,0.221,0.221,0.221,0.221,0.221,0.221,0.221,0.221,0.221,0.221,0.221,0.221
29,oracle,seeded,wormlike micelle,4,,,,,9.659333333333334,7.981133333333334,6.302933333333334,4.624733333333333,2.946533333333333,1.2683333333333333,1.2683333333333333,1.2683333333333333,1.2683333333333333,1.2683333333333333,1.2683333333333333,1.2683333333333333,1.2683333333333333,1.2683333333333333,1.2683333333333333,1.2683333333333333,1.2683333333333333,1.2683333333333333,1.2683333333333333,1.2683333333333333,1.2298,1.1912666666666667,1.1527333333333334,1.1142,1.0756666666666668,1.0756666666666668,1.0756666666666668,1.0756666666666668,1.0756666666666668,1.0756666666666668,1.0756666666666668,1.0756666666666668,1.0756666666666668,1.0756666666666668,1.0756666666666668,1.0166666666666668,0.9576666666666668,0.8986666666666667,0.8396666666666668,0.7806666666666667,0.7769333333333334,0.7732,0.7694666666666667,0.7657333333333334,0.762,0.762
30,oracle,seeded,spherical micelle,0,,,,,6.540666666666667,5.704833333333333,4.869,4.033166666666666,3.197333333333333,2.899133333333333,2.600933333333333,2.3027333333333333,2.0045333333333333,1.7063333333333333,1.5610666666666666,1.4158,1.2705333333333333,1.1252666666666666,0.98,0.8884,0.7968,0.7051999999999999,0.6135999999999999,0.5219999999999999,0.5219999999999999,0.5219999999999999,0.5219999999999999,0.5219999999999999,0.5219999999999999,0.5219999999999999,0.5219999999999999,0.5219999999999999,0.5219999999999999,0.5219999999999999,0.5219999999999999,0.5219999999999999,0.5219999999999999,0.5219999999999999,0.5219999999999999,0.5219999999999999,0.5219999999999999,0.5219999999999999,0.5219999999999999,0.5219999999999999,0.5219999999999999,0.5219999999999999,0.5219999999999999,0.5219999999999999,0.5219999999999999,0.5219999999999999
31,oracle,seeded,spherical micelle,1,,,,,5.720666666666666,4.896916666666666,4.073166666666666,3.2494166666666664,2.4256666666666664,2.4256666666666664,2.4256666666666664,2.4256666666666664,2.4256666666666664,2.4256666666666664,2.131133333333333,1.8365999999999998,1.5420666666666665,1.2475333333333332,0.953,0.8890666666666667,0.8251333333333333,0.7612,0.6972666666666667,0.6333333333333333,0.5912666666666666,0.5492,0.5071333333333333,0.4650666666666667,0.42300000000000004,0.3924,0.3618,0.33120000000000005,0.30060000000000003,0.27,0.27,0.27,0.27,0.27,0.27,0.27,0.27,0.27,0.27,0.27,0.27,0.27,0.27,0.27,0.27,0.27
32,oracle,seeded,spherical micelle,2,,,,,7.448333333333333,6.523083333333333,5.597833333333334,4.672583333333334,3.7473333333333336,3.4019333333333335,3.0565333333333333,2.7111333333333336,2.3657333333333335,2.0203333333333333,1.7971333333333332,1.5739333333333332,1.3507333333333333,1.1275333333333333,0.9043333333333333,0.8934666666666666,0.8825999999999999,0.8717333333333334,0.8608666666666667,0.85,0.8078666666666666,0.7657333333333334,0.7236,0.6814666666666667,0.6393333333333334,0.6158,0.5922666666666667,0.5687333333333333,0.5452,0.5216666666666666,0.5216666666666666,0.5216666666666666,0.5216666666666666,0.5216666666666666,0.5216666666666666,0.5216666666666666,0.5216666666666666,0.5216666666666666,0.5216666666666666,0.5216666666666666,0.49899999999999994,0.47633333333333333,0.45366666666666666,0.43100000000000005,0.4083333333333334,0.38020000000000004
33,oracle,seeded,spherical micelle,3,,,,,5.917333333333333,5.090999999999999,4.264666666666667,3.4383333333333335,2.612,2.4392,2.2664,2.0936000000000003,1.9208,1.748,1.7276,1.7072,1.6867999999999999,1.6663999999999999,1.646,1.646,1.646,1.646,1.646,1.646,1.6119333333333332,1.5778666666666665,1.5437999999999998,1.5097333333333331,1.4756666666666665,1.4602666666666664,1.4448666666666665,1.4294666666666664,1.4140666666666666,1.3986666666666665,1.3739999999999999,1.3493333333333333,1.3246666666666664,1.2999999999999998,1.2753333333333332,1.2680666666666665,1.2608,1.2535333333333332,1.2462666666666666,1.2389999999999999,1.2389999999999999,1.2389999999999999,1.2389999999999999,1.2389999999999999,1.2389999999999999,1.2362666666666666
34,oracle,seeded,spherical micelle,4,,,,,9.670333333333332,8.4896,7.308866666666666,6.1281333333333325,4.9474,3.766666666666667,3.1987500000000004,2.6308333333333334,2.0629166666666663,1.4949999999999999,1.3778666666666666,1.2607333333333333,1.1435999999999997,1.0264666666666664,0.9093333333333332,0.8358666666666665,0.7624,0.6889333333333333,0.6154666666666666,0.5419999999999999,0.5331333333333332,0.5242666666666667,0.5154,0.5065333333333333,0.49766666666666665,0.49766666666666665,0.49766666666666665,0.49766666666666665,0.49766666666666665,0.49766666666666665,0.46446666666666664,0.4312666666666667,0.3980666666666667,0.3648666666666667,0.3316666666666667,0.3316666666666667,0.3316666666666667,0.3316666666666667,0.3316666666666667,0.3316666666666667,0.3316666666666667,0.3316666666666667,0.3316666666666667,0.3316666666666667,0.3316666666666667,0.3316666666666667
35,oracle,unseeded,liquid,0,,,,,11.443999999999997,11.071333333333332,10.698666666666664,10.325999999999999,9.953333333333331,9.580666666666666,8.726999999999999,7.873333333333333,7.019666666666666,6.1659999999999995,5.312333333333333,4.354266666666667,3.3962,2.438133333333333,1.4800666666666666,0.522,0.4932,0.4644,0.4356,0.40679999999999994,0.37799999999999995,0.37799999999999995,0.37799999999999995,0.37799999999999995,0.37799999999999995,0.37799999999999995,0.37799999999999995,0.37799999999999995,0.37799999999999995,0.37799999999999995,0.37799999999999995,0.37799999999999995,0.37799999999999995,0.37799999999999995,0.37799999999999995,0.37799999999999995,0.37799999999999995,0.37799999999999995,0.37799999999999995,0.37799999999999995,0.37799999999999995,0.3697333333333333,0.36146666666666666,0.35319999999999996,0.3449333333333333,0.33666666666666667
36,oracle,unseeded,liquid,1,,,,,12.865666666666664,12.01758333333333,11.1695,10.321416666666666,9.473333333333333,8.9226,8.371866666666666,7.821133333333333,7.2703999999999995,6.719666666666666,6.610399999999999,6.501133333333333,6.391866666666666,6.2825999999999995,6.173333333333333,6.0866,5.999866666666666,5.913133333333333,5.826399999999999,5.739666666666666,5.560599999999999,5.381533333333333,5.202466666666666,5.023399999999999,4.844333333333332,4.727733333333332,4.611133333333332,4.494533333333333,4.377933333333333,4.261333333333333,4.0028,3.7442666666666664,3.4857333333333327,3.2271999999999994,2.968666666666666,2.826533333333333,2.6843999999999997,2.5422666666666665,2.400133333333333,2.2579999999999996,2.2579999999999996,2.2579999999999996,2.2579999999999996,2.2579999999999996,2.2579999999999996,1.9978666666666662
37,oracle,unseeded,liquid,2,,,,,7.6176666666666675,7.010333333333334,6.4030000000000005,5.795666666666667,5.188333333333334,4.581,4.001466666666667,3.4219333333333335,2.8424000000000005,2.262866666666667,1.6833333333333333,1.4902666666666666,1.2972000000000001,1.1041333333333334,0.9110666666666667,0.718,0.6674666666666667,0.6169333333333333,0.5664,0.5158666666666667,0.4653333333333333,0.4653333333333333,0.4653333333333333,0.4653333333333333,0.4653333333333333,0.4653333333333333,0.4653333333333333,0.4653333333333333,0.4653333333333333,0.4653333333333333,0.4653333333333333,0.43066666666666664,0.396,0.36133333333333334,0.32666666666666666,0.29200000000000004,0.29200000000000004,0.29200000000000004,0.29200000000000004,0.29200000000000004,0.29200000000000004,0.29200000000000004,0.29200000000000004,0.29200000000000004,0.29200000000000004,0.29200000000000004
38,oracle,unseeded,liquid,3,,,,,8.752333333333333,8.663,8.573666666666668,8.484333333333334,8.395000000000001,7.860000000000001,7.325000000000001,6.79,6.255,5.72,5.049133333333333,4.378266666666667,3.7074,3.036533333333333,2.3656666666666664,2.0608,1.7559333333333331,1.4510666666666667,1.1462,0.8413333333333334,0.8172666666666667,0.7932,0.7691333333333334,0.7450666666666668,0.7210000000000001,0.7210000000000001,0.7210000000000001,0.7210000000000001,0.7210000000000001,0.7210000000000001,0.6886666666666668,0.6563333333333334,0.6240000000000001,0.5916666666666667,0.5593333333333333,0.5074000000000001,0.4554666666666667,0.40353333333333335,0.3516,0.2996666666666667,0.2996666666666667,0.2996666666666667,0.2996666666666667,0.2996666666666667,0.2996666666666667,0.2996666666666667
39,oracle,unseeded,liquid,4,,,,,9.075666666666667,8.776866666666667,8.478066666666667,8.179266666666667,7.880466666666666,7.581666666666666,6.8355999999999995,6.089533333333333,5.343466666666666,4.5973999999999995,3.851333333333333,3.851333333333333,3.851333333333333,3.851333333333333,3.851333333333333,3.851333333333333,3.851333333333333,3.851333333333333,3.851333333333333,3.851333333333333,3.851333333333333,3.755066666666666,3.6587999999999994,3.5625333333333327,3.4662666666666664,3.3699999999999997,3.3699999999999997,3.3699999999999997,3.3699999999999997,3.3699999999999997,3.3699999999999997,2.955133333333333,2.5402666666666667,2.1254,1.7105333333333332,1.2956666666666665,1.269,1.2423333333333333,1.2156666666666667,1.189,1.1623333333333334,1.1528666666666667,1.1434,1.1339333333333335,1.1244666666666667,1.115
40,oracle,unseeded,string,0,,,,,9.988333333333333,9.844533333333333,9.700733333333334,9.556933333333333,9.413133333333334,9.269333333333334,9.023666666666667,8.778,8.532333333333334,8.286666666666667,8.041,7.1446000000000005,6.2482,5.3518,4.455399999999999,3.5589999999999997,3.340933333333333,3.1228666666666665,2.9048,2.686733333333333,2.4686666666666666,2.2739333333333334,2.0792,1.8844666666666667,1.6897333333333333,1.495,1.495,1.495,1.495,1.495,1.495,1.4545333333333335,1.4140666666666668,1.3736,1.3331333333333333,1.2926666666666666,1.2632666666666668,1.2338666666666667,1.2044666666666668,1.1750666666666667,1.1456666666666668,1.1456666666666668,1.1456666666666668,1.1456666666666668,1.1456666666666668,1.1456666666666668
41,oracle,unseeded,string,1,,,,,7.0889999999999995,6.791733333333333,6.494466666666667,6.1972000000000005,5.899933333333333,5.602666666666667,5.5708,5.5389333333333335,5.507066666666666,5.475199999999999,5.4433333333333325,5.345066666666666,5.2467999999999995,5.148533333333333,5.0502666666666665,4.952,4.7270666666666665,4.502133333333333,4.2772,4.052266666666666,3.8273333333333333,3.5356666666666667,3.2439999999999998,2.9523333333333333,2.6606666666666667,2.369,2.099266666666667,1.8295333333333335,1.5598,1.2900666666666667,1.0203333333333333,0.9363333333333334,0.8523333333333333,0.7683333333333333,0.6843333333333332,0.6003333333333333,0.5858,0.5712666666666667,0.5567333333333333,0.5422,0.5276666666666667,0.5170666666666667,0.5064666666666667,0.4958666666666667,0.4852666666666666,0.4746666666666666
42,oracle,unseeded,string,2,,,,,9.714,9.3412,8.9684,8.595600000000001,8.222800000000001,7.8500000000000005,7.364,6.878,6.3919999999999995,5.905999999999999,5.419999999999999,4.827933333333332,4.2358666666666664,3.6437999999999997,3.051733333333333,2.4596666666666667,2.3744,2.2891333333333335,2.2038666666666664,2.1186,2.033333333333333,2.0087333333333333,1.9841333333333333,1.9595333333333331,1.9349333333333332,1.9103333333333332,1.9103333333333332,1.9103333333333332,1.9103333333333332,1.9103333333333332,1.9103333333333332,1.8503333333333332,1.7903333333333333,1.7303333333333333,1.6703333333333334,1.6103333333333334,1.5780666666666667,1.5458,1.5135333333333332,1.4812666666666665,1.4489999999999998,1.4154666666666667,1.3819333333333332,1.3484,1.3148666666666666,1.2813333333333334
43,oracle,unseeded,string,3,,,,,12.219,11.700083333333332,11.181166666666666,10.66225,10.143333333333333,9.8186,9.493866666666667,9.169133333333333,8.8444,8.519666666666668,8.304533333333334,8.089400000000001,7.874266666666667,7.659133333333333,7.444,7.012533333333333,6.581066666666667,6.1495999999999995,5.718133333333332,5.286666666666666,4.986933333333333,4.6872,4.387466666666667,4.087733333333333,3.7880000000000003,3.6213333333333337,3.4546666666666668,3.2880000000000003,3.1213333333333333,2.9546666666666668,2.9546666666666668,2.9546666666666668,2.9546666666666668,2.9546666666666668,2.9546666666666668,2.9389333333333334,2.9232,2.9074666666666666,2.8917333333333333,2.876,2.8750666666666667,2.8741333333333334,2.8732,2.872266666666667,2.8713333333333337,2.8713333333333337
44,oracle,unseeded,string,4,,,,,8.822333333333333,8.693,8.563666666666666,8.434333333333333,8.305,7.547,6.789,6.031,5.273,4.515,4.349,4.183,4.0169999999999995,3.851,3.685,3.5842666666666667,3.4835333333333334,3.3828,3.2820666666666667,3.1813333333333333,3.1813333333333333,3.1813333333333333,3.1813333333333333,3.1813333333333333,3.1813333333333333,3.158933333333333,3.1365333333333334,3.114133333333333,3.0917333333333334,3.0693333333333332,3.0693333333333332,3.0693333333333332,3.0693333333333332,3.0693333333333332,3.0693333333333332,2.935,2.8006666666666664,2.666333333333333,2.532,2.3976666666666664,2.2512,2.1047333333333333,1.9582666666666666,1.8118,1.6653333333333336,1.6599333333333335
45,oracle,unseeded,membrane,0,,,,,7.6290000000000004,7.312200000000001,6.995400000000001,6.678600000000001,6.361800000000001,6.045000000000001,6.045000000000001,6.045000000000001,6.045000000000001,6.045000000000001,6.045000000000001,6.0095333333333345,5.974066666666667,5.938600000000001,5.903133333333334,5.8676666666666675,5.699866666666668,5.532066666666667,5.364266666666667,5.196466666666667,5.028666666666667,4.6004000000000005,4.172133333333333,3.7438666666666665,3.3156,2.887333333333333,2.887333333333333,2.887333333333333,2.887333333333333,2.887333333333333,2.887333333333333,2.8168666666666664,2.7464,2.675933333333333,2.6054666666666666,2.535,2.384266666666667,2.2335333333333334,2.0828,1.9320666666666668,1.7813333333333334,1.7813333333333334,1.7813333333333334,1.7813333333333334,1.7813333333333334,1.7813333333333334
46,oracle,unseeded,membrane,1,,,,,8.321333333333333,8.193200000000001,8.065066666666667,7.936933333333334,7.808800000000001,7.680666666666667,7.572066666666667,7.463466666666667,7.354866666666667,7.246266666666667,7.137666666666667,7.0263333333333335,6.915,6.8036666666666665,6.692333333333333,6.5809999999999995,5.865666666666666,5.150333333333333,4.435,3.7196666666666665,3.0043333333333333,2.888333333333333,2.7723333333333335,2.6563333333333334,2.5403333333333338,2.4243333333333337,2.286866666666667,2.1494000000000004,2.0119333333333334,1.8744666666666667,1.737,1.6808,1.6246,1.5684,1.5122000000000002,1.4560000000000002,1.3586666666666667,1.2613333333333334,1.1640000000000001,1.0666666666666667,0.9693333333333333,0.9693333333333333,0.9693333333333333,0.9693333333333333,0.9693333333333333,0.9693333333333333
47,oracle,unseeded,membrane,2,,,,,5.9430000000000005,5.9430000000000005,5.9430000000000005,5.9430000000000005,5.9430000000000005,5.9430000000000005,5.225833333333334,4.508666666666667,3.7915,3.074333333333333,2.7905333333333333,2.506733333333333,2.222933333333333,1.9391333333333334,1.6553333333333333,1.5948666666666667,1.5344,1.4739333333333333,1.4134666666666666,1.353,1.353,1.353,1.353,1.353,1.353,1.353,1.353,1.353,1.353,1.353,1.353,1.353,1.353,1.353,1.353,1.2942,1.2354,1.1766,1.1178,1.059,1.0180666666666667,0.9771333333333333,0.9362,0.8952666666666667,0.8543333333333334,0.8543333333333334
48,oracle,unseeded,membrane,3,,,,,9.196333333333333,8.863466666666667,8.5306,8.197733333333334,7.864866666666667,7.532,7.375666666666667,7.219333333333333,7.063000000000001,6.906666666666667,6.750333333333334,6.613733333333333,6.477133333333334,6.340533333333333,6.2039333333333335,6.067333333333333,6.007266666666666,5.9472,5.887133333333334,5.827066666666667,5.767,5.699933333333334,5.632866666666668,5.5658,5.498733333333334,5.4316666666666675,5.078800000000001,4.725933333333334,4.373066666666666,4.0202,3.667333333333333,3.543333333333333,3.419333333333333,3.295333333333333,3.171333333333333,3.047333333333333,3.0300666666666665,3.0128,2.995533333333333,2.9782666666666664,2.961,2.961,2.961,2.961,2.961,2.961
49,oracle,unseeded,membrane,4,,,,,5.488333333333333,5.307266666666666,5.1262,4.945133333333333,4.7640666666666664,4.582999999999999,4.497199999999999,4.4113999999999995,4.3256,4.2398,4.154,3.901933333333333,3.6498666666666666,3.3977999999999997,3.1457333333333333,2.8936666666666664,2.719333333333333,2.545,2.3706666666666667,2.196333333333333,2.022,1.889133333333333,1.7562666666666666,1.6234,1.4905333333333335,1.3576666666666668,1.3202666666666667,1.2828666666666668,1.2454666666666667,1.2080666666666668,1.1706666666666667,1.1706666666666667,1.1706666666666667,1.1706666666666667,1.1706666666666667,1.1706666666666667,1.1339333333333335,1.0972000000000002,1.0604666666666667,1.0237333333333334,0.9870000000000001,0.9870000000000001,0.9870000000000001,0.9870000000000001,0.9870000000000001,0.9870000000000001
50,oracle,unseeded,vesicle,0,,,,,6.516666666666667,6.215933333333333,5.9152000000000005,5.614466666666667,5.313733333333333,5.013000000000001,4.848066666666667,4.683133333333334,4.5182,4.353266666666667,4.1883333333333335,4.148133333333334,4.107933333333333,4.067733333333333,4.027533333333333,3.9873333333333334,3.7494666666666667,3.5116,3.2737333333333334,3.0358666666666667,2.798,2.6192,2.4404,2.2616,2.0827999999999998,1.904,1.8259333333333332,1.7478666666666667,1.6698,1.5917333333333334,1.5136666666666667,1.4610666666666667,1.4084666666666668,1.3558666666666666,1.3032666666666666,1.2506666666666666,1.2243333333333333,1.198,1.1716666666666666,1.1453333333333333,1.119,1.119,1.119,1.119,1.119,1.119
51,oracle,unseeded,vesicle,1,,,,,9.397333333333334,9.0326,8.667866666666667,8.303133333333333,7.938400000000001,7.573666666666667,6.9306,6.287533333333334,5.644466666666667,5.0014,4.358333333333333,4.100466666666667,3.8426,3.5847333333333338,3.326866666666667,3.0690000000000004,3.0512000000000006,3.0334000000000003,3.0156000000000005,2.9978000000000002,2.9800000000000004,2.935466666666667,2.890933333333334,2.8464,2.8018666666666667,2.7573333333333334,2.6593333333333335,2.5613333333333332,2.4633333333333334,2.365333333333333,2.267333333333333,2.0463999999999998,1.8254666666666666,1.6045333333333334,1.3836,1.1626666666666667,1.0889333333333333,1.0152,0.9414666666666667,0.8677333333333334,0.794,0.7907333333333334,0.7874666666666668,0.7842,0.7809333333333334,0.7776666666666667
52,oracle,unseeded,vesicle,2,,,,,5.409,4.978533333333333,4.548066666666666,4.1175999999999995,3.687133333333333,3.2566666666666664,2.9189999999999996,2.5813333333333333,2.2436666666666665,1.906,1.5683333333333334,1.5142,1.4600666666666666,1.4059333333333333,1.3518,1.2976666666666665,1.2618666666666665,1.2260666666666666,1.1902666666666666,1.1544666666666668,1.1186666666666667,1.0836666666666668,1.0486666666666666,1.0136666666666667,0.9786666666666667,0.9436666666666667,0.9327333333333333,0.9218,0.9108666666666666,0.8999333333333333,0.8889999999999999,0.8889999999999999,0.8889999999999999,0.8889999999999999,0.8889999999999999,0.8889999999999999,0.8889999999999999,0.8889999999999999,0.8889999999999999,0.8889999999999999,0.8889999999999999,0.8889999999999999,0.8889999999999999,0.8889999999999999,0.8889999999999999,0.8889999999999999
53,oracle,unseeded,vesicle,3,,,,,6.0553333333333335,5.667066666666667,5.2788,4.890533333333334,4.502266666666666,4.114,3.7320666666666664,3.350133333333333,2.9682,2.5862666666666665,2.204333333333333,2.1230666666666664,2.0418,1.9605333333333332,1.8792666666666666,1.798,1.6878,1.5776000000000001,1.4674,1.3572000000000002,1.247,1.1432666666666669,1.0395333333333334,0.9358000000000001,0.8320666666666667,0.7283333333333334,0.7162000000000001,0.7040666666666667,0.6919333333333334,0.6798000000000001,0.6676666666666667,0.6356,0.6035333333333334,0.5714666666666667,0.5394,0.5073333333333333,0.4857333333333333,0.4641333333333333,0.44253333333333333,0.4209333333333333,0.3993333333333333,0.3993333333333333,0.3993333333333333,0.3993333333333333,0.3993333333333333,0.3993333333333333
54,oracle,unseeded,vesicle,4,,,,,4.519333333333333,4.496866666666667,4.4744,4.451933333333333,4.429466666666666,4.407,4.406733333333333,4.406466666666667,4.4062,4.4059333333333335,4.405666666666667,4.3012,4.196733333333333,4.092266666666667,3.9878,3.8833333333333333,3.7905333333333333,3.6977333333333333,3.6049333333333333,3.512133333333333,3.419333333333333,3.1968666666666663,2.9743999999999997,2.751933333333333,2.5294666666666665,2.307,2.2140666666666666,2.1211333333333333,2.0282,1.9352666666666667,1.8423333333333334,1.6290666666666667,1.4158000000000002,1.2025333333333335,0.9892666666666668,0.7760000000000001,0.6934666666666668,0.6109333333333334,0.5284,0.4458666666666667,0.36333333333333334,0.36333333333333334,0.36333333333333334,0.36333333333333334,0.36333333333333334,0.36333333333333334
55,oracle,unseeded,wormlike micelle,0,,,,,7.657,6.822,5.987,5.152,4.317,3.7903333333333333,3.2636666666666665,2.737,2.2103333333333333,1.6836666666666666,1.4697333333333333,1.2558,1.0418666666666667,0.8279333333333334,0.614,0.6103333333333333,0.6066666666666667,0.603,0.5993333333333334,0.5956666666666667,0.5550666666666667,0.5144666666666666,0.47386666666666666,0.4332666666666667,0.39266666666666666,0.3784,0.3641333333333333,0.34986666666666666,0.33559999999999995,0.3213333333333333,0.30326666666666663,0.2852,0.26713333333333333,0.24906666666666666,0.231,0.21513333333333334,0.19926666666666665,0.18339999999999998,0.1675333333333333,0.15166666666666664,0.15166666666666664,0.15166666666666664,0.15166666666666664,0.15166666666666664,0.15166666666666664,0.14306666666666665
56,oracle,unseeded,wormlike micelle,1,,,,,3.321,3.1491333333333333,2.9772666666666665,2.8053999999999997,2.6335333333333333,2.4616666666666664,2.1779333333333333,1.8941999999999999,1.6104666666666665,1.3267333333333333,1.043,0.8984,0.7538,0.6092,0.4646,0.32,0.32,0.32,0.32,0.32,0.32,0.3038666666666667,0.28773333333333334,0.2716,0.2554666666666666,0.23933333333333331,0.23933333333333331,0.23933333333333331,0.23933333333333331,0.23933333333333331,0.23933333333333331,0.23933333333333331,0.23933333333333331,0.23933333333333331,0.23933333333333331,0.23933333333333331,0.23933333333333331,0.23933333333333331,0.23933333333333331,0.23933333333333331,0.23933333333333331,0.23933333333333331,0.23933333333333331,0.23933333333333331,0.23933333333333331,0.23933333333333331
57,oracle,unseeded,wormlike micelle,2,,,,,10.081333333333333,9.276266666666666,8.4712,7.666133333333334,6.861066666666667,6.056,5.433333333333334,4.810666666666666,4.188,3.5653333333333332,2.9426666666666663,2.8327999999999998,2.722933333333333,2.6130666666666666,2.5031999999999996,2.393333333333333,2.3680666666666665,2.3428,2.317533333333333,2.2922666666666665,2.267,2.1756666666666664,2.0843333333333334,1.9929999999999999,1.9016666666666666,1.8103333333333333,1.7471333333333334,1.6839333333333333,1.6207333333333334,1.5575333333333332,1.4943333333333333,1.4943333333333333,1.4943333333333333,1.4943333333333333,1.4943333333333333,1.4943333333333333,1.4495333333333333,1.4047333333333334,1.3599333333333332,1.3151333333333333,1.2703333333333333,1.2546,1.2388666666666666,1.2231333333333334,1.2074,1.1916666666666667
58,oracle,unseeded,wormlike micelle,3,,,,,10.602666666666666,9.880833333333333,9.158999999999999,8.437166666666666,7.715333333333334,6.7136000000000005,5.711866666666667,4.710133333333333,3.7084,2.706666666666667,2.312266666666667,1.9178666666666668,1.5234666666666667,1.1290666666666667,0.7346666666666667,0.7042666666666667,0.6738666666666667,0.6434666666666666,0.6130666666666666,0.5826666666666667,0.5552,0.5277333333333334,0.5002666666666666,0.4728,0.44533333333333336,0.4368,0.4282666666666667,0.4197333333333334,0.41120000000000007,0.40266666666666673,0.3808,0.3589333333333334,0.3370666666666667,0.31520000000000004,0.29333333333333333,0.29333333333333333,0.29333333333333333,0.29333333333333333,0.29333333333333333,0.29333333333333333,0.29333333333333333,0.29333333333333333,0.29333333333333333,0.29333333333333333,0.29333333333333333,0.2856666666666667
59,oracle,unseeded,wormlike micelle,4,,,,,8.502,8.502,8.502,8.502,8.502,8.502,8.267933333333334,8.033866666666666,7.7998,7.565733333333334,7.331666666666667,7.109733333333334,6.8878,6.665866666666667,6.443933333333334,6.222,5.897333333333334,5.572666666666667,5.248,4.923333333333334,4.5986666666666665,4.562266666666667,4.5258666666666665,4.489466666666667,4.4530666666666665,4.416666666666667,4.416666666666667,4.416666666666667,4.416666666666667,4.416666666666667,4.416666666666667,4.416666666666667,4.416666666666667,4.416666666666667,4.416666666666667,4.416666666666667,4.416666666666667,4.416666666666667,4.416666666666667,4.416666666666667,4.416666666666667,4.416666666666667,4.416666666666667,4.416666666666667,4.416666666666667,4.416666666666667
60,oracle,unseeded,spherical micelle,0,,,,,5.045000000000001,4.8222000000000005,4.5994,4.3766,4.1537999999999995,3.9309999999999996,3.9088,3.8866,3.8644,3.8422,3.8200000000000003,3.8011333333333335,3.7822666666666667,3.7634000000000003,3.7445333333333335,3.7256666666666667,3.662533333333333,3.5994,3.5362666666666667,3.4731333333333336,3.41,3.3258666666666667,3.2417333333333334,3.1576,3.0734666666666666,2.989333333333333,2.7954,2.6014666666666666,2.4075333333333333,2.2135999999999996,2.0196666666666663,1.8278666666666663,1.6360666666666666,1.4442666666666666,1.2524666666666668,1.0606666666666669,0.9992000000000002,0.9377333333333334,0.8762666666666667,0.8148,0.7533333333333333,0.7295333333333333,0.7057333333333333,0.6819333333333333,0.6581333333333333,0.6343333333333333
61,oracle,unseeded,spherical micelle,1,,,,,5.519666666666667,5.1924,4.8651333333333335,4.537866666666667,4.2105999999999995,3.8833333333333333,3.8833333333333333,3.8833333333333333,3.8833333333333333,3.8833333333333333,3.8833333333333333,3.8833333333333333,3.8833333333333333,3.8833333333333333,3.8833333333333333,3.8833333333333333,3.7744,3.6654666666666667,3.5565333333333333,3.4476,3.3386666666666667,3.3386666666666667,3.3386666666666667,3.3386666666666667,3.3386666666666667,3.3386666666666667,3.3386666666666667,3.3386666666666667,3.3386666666666667,3.3386666666666667,3.3386666666666667,3.3386666666666667,3.3386666666666667,3.3386666666666667,3.3386666666666667,3.3386666666666667,3.2293333333333334,3.12,3.0106666666666664,2.901333333333333,2.792,2.792,2.792,2.792,2.792,2.792
62,oracle,unseeded,spherical micelle,2,,,,,7.448333333333333,7.2809333333333335,7.113533333333334,6.946133333333334,6.778733333333333,6.6113333333333335,6.5549333333333335,6.4985333333333335,6.4421333333333335,6.3857333333333335,6.3293333333333335,5.9908,5.652266666666667,5.313733333333333,4.9752,4.636666666666667,4.2602,3.8837333333333333,3.5072666666666668,3.1308,2.7543333333333333,2.498,2.2416666666666667,1.9853333333333334,1.729,1.4726666666666668,1.4309333333333334,1.3892,1.3474666666666666,1.3057333333333334,1.264,1.2298,1.1956,1.1614,1.1272,1.093,1.0616666666666665,1.0303333333333333,0.999,0.9676666666666667,0.9363333333333334,0.9363333333333334,0.9363333333333334,0.9363333333333334,0.9363333333333334,0.9363333333333334
63,oracle,unseeded,spherical micelle,3,,,,,5.917333333333333,5.374666666666666,4.832,4.289333333333333,3.7466666666666666,3.204,2.9144,2.6248,2.3352000000000004,2.0456000000000003,1.756,1.6505333333333334,1.5450666666666666,1.4396,1.3341333333333334,1.2286666666666666,1.1596,1.0905333333333334,1.0214666666666665,0.9523999999999999,0.8833333333333333,0.8189333333333333,0.7545333333333333,0.6901333333333334,0.6257333333333334,0.5613333333333334,0.5533333333333333,0.5453333333333333,0.5373333333333333,0.5293333333333333,0.5213333333333333,0.5158,0.5102666666666666,0.5047333333333334,0.49920000000000003,0.4936666666666667,0.4794,0.46513333333333334,0.45086666666666664,0.4366,0.4223333333333333,0.4223333333333333,0.4223333333333333,0.4223333333333333,0.4223333333333333,0.4223333333333333
64,oracle,unseeded,spherical micelle,4,,,,,7.7203333333333335,7.1888000000000005,6.657266666666667,6.125733333333334,5.594200000000001,5.062666666666668,4.814000000000001,4.565333333333334,4.316666666666667,4.0680000000000005,3.8193333333333332,3.8193333333333332,3.8193333333333332,3.8193333333333332,3.8193333333333332,3.8193333333333332,3.8193333333333332,3.8193333333333332,3.8193333333333332,3.8193333333333332,3.8193333333333332,3.8193333333333332,3.8193333333333332,3.8193333333333332,3.8193333333333332,3.8193333333333332,3.764733333333333,3.7101333333333333,3.655533333333333,3.6009333333333333,3.546333333333333,3.4337999999999997,3.3212666666666664,3.208733333333333,3.0962,2.9836666666666667,2.9448666666666665,2.906066666666667,2.8672666666666666,2.828466666666667,2.7896666666666667,2.7300666666666666,2.6704666666666665,2.610866666666667,2.551266666666667,2.4916666666666667
65,scientific,seeded,liquid,0,,,,,11.443999999999997,8.88808333333333,6.332166666666665,3.776249999999999,1.2203333333333333,1.0866,0.9528666666666666,0.8191333333333333,0.6854,0.5516666666666666,0.5344,0.5171333333333333,0.4998666666666667,0.4826,0.4653333333333333,0.4422,0.41906666666666664,0.3959333333333333,0.37279999999999996,0.3496666666666666,0.3496666666666666,0.3496666666666666,0.3496666666666666,0.3496666666666666,0.3496666666666666,0.3463333333333333,0.34299999999999997,0.3396666666666667,0.3363333333333333,0.333,0.328,0.323,0.318,0.313,0.308,0.308,0.308,0.308,0.308,0.308,0.308,0.308,0.308,0.308,0.308,0.308
66,scientific,seeded,liquid,1,,,,,15.639666666666665,12.669133333333331,9.698599999999999,6.728066666666665,3.757533333333333,0.7869999999999999,0.7627333333333333,0.7384666666666666,0.7142,0.6899333333333333,0.6656666666666666,0.6656666666666666,0.6656666666666666,0.6656666666666666,0.6656666666666666,0.6656666666666666,0.6255999999999999,0.5855333333333334,0.5454666666666667,0.5054,0.4653333333333333,0.4653333333333333,0.4653333333333333,0.4653333333333333,0.4653333333333333,0.4653333333333333,0.4653333333333333,0.4653333333333333,0.4653333333333333,0.4653333333333333,0.4653333333333333,0.4653333333333333,0.4653333333333333,0.4653333333333333,0.4653333333333333,0.4653333333333333,0.4538,0.44226666666666664,0.4307333333333333,0.4192,0.4076666666666667,0.4038,0.39993333333333336,0.3960666666666667,0.39220000000000005,0.38833333333333336
67,scientific,seeded,liquid,2,,,,,7.6176666666666675,6.2515333333333345,4.885400000000001,3.5192666666666677,2.153133333333334,0.7869999999999999,0.7869999999999999,0.7869999999999999,0.7869999999999999,0.7869999999999999,0.7869999999999999,0.7399333333333332,0.6928666666666666,0.6457999999999999,0.5987333333333333,0.5516666666666666,0.5516666666666666,0.5516666666666666,0.5516666666666666,0.5516666666666666,0.5516666666666666,0.5516666666666666,0.5516666666666666,0.5516666666666666,0.5516666666666666,0.5516666666666666,0.5228666666666666,0.49406666666666665,0.46526666666666666,0.43646666666666667,0.4076666666666667,0.39973333333333333,0.39180000000000004,0.3838666666666667,0.3759333333333334,0.36800000000000005,0.36800000000000005,0.36800000000000005,0.36800000000000005,0.36800000000000005,0.36800000000000005,0.3656666666666667,0.36333333333333334,0.36100000000000004,0.3586666666666667,0.35633333333333334
68,scientific,seeded,liquid,3,,,,,9.373666666666667,7.656333333333333,5.939,4.221666666666668,2.504333333333334,0.7869999999999999,0.7772666666666666,0.7675333333333333,0.7577999999999999,0.7480666666666667,0.7383333333333333,0.6780666666666666,0.6178,0.5575333333333333,0.49726666666666663,0.437,0.437,0.437,0.437,0.437,0.437,0.43093333333333333,0.42486666666666667,0.4188,0.41273333333333334,0.4066666666666667,0.4066666666666667,0.4066666666666667,0.4066666666666667,0.4066666666666667,0.4066666666666667,0.3608,0.31493333333333334,0.2690666666666667,0.2232,0.17733333333333334,0.17733333333333334,0.17733333333333334,0.17733333333333334,0.17733333333333334,0.17733333333333334,0.17733333333333334,0.17733333333333334,0.17733333333333334,0.17733333333333334,0.17733333333333334
69,scientific,seeded,liquid,4,,,,,9.472333333333333,7.735266666666667,5.998200000000001,4.261133333333333,2.524066666666667,0.7869999999999999,0.7627333333333333,0.7384666666666666,0.7142,0.6899333333333333,0.6656666666666666,0.6656666666666666,0.6656666666666666,0.6656666666666666,0.6656666666666666,0.6656666666666666,0.6628,0.6599333333333333,0.6570666666666667,0.6542,0.6513333333333333,0.621,0.5906666666666667,0.5603333333333333,0.53,0.4996666666666667,0.4948666666666667,0.4900666666666667,0.4852666666666667,0.4804666666666667,0.4756666666666667,0.4756666666666667,0.4756666666666667,0.4756666666666667,0.4756666666666667,0.4756666666666667,0.4756666666666667,0.4756666666666667,0.4756666666666667,0.4756666666666667,0.4756666666666667,0.47193333333333337,0.4682,0.4644666666666667,0.46073333333333333,0.457
70,scientific,seeded,string,0,,,,,6.743666666666667,5.913866666666667,5.084066666666667,4.254266666666667,3.424466666666667,2.594666666666667,2.2858666666666667,1.9770666666666667,1.6682666666666668,1.3594666666666666,1.0506666666666666,1.02,0.9893333333333333,0.9586666666666666,0.9279999999999999,0.8973333333333332,0.8973333333333332,0.8973333333333332,0.8973333333333332,0.8973333333333332,0.8973333333333332,0.8537999999999999,0.8102666666666666,0.7667333333333333,0.7231999999999998,0.6796666666666665,0.6473333333333332,0.6149999999999999,0.5826666666666667,0.5503333333333333,0.518,0.518,0.518,0.518,0.518,0.518,0.4974,0.4768,0.45620000000000005,0.43560000000000004,0.41500000000000004,0.41500000000000004,0.41500000000000004,0.41500000000000004,0.41500000000000004,0.41500000000000004
71,scientific,seeded,string,1,,,,,3.669333333333333,3.2090666666666663,2.7487999999999997,2.288533333333333,1.8282666666666665,1.368,1.1773333333333333,0.9866666666666668,0.796,0.6053333333333334,0.41466666666666674,0.3951333333333334,0.37560000000000004,0.3560666666666667,0.33653333333333335,0.317,0.317,0.317,0.317,0.317,0.317,0.29173333333333334,0.2664666666666667,0.2412,0.21593333333333334,0.19066666666666668,0.19066666666666668,0.19066666666666668,0.19066666666666668,0.19066666666666668,0.19066666666666668,0.18080000000000002,0.17093333333333335,0.1610666666666667,0.1512,0.14133333333333334,0.14133333333333334,0.14133333333333334,0.14133333333333334,0.14133333333333334,0.14133333333333334,0.12166666666666667,0.10200000000000001,0.08233333333333334,0.06266666666666668,0.043000000000000003
72,scientific,seeded,string,2,,,,,7.3806666666666665,5.996333333333333,4.612,3.227666666666667,1.8433333333333335,1.6526,1.4618666666666669,1.2711333333333334,1.0804,0.8896666666666667,0.7908000000000001,0.6919333333333333,0.5930666666666666,0.4942,0.3953333333333333,0.3953333333333333,0.3953333333333333,0.3953333333333333,0.3953333333333333,0.3953333333333333,0.3953333333333333,0.3953333333333333,0.3953333333333333,0.3953333333333333,0.3953333333333333,0.3953333333333333,0.3953333333333333,0.3953333333333333,0.3953333333333333,0.3953333333333333,0.3953333333333333,0.3953333333333333,0.3953333333333333,0.3953333333333333,0.3953333333333333,0.3953333333333333,0.3953333333333333,0.3953333333333333,0.3953333333333333,0.3953333333333333,0.3953333333333333,0.3953333333333333,0.3953333333333333,0.3953333333333333,0.3953333333333333,0.3953333333333333
73,scientific,seeded,string,3,,,,,7.906999999999999,6.710666666666667,5.514333333333333,4.318,3.121666666666667,1.9253333333333333,1.7918666666666667,1.6583999999999999,1.5249333333333333,1.3914666666666666,1.258,1.1858666666666666,1.1137333333333332,1.0415999999999999,0.9694666666666666,0.8973333333333332,0.8446666666666666,0.7919999999999999,0.7393333333333333,0.6866666666666666,0.634,0.634,0.634,0.634,0.634,0.634,0.634,0.634,0.634,0.634,0.634,0.5926666666666667,0.5513333333333333,0.51,0.4686666666666667,0.42733333333333334,0.4242666666666667,0.4212,0.4181333333333333,0.41506666666666664,0.412,0.412,0.412,0.412,0.412,0.412
74,scientific,seeded,string,4,,,,,5.104333333333333,4.468533333333333,3.832733333333333,3.196933333333333,2.5611333333333333,1.9253333333333333,1.7180666666666666,1.5108000000000001,1.3035333333333334,1.0962666666666667,0.8889999999999999,0.8834,0.8778,0.8722,0.8666,0.8610000000000001,0.8610000000000001,0.8610000000000001,0.8610000000000001,0.8610000000000001,0.8610000000000001,0.8610000000000001,0.8610000000000001,0.8610000000000001,0.8610000000000001,0.8610000000000001,0.8042,0.7474000000000001,0.6906,0.6337999999999999,0.577,0.5252666666666667,0.4735333333333333,0.4218,0.37006666666666665,0.31833333333333336,0.30860000000000004,0.29886666666666667,0.28913333333333335,0.2794,0.26966666666666667,0.26966666666666667,0.26966666666666667,0.26966666666666667,0.26966666666666667,0.26966666666666667
75,scientific,seeded,string,5,,,,,3.862666666666667,3.2363333333333335,2.6100000000000003,1.983666666666667,1.3573333333333335,0.731,0.731,0.731,0.731,0.731,0.731,0.6935833333333333,0.6561666666666667,0.61875,0.5813333333333334,0.5325333333333333,0.48373333333333335,0.43493333333333334,0.38613333333333333,0.3373333333333333,0.3373333333333333,0.3373333333333333,0.3373333333333333,0.3373333333333333,0.3373333333333333,0.3038666666666667,0.2704,0.23693333333333333,0.20346666666666668,0.17,0.17,0.17,0.17,0.17,0.17,0.17,0.17,0.17,0.17,0.17,0.17,0.17,0.17,0.17,0.17,0.17
76,scientific,seeded,membrane,0,,,,,7.82,6.519500000000001,5.219,3.9185000000000003,2.618,2.3834666666666666,2.1489333333333334,1.9143999999999999,1.6798666666666666,1.4453333333333334,1.4182,1.3910666666666667,1.3639333333333332,1.3368,1.3096666666666665,1.1544666666666665,0.9992666666666665,0.8440666666666666,0.6888666666666666,0.5336666666666666,0.5152,0.4967333333333333,0.4782666666666666,0.4598,0.4413333333333333,0.4412,0.44106666666666666,0.44093333333333334,0.4408,0.4406666666666667,0.4406666666666667,0.4406666666666667,0.4406666666666667,0.4406666666666667,0.4406666666666667,0.4406666666666667,0.4406666666666667,0.4406666666666667,0.4406666666666667,0.4406666666666667,0.4406666666666667,0.4406666666666667,0.4406666666666667,0.4406666666666667,0.4406666666666667,0.4406666666666667
77,scientific,seeded,membrane,1,,,,,8.726666666666667,7.3164,5.906133333333333,4.495866666666667,3.0856000000000003,1.6753333333333333,1.5231333333333335,1.3709333333333333,1.2187333333333332,1.0665333333333333,0.9143333333333333,0.9143333333333333,0.9143333333333333,0.9143333333333333,0.9143333333333333,0.9143333333333333,0.9143333333333333,0.9143333333333333,0.9143333333333333,0.9143333333333333,0.8883333333333333,0.8623333333333334,0.8363333333333334,0.8103333333333335,0.7843333333333334,0.7843333333333334,0.7843333333333334,0.7843333333333334,0.7843333333333334,0.7843333333333334,0.7843333333333334,0.7843333333333334,0.7843333333333334,0.7843333333333334,0.7843333333333334,0.7352000000000001,0.6860666666666667,0.6369333333333334,0.5878000000000001,0.5386666666666667,0.5354666666666668,0.5322666666666668,0.5290666666666667,0.5258666666666667,0.5226666666666667,0.5226666666666667
78,scientific,seeded,membrane,2,,,,,9.667333333333334,7.639583333333333,5.611833333333333,3.584083333333333,1.5563333333333336,1.3696666666666668,1.1830000000000003,0.9963333333333335,0.8096666666666668,0.623,0.623,0.623,0.623,0.623,0.623,0.623,0.623,0.623,0.623,0.623,0.623,0.623,0.623,0.623,0.623,0.623,0.623,0.623,0.623,0.623,0.5999333333333333,0.5768666666666666,0.5538,0.5307333333333333,0.5076666666666666,0.5076666666666666,0.5076666666666666,0.5076666666666666,0.5076666666666666,0.5076666666666666,0.4984666666666666,0.4892666666666666,0.4800666666666666,0.4708666666666666,0.4616666666666666,0.46086666666666665
79,scientific,seeded,membrane,3,,,,,10.298,8.4078,6.5176,4.6274,2.7371999999999996,0.847,0.847,0.847,0.847,0.847,0.847,0.847,0.847,0.847,0.847,0.847,0.79,0.733,0.6759999999999999,0.619,0.619,0.619,0.619,0.619,0.619,0.619,0.619,0.619,0.619,0.619,0.619,0.619,0.619,0.619,0.619,0.619,0.619,0.619,0.619,0.619,0.5868666666666666,0.5547333333333333,0.5226,0.49046666666666666,0.4583333333333333,0.4574
80,scientific,seeded,membrane,4,,,,,5.488333333333333,4.437083333333334,3.3858333333333333,2.3345833333333332,1.2833333333333332,1.2095333333333333,1.1357333333333333,1.0619333333333332,0.9881333333333333,0.9143333333333333,0.9143333333333333,0.9143333333333333,0.9143333333333333,0.9143333333333333,0.9143333333333333,0.9143333333333333,0.9143333333333333,0.9143333333333333,0.9143333333333333,0.9143333333333333,0.9143333333333333,0.9143333333333333,0.9143333333333333,0.9143333333333333,0.9143333333333333,0.8674666666666667,0.8206,0.7737333333333334,0.7268666666666668,0.68,0.6543333333333333,0.6286666666666667,0.603,0.5773333333333334,0.5516666666666666,0.5362666666666667,0.5208666666666666,0.5054666666666666,0.49006666666666665,0.4746666666666666,0.4746666666666666,0.4746666666666666,0.4746666666666666,0.4746666666666666,0.4746666666666666,0.43639999999999995
81,scientific,seeded,vesicle,0,,,,,6.516666666666667,5.6479333333333335,4.7791999999999994,3.9104666666666663,3.041733333333333,2.173,2.173,2.173,2.173,2.173,1.9792666666666667,1.7855333333333334,1.5917999999999999,1.3980666666666666,1.2043333333333333,1.2043333333333333,1.2043333333333333,1.2043333333333333,1.2043333333333333,1.2043333333333333,1.1805999999999999,1.1568666666666665,1.1331333333333333,1.1094,1.0856666666666666,1.0856666666666666,1.0856666666666666,1.0856666666666666,1.0856666666666666,1.0856666666666666,1.0856666666666666,1.0856666666666666,1.0856666666666666,1.0856666666666666,1.0856666666666666,1.0640666666666665,1.0424666666666667,1.0208666666666666,0.9992666666666665,0.9776666666666666,0.9776666666666666,0.9776666666666666,0.9776666666666666,0.9776666666666666,0.9776666666666666,0.9776666666666666
82,scientific,seeded,vesicle,1,,,,,10.893666666666666,9.406266666666667,7.918866666666666,6.431466666666667,4.944066666666667,3.456666666666667,2.8801666666666668,2.303666666666667,1.727166666666667,1.1506666666666667,1.056,0.9613333333333334,0.8666666666666667,0.772,0.6773333333333333,0.6773333333333333,0.6773333333333333,0.6773333333333333,0.6773333333333333,0.6773333333333333,0.6066,0.5358666666666667,0.4651333333333333,0.3944,0.32366666666666666,0.32366666666666666,0.32366666666666666,0.32366666666666666,0.32366666666666666,0.32366666666666666,0.32366666666666666,0.32366666666666666,0.32366666666666666,0.32366666666666666,0.32366666666666666,0.32366666666666666,0.32366666666666666,0.32366666666666666,0.32366666666666666,0.32366666666666666,0.32366666666666666,0.32366666666666666,0.32366666666666666,0.32366666666666666,0.32366666666666666,0.32366666666666666
83,scientific,seeded,vesicle,2,,,,,7.623,6.498066666666666,5.3731333333333335,4.248200000000001,3.123266666666667,1.9983333333333333,1.9983333333333333,1.9983333333333333,1.9983333333333333,1.9983333333333333,1.6912666666666667,1.3841999999999999,1.0771333333333333,0.7700666666666667,0.463,0.463,0.463,0.463,0.463,0.463,0.4106,0.3582,0.3058,0.2534,0.20099999999999998,0.20099999999999998,0.20099999999999998,0.20099999999999998,0.20099999999999998,0.20099999999999998,0.20099999999999998,0.20099999999999998,0.20099999999999998,0.20099999999999998,0.20099999999999998,0.1925333333333333,0.18406666666666666,0.17559999999999998,0.1671333333333333,0.15866666666666665,0.15866666666666665,0.15866666666666665,0.15866666666666665,0.15866666666666665,0.15866666666666665,0.15866666666666665
84,scientific,seeded,vesicle,3,,,,,7.689666666666667,6.7638,5.837933333333334,4.912066666666667,3.9862,3.060333333333334,2.7063333333333337,2.3523333333333336,1.9983333333333337,1.6443333333333336,1.2903333333333336,1.2903333333333336,1.2903333333333336,1.2903333333333336,1.2903333333333336,1.2903333333333336,1.1795000000000002,1.0686666666666667,0.9578333333333333,0.847,0.8340666666666666,0.8211333333333333,0.8082,0.7952666666666667,0.7823333333333333,0.7823333333333333,0.7823333333333333,0.7823333333333333,0.7823333333333333,0.7823333333333333,0.7056666666666667,0.629,0.5523333333333333,0.4756666666666667,0.399,0.399,0.399,0.399,0.399,0.399,0.399,0.399,0.399,0.399,0.399,0.399
85,scientific,seeded,vesicle,4,,,,,4.519333333333333,3.712583333333333,2.9058333333333333,2.0990833333333336,1.2923333333333333,1.207,1.1216666666666666,1.0363333333333333,0.9510000000000001,0.8656666666666667,0.8294,0.7931333333333334,0.7568666666666667,0.7206,0.6843333333333333,0.6843333333333333,0.6843333333333333,0.6843333333333333,0.6843333333333333,0.6843333333333333,0.6843333333333333,0.6843333333333333,0.6843333333333333,0.6843333333333333,0.6843333333333333,0.6843333333333333,0.6843333333333333,0.6843333333333333,0.6843333333333333,0.6843333333333333,0.6843333333333333,0.6843333333333333,0.6843333333333333,0.6843333333333333,0.6843333333333333,0.6843333333333333,0.6843333333333333,0.6843333333333333,0.6843333333333333,0.6843333333333333,0.6843333333333333,0.6843333333333333,0.6843333333333333,0.6843333333333333,0.6843333333333333,0.677
86,scientific,seeded,wormlike micelle,0,,,,,9.193333333333333,8.065,6.9366666666666665,5.808333333333334,4.68,3.5516666666666663,3.546833333333333,3.542,3.537166666666667,3.5323333333333333,3.3708666666666667,3.2094,3.0479333333333334,2.8864666666666667,2.725,2.6017333333333332,2.478466666666667,2.3552,2.2319333333333335,2.1086666666666667,2.1086666666666667,2.1086666666666667,2.1086666666666667,2.1086666666666667,2.1086666666666667,2.0085333333333333,1.9083999999999999,1.8082666666666665,1.7081333333333333,1.6079999999999999,1.5955333333333332,1.5830666666666666,1.5706,1.5581333333333334,1.5456666666666667,1.4605333333333335,1.3754,1.2902666666666667,1.2051333333333334,1.1199999999999999,0.9859999999999999,0.8519999999999999,0.718,0.584,0.45,0.42513333333333336
87,scientific,seeded,wormlike micelle,1,,,,,3.321,2.8303333333333334,2.3396666666666666,1.849,1.3583333333333332,1.3583333333333332,1.3583333333333332,1.3583333333333332,1.3583333333333332,1.3583333333333332,1.3285999999999998,1.2988666666666664,1.2691333333333332,1.2393999999999998,1.2096666666666664,1.2096666666666664,1.2096666666666664,1.2096666666666664,1.2096666666666664,1.2096666666666664,1.2096666666666664,1.2096666666666664,1.2096666666666664,1.2096666666666664,1.2096666666666664,1.2096666666666664,1.2096666666666664,1.2096666666666664,1.2096666666666664,1.2096666666666664,1.2096666666666664,1.2096666666666664,1.2096666666666664,1.2096666666666664,1.2096666666666664,1.2096666666666664,1.2096666666666664,1.2096666666666664,1.2096666666666664,1.2096666666666664,1.1802666666666666,1.1508666666666665,1.1214666666666666,1.0920666666666665,1.0626666666666666,1.0626666666666666
88,scientific,seeded,wormlike micelle,2,,,,,11.299000000000001,9.200866666666668,7.102733333333334,5.0046,2.9064666666666668,0.8083333333333332,0.7141333333333333,0.6199333333333332,0.5257333333333333,0.4315333333333333,0.3373333333333333,0.31953333333333334,0.3017333333333333,0.2839333333333333,0.26613333333333333,0.24833333333333332,0.23186666666666667,0.21539999999999998,0.19893333333333332,0.18246666666666667,0.166,0.166,0.166,0.166,0.166,0.166,0.166,0.166,0.166,0.166,0.166,0.166,0.166,0.166,0.166,0.166,0.166,0.166,0.166,0.166,0.166,0.166,0.166,0.166,0.166,0.166
89,scientific,seeded,wormlike micelle,3,,,,,10.602666666666666,8.949866666666667,7.297066666666666,5.644266666666667,3.9914666666666667,2.3386666666666667,2.026666666666667,1.7146666666666666,1.4026666666666667,1.0906666666666667,0.7786666666666667,0.6950833333333334,0.6115,0.5279166666666668,0.4443333333333334,0.4443333333333334,0.4443333333333334,0.4443333333333334,0.4443333333333334,0.4443333333333334,0.4443333333333334,0.4443333333333334,0.4443333333333334,0.4443333333333334,0.4443333333333334,0.4443333333333334,0.4443333333333334,0.4443333333333334,0.4443333333333334,0.4443333333333334,0.4443333333333334,0.4443333333333334,0.4443333333333334,0.4443333333333334,0.4443333333333334,0.4443333333333334,0.4443333333333334,0.4443333333333334,0.4443333333333334,0.4443333333333334,0.4443333333333334,0.4443333333333334,0.4443333333333334,0.4443333333333334,0.4443333333333334,0.4443333333333334
90,scientific,seeded,wormlike micelle,4,,,,,9.659333333333334,8.274066666666668,6.888800000000001,5.503533333333333,4.118266666666667,2.733,2.3862666666666668,2.0395333333333334,1.6928,1.3460666666666667,0.9993333333333334,0.9962666666666667,0.9932000000000001,0.9901333333333333,0.9870666666666666,0.984,0.8942,0.8044,0.7146,0.6248,0.535,0.535,0.535,0.535,0.535,0.535,0.535,0.535,0.535,0.535,0.535,0.535,0.535,0.535,0.535,0.535,0.535,0.535,0.535,0.535,0.535,0.535,0.535,0.535,0.535,0.535
91,scientific,seeded,spherical micelle,0,,,,,6.540666666666667,5.797416666666667,5.054166666666666,4.3109166666666665,3.5676666666666663,2.9928,2.417933333333333,1.8430666666666664,1.2681999999999998,0.6933333333333334,0.6670666666666667,0.6408,0.6145333333333334,0.5882666666666666,0.5619999999999999,0.5362,0.5104,0.48460000000000003,0.45880000000000004,0.43300000000000005,0.43300000000000005,0.43300000000000005,0.43300000000000005,0.43300000000000005,0.43300000000000005,0.43300000000000005,0.43300000000000005,0.43300000000000005,0.43300000000000005,0.43300000000000005,0.4270666666666667,0.42113333333333336,0.4152,0.40926666666666667,0.4033333333333333,0.38293333333333335,0.3625333333333333,0.34213333333333334,0.3217333333333333,0.30133333333333334,0.28913333333333335,0.2769333333333333,0.2647333333333333,0.25253333333333333,0.24033333333333332,0.24033333333333332
92,scientific,seeded,spherical micelle,1,,,,,5.720666666666666,4.875833333333333,4.031,3.1861666666666664,2.341333333333333,2.0076666666666663,1.674,1.3403333333333332,1.0066666666666666,0.673,0.6362666666666668,0.5995333333333334,0.5628,0.5260666666666667,0.48933333333333334,0.48933333333333334,0.48933333333333334,0.48933333333333334,0.48933333333333334,0.48933333333333334,0.48933333333333334,0.48933333333333334,0.48933333333333334,0.48933333333333334,0.48933333333333334,0.48933333333333334,0.48933333333333334,0.48933333333333334,0.48933333333333334,0.48933333333333334,0.48933333333333334,0.48933333333333334,0.48933333333333334,0.48933333333333334,0.48933333333333334,0.4750666666666667,0.4608,0.44653333333333334,0.43226666666666663,0.418,0.418,0.418,0.418,0.418,0.418,0.418
93,scientific,seeded,spherical micelle,2,,,,,7.448333333333333,6.448333333333333,5.448333333333333,4.448333333333333,3.448333333333333,3.100333333333333,2.752333333333333,2.4043333333333328,2.056333333333333,1.7083333333333333,1.5406666666666666,1.373,1.2053333333333334,1.0376666666666665,0.87,0.87,0.87,0.87,0.87,0.87,0.7657333333333334,0.6614666666666666,0.5572,0.45293333333333335,0.3486666666666667,0.31206666666666666,0.27546666666666664,0.23886666666666667,0.20226666666666665,0.16566666666666666,0.16566666666666666,0.16566666666666666,0.16566666666666666,0.16566666666666666,0.16566666666666666,0.16093333333333332,0.15619999999999998,0.15146666666666667,0.14673333333333333,0.142,0.142,0.142,0.142,0.142,0.142,0.142
94,scientific,seeded,spherical micelle,3,,,,,5.917333333333333,5.347666666666666,4.778,4.208333333333334,3.638666666666667,3.5318666666666667,3.425066666666667,3.3182666666666667,3.211466666666667,3.1046666666666667,2.889466666666667,2.6742666666666666,2.4590666666666667,2.2438666666666665,2.0286666666666666,1.8422,1.6557333333333333,1.4692666666666667,1.2828,1.0963333333333334,1.0799333333333334,1.0635333333333334,1.0471333333333332,1.0307333333333333,1.0143333333333333,0.9628,0.9112666666666667,0.8597333333333333,0.8082,0.7566666666666667,0.7566666666666667,0.7566666666666667,0.7566666666666667,0.7566666666666667,0.7566666666666667,0.7538,0.7509333333333333,0.7480666666666668,0.7452000000000001,0.7423333333333334,0.7423333333333334,0.7423333333333334,0.7423333333333334,0.7423333333333334,0.7423333333333334,0.7296000000000001
95,scientific,seeded,spherical micelle,4,,,,,9.670333333333332,7.8391666666666655,6.007999999999999,4.176833333333333,2.345666666666667,2.0012000000000003,1.6567333333333334,1.312266666666667,0.9678000000000002,0.6233333333333334,0.6233333333333334,0.6233333333333334,0.6233333333333334,0.6233333333333334,0.6233333333333334,0.6050000000000001,0.5866666666666667,0.5683333333333334,0.5499999999999999,0.5316666666666666,0.5281333333333333,0.5246,0.5210666666666667,0.5175333333333333,0.514,0.514,0.514,0.514,0.514,0.514,0.514,0.514,0.514,0.514,0.514,0.514,0.514,0.514,0.514,0.514,0.4888,0.4636,0.4384,0.41320000000000007,0.38800000000000007,0.38800000000000007
96,scientific,unseeded,liquid,0,,,,,11.443999999999997,10.68708333333333,9.930166666666665,9.17325,8.416333333333332,7.509399999999999,6.602466666666666,5.695533333333333,4.788599999999999,3.8816666666666664,3.3114,2.741133333333333,2.1708666666666665,1.6006,1.0303333333333333,0.9813333333333333,0.9323333333333333,0.8833333333333333,0.8343333333333334,0.7853333333333333,0.7833333333333333,0.7813333333333333,0.7793333333333333,0.7773333333333333,0.7753333333333333,0.7285333333333334,0.6817333333333333,0.6349333333333333,0.5881333333333334,0.5413333333333333,0.5413333333333333,0.5413333333333333,0.5413333333333333,0.5413333333333333,0.5413333333333333,0.5413333333333333,0.5413333333333333,0.5413333333333333,0.5413333333333333,0.5413333333333333,0.49766666666666665,0.454,0.4103333333333333,0.3666666666666667,0.323,0.323
97,scientific,unseeded,liquid,1,,,,,12.865666666666664,11.693599999999998,10.521533333333332,9.349466666666665,8.177399999999999,7.005333333333334,6.6872,6.369066666666667,6.050933333333333,5.732799999999999,5.414666666666666,5.3511999999999995,5.287733333333333,5.224266666666667,5.1608,5.097333333333333,5.097333333333333,5.097333333333333,5.097333333333333,5.097333333333333,5.097333333333333,5.097333333333333,5.097333333333333,5.097333333333333,5.097333333333333,5.097333333333333,5.097333333333333,5.097333333333333,5.097333333333333,5.097333333333333,5.097333333333333,5.097333333333333,5.097333333333333,5.097333333333333,5.097333333333333,5.097333333333333,5.097333333333333,5.097333333333333,5.097333333333333,5.097333333333333,5.097333333333333,5.097333333333333,5.097333333333333,5.097333333333333,5.097333333333333,5.097333333333333
98,scientific,unseeded,liquid,2,,,,,7.6176666666666675,6.906866666666668,6.196066666666667,5.485266666666667,4.774466666666667,4.063666666666666,3.4818666666666664,2.9000666666666666,2.3182666666666663,1.7364666666666664,1.1546666666666665,1.1081999999999999,1.0617333333333332,1.0152666666666665,0.9688,0.9223333333333333,0.907,0.8916666666666667,0.8763333333333333,0.861,0.8456666666666667,0.7938666666666667,0.7420666666666667,0.6902666666666667,0.6384666666666667,0.5866666666666667,0.5621333333333334,0.5376,0.5130666666666667,0.4885333333333333,0.46399999999999997,0.4392,0.4144,0.3896,0.3648,0.34,0.34,0.34,0.34,0.34,0.34,0.33666666666666667,0.3333333333333333,0.33,0.32666666666666666,0.3233333333333333
99,scientific,unseeded,liquid,3,,,,,8.752333333333333,7.981999999999999,7.211666666666666,6.441333333333333,5.670999999999999,4.701999999999999,3.7329999999999997,2.7639999999999993,1.7949999999999995,0.826,0.7348666666666667,0.6437333333333333,0.5526,0.4614666666666667,0.37033333333333335,0.37033333333333335,0.37033333333333335,0.37033333333333335,0.37033333333333335,0.37033333333333335,0.37033333333333335,0.37033333333333335,0.37033333333333335,0.37033333333333335,0.37033333333333335,0.37033333333333335,0.37033333333333335,0.37033333333333335,0.37033333333333335,0.37033333333333335,0.37033333333333335,0.37033333333333335,0.37033333333333335,0.37033333333333335,0.37033333333333335,0.34673333333333334,0.32313333333333333,0.2995333333333333,0.27593333333333336,0.25233333333333335,0.25233333333333335,0.25233333333333335,0.25233333333333335,0.25233333333333335,0.25233333333333335,0.25233333333333335
100,scientific,unseeded,liquid,4,,,,,9.075666666666667,7.739083333333333,6.4025,5.065916666666666,3.729333333333333,3.716133333333333,3.7029333333333327,3.689733333333333,3.6765333333333325,3.6633333333333327,3.6633333333333327,3.6633333333333327,3.6633333333333327,3.6633333333333327,3.6633333333333327,3.6633333333333327,3.6633333333333327,3.6633333333333327,3.6633333333333327,3.6633333333333327,3.1019333333333328,2.540533333333333,1.979133333333333,1.417733333333333,0.8563333333333333,0.8084,0.7604666666666666,0.7125333333333334,0.6646000000000001,0.6166666666666667,0.6166666666666667,0.6166666666666667,0.6166666666666667,0.6166666666666667,0.6166666666666667,0.6166666666666667,0.6166666666666667,0.6166666666666667,0.6166666666666667,0.6166666666666667,0.6166666666666667,0.6166666666666667,0.6166666666666667,0.6166666666666667,0.6166666666666667,0.6166666666666667
101,scientific,unseeded,string,0,,,,,9.988333333333333,9.7514,9.514466666666667,9.277533333333333,9.0406,8.803666666666667,8.660066666666667,8.516466666666666,8.372866666666667,8.229266666666666,8.085666666666667,7.761866666666666,7.438066666666666,7.114266666666666,6.790466666666666,6.466666666666666,6.419666666666666,6.3726666666666665,6.325666666666666,6.278666666666666,6.2316666666666665,6.2316666666666665,6.2316666666666665,6.2316666666666665,6.2316666666666665,6.2316666666666665,6.030333333333333,5.829,5.627666666666666,5.426333333333334,5.2250000000000005,5.129600000000001,5.0342,4.9388000000000005,4.8434,4.748,4.6042000000000005,4.4604,4.3166,4.1728,4.029,3.908533333333333,3.788066666666667,3.6676,3.547133333333334,3.426666666666667
102,scientific,unseeded,string,1,,,,,7.0889999999999995,7.033066666666666,6.977133333333333,6.921199999999999,6.865266666666666,6.809333333333332,6.809333333333332,6.809333333333332,6.809333333333332,6.809333333333332,6.809333333333332,6.809333333333332,6.809333333333332,6.809333333333332,6.809333333333332,6.809333333333332,6.346066666666665,5.882799999999999,5.419533333333332,4.956266666666666,4.492999999999999,4.4155999999999995,4.3382,4.2608,4.1834,4.106,4.068266666666666,4.0305333333333335,3.9928,3.9550666666666663,3.917333333333333,3.7100666666666666,3.5028,3.295533333333333,3.0882666666666667,2.8810000000000002,2.867866666666667,2.8547333333333333,2.8416,2.8284666666666665,2.8153333333333332,2.8153333333333332,2.8153333333333332,2.8153333333333332,2.8153333333333332,2.8153333333333332
103,scientific,unseeded,string,2,,,,,9.714,9.456333333333333,9.198666666666666,8.940999999999999,8.683333333333332,8.542933333333332,8.402533333333333,8.262133333333333,8.121733333333333,7.9813333333333345,7.915066666666668,7.8488000000000016,7.782533333333334,7.716266666666668,7.650000000000001,7.609333333333335,7.568666666666667,7.5280000000000005,7.487333333333333,7.446666666666666,7.437133333333334,7.4276,7.418066666666667,7.408533333333334,7.399000000000001,7.134333333333334,6.869666666666667,6.605,6.340333333333334,6.075666666666667,5.514333333333333,4.952999999999999,4.391666666666667,3.830333333333333,3.2689999999999997,2.7970666666666664,2.325133333333333,1.8531999999999997,1.3812666666666664,0.9093333333333332,0.8550666666666665,0.8008,0.7465333333333333,0.6922666666666666,0.638,0.635
104,scientific,unseeded,string,3,,,,,12.219,10.7155,9.212,7.708500000000001,6.205000000000001,5.748533333333334,5.292066666666667,4.8356,4.379133333333334,3.9226666666666667,3.9226666666666667,3.9226666666666667,3.9226666666666667,3.9226666666666667,3.9226666666666667,3.8976,3.872533333333333,3.8474666666666666,3.8223999999999996,3.797333333333333,3.600133333333333,3.4029333333333334,3.2057333333333333,3.0085333333333333,2.8113333333333337,2.6544000000000003,2.497466666666667,2.3405333333333336,2.1836,2.026666666666667,1.8652000000000002,1.7037333333333335,1.5422666666666667,1.3808,1.2193333333333334,1.1600000000000001,1.1006666666666667,1.0413333333333332,0.982,0.9226666666666666,0.9128666666666666,0.9030666666666667,0.8932666666666667,0.8834666666666667,0.8736666666666667,0.8736666666666667
105,scientific,unseeded,string,4,,,,,8.822333333333333,8.616933333333332,8.411533333333333,8.206133333333334,8.000733333333333,7.795333333333333,7.795333333333333,7.795333333333333,7.795333333333333,7.795333333333333,7.795333333333333,7.747466666666666,7.699599999999999,7.6517333333333335,7.603866666666667,7.556,7.481,7.406,7.331,7.256,7.181,7.1458,7.1106,7.0754,7.0402,7.005,6.875066666666666,6.745133333333333,6.6152,6.485266666666667,6.355333333333333,6.355333333333333,6.355333333333333,6.355333333333333,6.355333333333333,6.355333333333333,6.328133333333334,6.300933333333334,6.273733333333333,6.246533333333334,6.219333333333334,6.209066666666667,6.1988,6.188533333333333,6.178266666666667,6.167999999999999
106,scientific,unseeded,string,5,,,,,5.858666666666667,5.858666666666667,5.858666666666667,5.858666666666667,5.858666666666667,5.858666666666667,5.8182,5.777733333333334,5.737266666666667,5.6968000000000005,5.656333333333333,5.544666666666667,5.433,5.3213333333333335,5.209666666666666,5.098,5.079466666666667,5.060933333333334,5.0424,5.023866666666667,5.005333333333334,4.923466666666667,4.841600000000001,4.759733333333333,4.677866666666667,4.596,4.5713333333333335,4.546666666666667,4.521999999999999,4.497333333333333,4.472666666666666,4.436933333333333,4.4012,4.365466666666666,4.329733333333333,4.2940000000000005,4.227733333333334,4.161466666666667,4.0952,4.028933333333334,3.962666666666667,3.8462,3.7297333333333333,3.6132666666666666,3.4968,3.380333333333333
107,scientific,unseeded,string,6,,,,,7.977666666666667,7.514866666666667,7.052066666666667,6.589266666666667,6.126466666666667,5.663666666666667,5.5662666666666665,5.468866666666667,5.371466666666667,5.274066666666667,5.176666666666667,5.0142,4.851733333333334,4.689266666666667,4.526800000000001,4.364333333333334,4.1786666666666665,3.9930000000000003,3.8073333333333332,3.6216666666666666,3.436,3.3544666666666667,3.2729333333333335,3.1914000000000002,3.109866666666667,3.0283333333333338,2.9676000000000005,2.9068666666666667,2.8461333333333334,2.7853999999999997,2.7246666666666663,2.6933999999999996,2.662133333333333,2.6308666666666665,2.5995999999999997,2.568333333333333,2.568333333333333,2.568333333333333,2.568333333333333,2.568333333333333,2.568333333333333,2.568333333333333,2.568333333333333,2.568333333333333,2.568333333333333,2.568333333333333
108,scientific,unseeded,string,7,,,,,10.266333333333334,9.4898,8.713266666666666,7.936733333333333,7.1602,6.383666666666666,6.213333333333333,6.042999999999999,5.8726666666666665,5.702333333333333,5.532,5.532,5.532,5.532,5.532,5.532,5.532,5.532,5.532,5.532,5.532,5.532,5.532,5.532,5.532,5.532,5.532,5.532,5.532,5.532,5.532,5.532,5.532,5.532,5.532,5.532,5.532,5.532,5.532,5.532,5.532,5.455933333333333,5.379866666666667,5.3038,5.227733333333333,5.151666666666666
109,scientific,unseeded,string,8,,,,,7.619333333333333,7.264133333333333,6.908933333333333,6.553733333333334,6.198533333333334,5.843333333333334,5.843333333333334,5.843333333333334,5.843333333333334,5.843333333333334,5.843333333333334,5.795266666666667,5.747199999999999,5.699133333333333,5.651066666666666,5.602999999999999,5.4319999999999995,5.260999999999999,5.09,4.919,4.748,4.425133333333333,4.102266666666667,3.7794,3.4565333333333332,3.1336666666666666,2.9854,2.837133333333333,2.6888666666666667,2.5406,2.392333333333333,2.3820666666666663,2.3718,2.361533333333333,2.3512666666666666,2.3409999999999997,2.3409999999999997,2.3409999999999997,2.3409999999999997,2.3409999999999997,2.3409999999999997,2.3409999999999997,2.3409999999999997,2.3409999999999997,2.3409999999999997,2.3409999999999997
110,scientific,unseeded,string,9,,,,,10.632,9.019333333333332,7.406666666666666,5.794,5.5957333333333334,5.397466666666666,5.1992,5.000933333333333,4.802666666666667,4.802666666666667,4.802666666666667,4.802666666666667,4.802666666666667,4.802666666666667,4.781266666666667,4.759866666666667,4.738466666666667,4.717066666666667,4.695666666666667,4.390866666666667,4.0860666666666665,3.7812666666666668,3.476466666666667,3.171666666666667,2.7754000000000003,2.3791333333333333,1.9828666666666668,1.5866,1.1903333333333332,1.1187333333333331,1.0471333333333332,0.9755333333333333,0.9039333333333333,0.8323333333333333,0.8110666666666666,0.7898,0.7685333333333333,0.7472666666666666,0.726,0.7019333333333333,0.6778666666666666,0.6537999999999999,0.6297333333333334,0.6056666666666667,0.5858,0.5659333333333334
111,scientific,unseeded,membrane,0,,,,,7.6290000000000004,7.274916666666667,6.920833333333333,6.56675,6.212666666666666,6.056666666666667,5.900666666666667,5.744666666666666,5.588666666666667,5.432666666666667,5.119866666666667,4.807066666666667,4.494266666666666,4.181466666666667,3.8686666666666665,3.748866666666667,3.6290666666666667,3.509266666666667,3.389466666666667,3.269666666666667,3.130066666666667,2.990466666666667,2.8508666666666667,2.711266666666667,2.5716666666666668,2.5436,2.5155333333333334,2.4874666666666667,2.4594,2.4313333333333333,2.3594666666666666,2.2876,2.215733333333333,2.1438666666666664,2.0719999999999996,1.997333333333333,1.9226666666666665,1.8479999999999999,1.7733333333333334,1.6986666666666668,1.6908666666666667,1.6830666666666667,1.6752666666666667,1.6674666666666667,1.6596666666666666,1.6596666666666666
112,scientific,unseeded,membrane,1,,,,,8.321333333333333,7.733866666666667,7.1464,6.558933333333334,5.971466666666667,5.384,5.269733333333334,5.155466666666666,5.0412,4.9269333333333325,4.812666666666666,4.812666666666666,4.812666666666666,4.812666666666666,4.812666666666666,4.812666666666666,4.812666666666666,4.812666666666666,4.812666666666666,4.812666666666666,4.812666666666666,4.7044,4.596133333333333,4.487866666666666,4.3796,4.271333333333334,4.0962000000000005,3.921066666666667,3.745933333333334,3.5708,3.395666666666667,3.185333333333334,2.975,2.764666666666667,2.554333333333333,2.344,2.3409999999999997,2.338,2.335,2.3320000000000003,2.329,2.2817333333333334,2.2344666666666666,2.1872000000000003,2.1399333333333335,2.0926666666666667
113,scientific,unseeded,membrane,2,,,,,5.9430000000000005,5.439066666666667,4.935133333333334,4.4312000000000005,3.9272666666666667,3.4233333333333333,3.3078,3.1922666666666664,3.0767333333333333,2.9612,2.8456666666666663,2.7276666666666665,2.6096666666666666,2.4916666666666663,2.3736666666666664,2.2556666666666665,2.2331333333333334,2.2106,2.188066666666667,2.1655333333333333,2.1430000000000002,2.1430000000000002,2.1430000000000002,2.1430000000000002,2.1430000000000002,2.1430000000000002,2.1410666666666667,2.1391333333333336,2.1372,2.135266666666667,2.1333333333333333,2.1333333333333333,2.1333333333333333,2.1333333333333333,2.1333333333333333,2.1333333333333333,2.1148666666666665,2.0964,2.077933333333333,2.059466666666667,2.041,1.9669333333333332,1.8928666666666667,1.8188,1.7447333333333335,1.6706666666666667
114,scientific,unseeded,membrane,3,,,,,9.196333333333333,8.7362,8.276066666666667,7.815933333333334,7.3557999999999995,6.895666666666666,6.577466666666666,6.259266666666666,5.941066666666666,5.622866666666667,5.304666666666667,5.041066666666667,4.777466666666667,4.513866666666667,4.250266666666667,3.986666666666667,3.6562666666666668,3.3258666666666667,2.9954666666666667,2.6650666666666667,2.3346666666666667,2.066333333333333,1.798,1.5296666666666665,1.2613333333333332,0.993,0.8704666666666666,0.7479333333333333,0.6254,0.5028666666666666,0.38033333333333336,0.3492,0.31806666666666666,0.2869333333333334,0.2558,0.22466666666666665,0.22466666666666665,0.22466666666666665,0.22466666666666665,0.22466666666666665,0.22466666666666665,0.22466666666666665,0.22466666666666665,0.22466666666666665,0.22466666666666665,0.22466666666666665
115,scientific,unseeded,membrane,4,,,,,5.488333333333333,5.488333333333333,5.488333333333333,5.488333333333333,5.488333333333333,5.488333333333333,5.488333333333333,5.488333333333333,5.488333333333333,5.488333333333333,5.488333333333333,5.343,5.197666666666667,5.052333333333333,4.907,4.761666666666667,4.678466666666667,4.595266666666666,4.512066666666667,4.428866666666666,4.345666666666666,4.345666666666666,4.345666666666666,4.345666666666666,4.345666666666666,4.345666666666666,4.345666666666666,4.345666666666666,4.345666666666666,4.345666666666666,4.345666666666666,4.345666666666666,4.345666666666666,4.345666666666666,4.345666666666666,4.345666666666666,4.345666666666666,4.345666666666666,4.345666666666666,4.345666666666666,4.345666666666666,4.345666666666666,4.345666666666666,4.345666666666666,4.345666666666666,4.345666666666666
116,scientific,unseeded,vesicle,0,,,,,6.516666666666667,5.716666666666667,4.916666666666666,4.116666666666666,3.3166666666666664,2.5166666666666666,2.448733333333333,2.3808,2.312866666666667,2.2449333333333334,2.177,2.1737333333333333,2.1704666666666665,2.1672,2.163933333333333,2.1606666666666663,2.1606666666666663,2.1606666666666663,2.1606666666666663,2.1606666666666663,2.1606666666666663,2.1606666666666663,2.1606666666666663,2.1606666666666663,2.1606666666666663,2.1606666666666663,2.105133333333333,2.0496,1.9940666666666664,1.9385333333333332,1.883,1.8346666666666667,1.7863333333333333,1.738,1.6896666666666664,1.641333333333333,1.591333333333333,1.541333333333333,1.491333333333333,1.4413333333333331,1.391333333333333,1.3337333333333332,1.2761333333333333,1.2185333333333332,1.1609333333333334,1.1033333333333335
117,scientific,unseeded,vesicle,1,,,,,9.397333333333334,8.634,7.870666666666667,7.107333333333334,6.344,5.580666666666667,5.425533333333333,5.2704,5.115266666666667,4.960133333333334,4.805000000000001,4.641400000000001,4.4778,4.3142000000000005,4.1506,3.987,3.9164666666666665,3.845933333333333,3.7754,3.7048666666666663,3.6343333333333327,3.4299999999999997,3.2256666666666662,3.021333333333333,2.817,2.6126666666666667,2.6126666666666667,2.6126666666666667,2.6126666666666667,2.6126666666666667,2.6126666666666667,2.4522666666666666,2.291866666666667,2.131466666666667,1.9710666666666667,1.8106666666666669,1.7173333333333336,1.624,1.5306666666666668,1.4373333333333336,1.344,1.1904000000000001,1.0368,0.8832,0.7296,0.576
118,scientific,unseeded,vesicle,2,,,,,5.409,4.684583333333333,3.960166666666667,3.23575,2.5113333333333334,2.272666666666667,2.0340000000000003,1.7953333333333334,1.5566666666666666,1.318,1.2716,1.2252,1.1788,1.1324,1.086,1.086,1.086,1.086,1.086,1.086,1.086,1.086,1.086,1.086,1.086,1.086,1.086,1.086,1.086,1.086,1.0764,1.0668,1.0572000000000001,1.0476,1.038,1.0084666666666666,0.9789333333333334,0.9494,0.9198666666666667,0.8903333333333334,0.8896000000000001,0.8888666666666667,0.8881333333333334,0.8874000000000001,0.8866666666666667,0.8347333333333333
119,scientific,unseeded,vesicle,3,,,,,6.0553333333333335,5.617666666666667,5.18,4.742333333333333,4.304666666666666,3.8669999999999995,3.6488666666666663,3.430733333333333,3.2126,2.994466666666667,2.7763333333333335,2.5814000000000004,2.3864666666666667,2.191533333333333,1.9966,1.8016666666666665,1.7552666666666665,1.7088666666666665,1.6624666666666665,1.6160666666666665,1.5696666666666665,1.4791999999999998,1.3887333333333334,1.2982666666666667,1.2078000000000002,1.1173333333333335,1.0559333333333334,0.9945333333333335,0.9331333333333334,0.8717333333333334,0.8103333333333333,0.8103333333333333,0.8103333333333333,0.8103333333333333,0.8103333333333333,0.8103333333333333,0.8103333333333333,0.8103333333333333,0.8103333333333333,0.8103333333333333,0.8103333333333333,0.8103333333333333,0.8103333333333333,0.8103333333333333,0.8103333333333333,0.8103333333333333
120,scientific,unseeded,vesicle,4,,,,,4.519333333333333,4.297333333333333,4.075333333333333,3.853333333333333,3.631333333333333,3.409333333333333,3.035266666666667,2.6612,2.2871333333333332,1.913066666666667,1.5390000000000004,1.4444000000000004,1.3498000000000003,1.2552000000000003,1.1606,1.066,1.0508666666666668,1.0357333333333334,1.0206,1.0054666666666667,0.9903333333333334,0.9903333333333334,0.9903333333333334,0.9903333333333334,0.9903333333333334,0.9903333333333334,0.9338000000000001,0.8772666666666666,0.8207333333333333,0.7642,0.7076666666666666,0.6931333333333333,0.6786,0.6640666666666666,0.6495333333333333,0.635,0.635,0.635,0.635,0.635,0.635,0.635,0.635,0.635,0.635,0.635
121,scientific,unseeded,wormlike micelle,0,,,,,7.657,7.6526000000000005,7.6482,7.643800000000001,7.6394,7.635000000000001,7.5486666666666675,7.4623333333333335,7.376,7.289666666666666,7.203333333333333,7.1156,7.027866666666666,6.940133333333334,6.8524,6.764666666666667,6.658066666666667,6.551466666666666,6.444866666666667,6.338266666666667,6.2316666666666665,6.2134,6.195133333333334,6.176866666666666,6.1586,6.140333333333333,5.956533333333334,5.772733333333334,5.588933333333333,5.405133333333334,5.221333333333334,5.0666,4.911866666666667,4.757133333333334,4.6024,4.447666666666667,4.3186,4.189533333333333,4.060466666666667,3.9314,3.8023333333333333,3.7214666666666667,3.6406,3.559733333333333,3.4788666666666663,3.3979999999999997
122,scientific,unseeded,wormlike micelle,1,,,,,3.321,3.0119333333333334,2.702866666666667,2.3938,2.0847333333333333,1.7756666666666667,1.685,1.5943333333333334,1.5036666666666667,1.413,1.3223333333333334,1.2628,1.2032666666666667,1.1437333333333333,1.0842,1.0246666666666666,0.9616666666666667,0.8986666666666666,0.8356666666666667,0.7726666666666666,0.7096666666666667,0.6384666666666666,0.5672666666666666,0.49606666666666666,0.4248666666666666,0.35366666666666663,0.3292,0.3047333333333333,0.28026666666666666,0.2558,0.23133333333333336,0.22713333333333335,0.22293333333333334,0.21873333333333336,0.21453333333333335,0.21033333333333334,0.20800000000000002,0.2056666666666667,0.20333333333333334,0.201,0.19866666666666669,0.19866666666666669,0.19866666666666669,0.19866666666666669,0.19866666666666669,0.19866666666666669
123,scientific,unseeded,wormlike micelle,2,,,,,10.081333333333333,9.008833333333333,7.936333333333334,6.863833333333333,5.791333333333333,5.269933333333333,4.748533333333333,4.227133333333333,3.705733333333333,3.184333333333333,3.0154666666666663,2.8465999999999996,2.6777333333333333,2.5088666666666666,2.34,2.078133333333333,1.8162666666666665,1.5544,1.2925333333333333,1.0306666666666666,1.0306666666666666,1.0306666666666666,1.0306666666666666,1.0306666666666666,1.0306666666666666,1.0278666666666667,1.0250666666666666,1.0222666666666667,1.0194666666666665,1.0166666666666666,1.0166666666666666,1.0166666666666666,1.0166666666666666,1.0166666666666666,1.0166666666666666,0.9433999999999999,0.8701333333333333,0.7968666666666666,0.7236,0.6503333333333333,0.5871999999999999,0.5240666666666667,0.4609333333333333,0.3978,0.33466666666666667,0.33466666666666667
124,scientific,unseeded,wormlike micelle,3,,,,,10.602666666666666,10.330133333333333,10.057599999999999,9.785066666666667,9.512533333333334,9.24,9.24,9.24,9.24,9.24,9.24,8.999866666666668,8.759733333333333,8.5196,8.279466666666666,8.039333333333333,7.969266666666667,7.8992,7.829133333333333,7.759066666666667,7.689,7.6391333333333336,7.589266666666667,7.5394,7.489533333333333,7.439666666666667,7.395733333333333,7.3518,7.3078666666666665,7.263933333333333,7.22,7.1902,7.1604,7.1306,7.1008000000000004,7.071000000000001,7.071000000000001,7.071000000000001,7.071000000000001,7.071000000000001,7.071000000000001,6.933133333333334,6.7952666666666675,6.6574,6.519533333333333,6.381666666666667
125,scientific,unseeded,wormlike micelle,4,,,,,8.502,8.502,8.502,8.502,8.502,8.502,8.355733333333333,8.209466666666668,8.0632,7.916933333333334,7.770666666666667,7.204533333333334,6.638400000000001,6.072266666666667,5.5061333333333335,4.94,4.0438,3.1476000000000006,2.2514000000000003,1.3552000000000004,0.4590000000000001,0.43926666666666675,0.41953333333333337,0.39980000000000004,0.38006666666666666,0.36033333333333334,0.36033333333333334,0.36033333333333334,0.36033333333333334,0.36033333333333334,0.36033333333333334,0.3519333333333333,0.34353333333333336,0.33513333333333334,0.3267333333333334,0.31833333333333336,0.30946666666666667,0.30060000000000003,0.29173333333333334,0.2828666666666667,0.274,0.26553333333333334,0.25706666666666667,0.24860000000000002,0.24013333333333337,0.2316666666666667
126,scientific,unseeded,spherical micelle,0,,,,,5.045000000000001,4.931533333333334,4.818066666666668,4.7046,4.5911333333333335,4.477666666666667,4.4214,4.3651333333333335,4.308866666666667,4.2526,4.1963333333333335,4.1186,4.040866666666667,3.9631333333333334,3.8853999999999997,3.8076666666666665,3.7283999999999997,3.6491333333333333,3.5698666666666665,3.4906,3.4113333333333333,3.3986666666666667,3.386,3.3733333333333335,3.360666666666667,3.3480000000000003,3.317466666666667,3.2869333333333337,3.2564,3.225866666666667,3.1953333333333336,3.1953333333333336,3.1953333333333336,3.1953333333333336,3.1953333333333336,3.1953333333333336,3.1953333333333336,3.1953333333333336,3.1953333333333336,3.1953333333333336,3.1953333333333336,3.045466666666667,2.8956000000000004,2.745733333333334,2.5958666666666668,2.446
127,scientific,unseeded,spherical micelle,1,,,,,5.519666666666667,5.095266666666667,4.670866666666667,4.246466666666667,3.822066666666667,3.3976666666666673,3.229733333333334,3.0618000000000003,2.893866666666667,2.7259333333333333,2.558,2.287,2.016,1.7449999999999999,1.474,1.203,1.1669333333333334,1.1308666666666667,1.0948,1.0587333333333333,1.0226666666666666,1.0130666666666666,1.0034666666666667,0.9938666666666667,0.9842666666666666,0.9746666666666667,0.9742666666666667,0.9738666666666667,0.9734666666666667,0.9730666666666666,0.9726666666666667,0.9726666666666667,0.9726666666666667,0.9726666666666667,0.9726666666666667,0.9726666666666667,0.9726666666666667,0.9726666666666667,0.9726666666666667,0.9726666666666667,0.9726666666666667,0.9726666666666667,0.9726666666666667,0.9726666666666667,0.9726666666666667,0.9726666666666667
128,scientific,unseeded,spherical micelle,2,,,,,7.448333333333333,7.052866666666667,6.6574,6.261933333333333,5.866466666666667,5.471,5.471,5.471,5.471,5.471,5.471,5.162066666666667,4.853133333333333,4.5442,4.235266666666667,3.9263333333333335,3.655266666666667,3.3842,3.1131333333333333,2.8420666666666667,2.571,2.526466666666667,2.4819333333333335,2.4374,2.3928666666666665,2.348333333333333,2.2253333333333334,2.102333333333333,1.9793333333333332,1.8563333333333332,1.7333333333333332,1.732133333333333,1.7309333333333332,1.7297333333333331,1.7285333333333333,1.7273333333333332,1.5996,1.4718666666666667,1.3441333333333332,1.2164,1.0886666666666667,0.9861333333333333,0.8836,0.7810666666666667,0.6785333333333334,0.5760000000000001
129,scientific,unseeded,spherical micelle,3,,,,,5.917333333333333,5.3991333333333325,4.880933333333333,4.362733333333333,3.8445333333333327,3.326333333333333,3.1557999999999997,2.9852666666666665,2.8147333333333333,2.6442,2.473666666666667,2.351,2.2283333333333335,2.1056666666666666,1.9829999999999999,1.8603333333333332,1.8603333333333332,1.8603333333333332,1.8603333333333332,1.8603333333333332,1.8603333333333332,1.8603333333333332,1.8603333333333332,1.8603333333333332,1.8603333333333332,1.8603333333333332,1.8603333333333332,1.8603333333333332,1.8603333333333332,1.8603333333333332,1.8603333333333332,1.8545333333333331,1.8487333333333331,1.8429333333333333,1.8371333333333333,1.8313333333333333,1.8299999999999998,1.8286666666666667,1.8273333333333333,1.826,1.8246666666666667,1.7797333333333334,1.7348000000000001,1.6898666666666669,1.6449333333333336,1.6000000000000003
130,scientific,unseeded,spherical micelle,4,,,,,7.7203333333333335,7.479733333333334,7.239133333333333,6.9985333333333335,6.757933333333333,6.517333333333333,6.3218,6.126266666666666,5.9307333333333325,5.7352,5.539666666666666,5.291733333333333,5.0438,4.795866666666667,4.547933333333333,4.3,4.2414,4.1828,4.1242,4.065600000000001,4.007000000000001,3.8804000000000003,3.7538000000000005,3.6272,3.5006000000000004,3.374,3.3026666666666666,3.231333333333333,3.16,3.0886666666666667,3.017333333333333,2.9431333333333334,2.868933333333333,2.7947333333333333,2.720533333333333,2.646333333333333,2.6010666666666666,2.5558,2.510533333333333,2.4652666666666665,2.42,2.3626,2.3052,2.2478,2.1904,2.133
131,active,seeded,liquid,0,,,,,12.415000000000001,11.152733333333334,9.890466666666667,8.6282,7.365933333333333,6.103666666666666,5.1578,4.211933333333333,3.2660666666666662,2.3202,1.3743333333333334,1.264,1.1536666666666666,1.0433333333333334,0.933,0.8226666666666667,0.7962,0.7697333333333334,0.7432666666666667,0.7168,0.6903333333333334,0.6903333333333334,0.6903333333333334,0.6903333333333334,0.6903333333333334,0.6903333333333334,0.6272,0.5640666666666667,0.5009333333333333,0.4378,0.3746666666666667,0.3746666666666667,0.3746666666666667,0.3746666666666667,0.3746666666666667,0.3746666666666667,0.3746666666666667,0.3746666666666667,0.3746666666666667,0.3746666666666667,0.3746666666666667,0.3746666666666667,0.3746666666666667,0.3746666666666667,0.3746666666666667,0.3746666666666667
132,active,seeded,liquid,1,,,,,13.251,11.7084,10.1658,8.6232,7.0806000000000004,5.538,5.538,5.538,5.538,5.538,5.538,5.226866666666667,4.915733333333334,4.6046000000000005,4.293466666666667,3.9823333333333335,3.8288,3.6752666666666665,3.521733333333333,3.3682,3.214666666666666,3.214666666666666,3.214666666666666,3.214666666666666,3.214666666666666,3.214666666666666,3.1507333333333327,3.0867999999999993,3.0228666666666664,2.958933333333333,2.8949999999999996,2.8949999999999996,2.8949999999999996,2.8949999999999996,2.8949999999999996,2.8949999999999996,2.8949999999999996,2.8949999999999996,2.8949999999999996,2.8949999999999996,2.8949999999999996,2.8949999999999996,2.8949999999999996,2.8949999999999996,2.8949999999999996,2.8949999999999996
133,active,seeded,liquid,2,,,,,5.108333333333333,5.108333333333333,5.108333333333333,5.108333333333333,5.108333333333333,5.108333333333333,5.0502,4.992066666666667,4.933933333333333,4.8758,4.817666666666667,4.3412,3.8647333333333336,3.3882666666666665,2.9118,2.4353333333333333,2.2842000000000002,2.1330666666666667,1.9819333333333333,1.8308,1.6796666666666666,1.6796666666666666,1.6796666666666666,1.6796666666666666,1.6796666666666666,1.6796666666666666,1.6796666666666666,1.6796666666666666,1.6796666666666666,1.6796666666666666,1.6796666666666666,1.5932,1.5067333333333333,1.4202666666666666,1.3338,1.2473333333333334,1.2473333333333334,1.2473333333333334,1.2473333333333334,1.2473333333333334,1.2473333333333334,1.1696,1.0918666666666668,1.0141333333333333,0.9364,0.8586666666666667
134,active,seeded,liquid,3,,,,,11.065666666666667,10.525,9.984333333333334,9.443666666666667,8.903,8.362333333333334,7.905466666666667,7.4486,6.991733333333333,6.534866666666666,6.077999999999999,6.077999999999999,6.077999999999999,6.077999999999999,6.077999999999999,6.077999999999999,5.476666666666667,4.875333333333333,4.274,3.6726666666666667,3.0713333333333335,2.6487333333333334,2.2261333333333333,1.8035333333333337,1.3809333333333336,0.9583333333333334,0.9583333333333334,0.9583333333333334,0.9583333333333334,0.9583333333333334,0.9583333333333334,0.9021333333333333,0.8459333333333333,0.7897333333333334,0.7335333333333334,0.6773333333333333,0.6773333333333333,0.6773333333333333,0.6773333333333333,0.6773333333333333,0.6773333333333333,0.6773333333333333,0.6773333333333333,0.6773333333333333,0.6773333333333333,0.6773333333333333
135,active,seeded,liquid,4,,,,,10.083,9.412933333333333,8.742866666666666,8.0728,7.402733333333334,6.732666666666667,6.252,5.771333333333334,5.290666666666667,4.8100000000000005,4.3293333333333335,4.2405333333333335,4.1517333333333335,4.0629333333333335,3.974133333333333,3.885333333333333,3.5016666666666665,3.118,2.734333333333333,2.3506666666666662,1.9669999999999999,1.8626666666666665,1.7583333333333333,1.654,1.5496666666666665,1.4453333333333334,1.3114666666666668,1.1776,1.0437333333333334,0.9098666666666668,0.7760000000000001,0.7760000000000001,0.7760000000000001,0.7760000000000001,0.7760000000000001,0.7760000000000001,0.7760000000000001,0.7760000000000001,0.7760000000000001,0.7760000000000001,0.7760000000000001,0.7582000000000001,0.7404000000000001,0.7226,0.7048,0.6869999999999999
136,active,seeded,string,0,,,,,3.862666666666667,3.862666666666667,3.862666666666667,3.862666666666667,3.862666666666667,3.862666666666667,3.580066666666667,3.2974666666666668,3.014866666666667,2.732266666666667,2.449666666666667,2.449666666666667,2.449666666666667,2.449666666666667,2.449666666666667,2.449666666666667,2.449666666666667,2.449666666666667,2.449666666666667,2.449666666666667,2.449666666666667,2.2760000000000002,2.1023333333333336,1.9286666666666668,1.755,1.5813333333333333,1.4521333333333333,1.3229333333333333,1.1937333333333333,1.0645333333333333,0.9353333333333333,0.9353333333333333,0.9353333333333333,0.9353333333333333,0.9353333333333333,0.9353333333333333,0.9353333333333333,0.9353333333333333,0.9353333333333333,0.9353333333333333,0.9353333333333333,0.9204,0.9054666666666666,0.8905333333333333,0.8755999999999999,0.8606666666666666
137,active,seeded,string,1,,,,,5.0713333333333335,4.9822,4.893066666666667,4.803933333333333,4.7148,4.625666666666667,4.625666666666667,4.625666666666667,4.625666666666667,4.625666666666667,4.625666666666667,4.625666666666667,4.625666666666667,4.625666666666667,4.625666666666667,4.625666666666667,4.568133333333333,4.5106,4.4530666666666665,4.395533333333334,4.338,4.338,4.338,4.338,4.338,4.338,4.100466666666667,3.8629333333333333,3.6254,3.387866666666667,3.1503333333333337,2.9965333333333337,2.842733333333334,2.688933333333334,2.5351333333333335,2.3813333333333335,2.3813333333333335,2.3813333333333335,2.3813333333333335,2.3813333333333335,2.3813333333333335,2.3431333333333333,2.3049333333333335,2.2667333333333333,2.2285333333333335,2.1903333333333332
138,active,seeded,string,2,,,,,8.447000000000001,7.724666666666668,7.002333333333334,6.28,5.557666666666667,4.835333333333334,4.318533333333334,3.8017333333333334,3.284933333333333,2.768133333333333,2.251333333333333,2.1742666666666666,2.0972,2.0201333333333333,1.9430666666666665,1.8659999999999999,1.7304,1.5947999999999998,1.4591999999999998,1.3235999999999999,1.188,1.188,1.188,1.188,1.188,1.188,1.188,1.188,1.188,1.188,1.188,1.0662666666666667,0.9445333333333333,0.8228,0.7010666666666667,0.5793333333333334,0.5793333333333334,0.5793333333333334,0.5793333333333334,0.5793333333333334,0.5793333333333334,0.5793333333333334,0.5793333333333334,0.5793333333333334,0.5793333333333334,0.5793333333333334
139,active,seeded,string,3,,,,,6.154333333333334,5.5570666666666675,4.9598,4.362533333333333,3.765266666666667,3.1680000000000006,3.1680000000000006,3.1680000000000006,3.1680000000000006,3.1680000000000006,3.1680000000000006,3.1680000000000006,3.1680000000000006,3.1680000000000006,3.1680000000000006,3.1680000000000006,3.065266666666667,2.9625333333333335,2.8598,2.7570666666666668,2.654333333333333,2.4299999999999997,2.2056666666666667,1.9813333333333332,1.757,1.5326666666666666,1.5326666666666666,1.5326666666666666,1.5326666666666666,1.5326666666666666,1.5326666666666666,1.5326666666666666,1.5326666666666666,1.5326666666666666,1.5326666666666666,1.5326666666666666,1.4043333333333332,1.276,1.1476666666666666,1.0193333333333334,0.891,0.8405333333333334,0.7900666666666667,0.7396,0.6891333333333333,0.6386666666666666
140,active,seeded,string,4,,,,,4.0169999999999995,3.691733333333333,3.3664666666666663,3.0412,2.715933333333333,2.3906666666666667,2.3906666666666667,2.3906666666666667,2.3906666666666667,2.3906666666666667,2.3906666666666667,2.3906666666666667,2.3906666666666667,2.3906666666666667,2.3906666666666667,2.3906666666666667,2.1064666666666665,1.8222666666666667,1.5380666666666665,1.2538666666666665,0.9696666666666666,0.8894,0.8091333333333333,0.7288666666666667,0.6486000000000001,0.5683333333333334,0.5683333333333334,0.5683333333333334,0.5683333333333334,0.5683333333333334,0.5683333333333334,0.5547333333333333,0.5411333333333334,0.5275333333333333,0.5139333333333334,0.5003333333333333,0.5003333333333333,0.5003333333333333,0.5003333333333333,0.5003333333333333,0.5003333333333333,0.47746666666666665,0.45459999999999995,0.4317333333333333,0.4088666666666666,0.38599999999999995
141,active,seeded,membrane,0,,,,,5.2973333333333334,5.2973333333333334,5.2973333333333334,5.2973333333333334,5.2973333333333334,5.2973333333333334,5.2973333333333334,5.2973333333333334,5.2973333333333334,5.2973333333333334,5.2973333333333334,5.2973333333333334,5.2973333333333334,5.2973333333333334,5.2973333333333334,5.2973333333333334,4.770733333333333,4.244133333333334,3.717533333333334,3.1909333333333336,2.6643333333333334,2.6643333333333334,2.6643333333333334,2.6643333333333334,2.6643333333333334,2.6643333333333334,2.6643333333333334,2.6643333333333334,2.6643333333333334,2.6643333333333334,2.6643333333333334,2.491,2.3176666666666668,2.144333333333334,1.9710000000000003,1.797666666666667,1.797666666666667,1.797666666666667,1.797666666666667,1.797666666666667,1.797666666666667,1.7058666666666669,1.6140666666666668,1.5222666666666669,1.4304666666666668,1.3386666666666667
142,active,seeded,membrane,1,,,,,4.129666666666666,4.129666666666666,4.129666666666666,4.129666666666666,4.129666666666666,4.129666666666666,4.0822666666666665,4.034866666666667,3.9874666666666667,3.9400666666666666,3.892666666666667,3.8004000000000002,3.7081333333333335,3.615866666666667,3.5236,3.4313333333333333,3.159866666666667,2.8884,2.6169333333333333,2.345466666666667,2.074,1.8989999999999998,1.724,1.549,1.374,1.199,1.1962,1.1934,1.1905999999999999,1.1878,1.1849999999999998,1.1849999999999998,1.1849999999999998,1.1849999999999998,1.1849999999999998,1.1849999999999998,1.1746666666666665,1.1643333333333332,1.154,1.1436666666666666,1.1333333333333333,1.0710666666666666,1.0088,0.9465333333333333,0.8842666666666668,0.8220000000000001
143,active,seeded,membrane,2,,,,,10.405333333333333,9.422466666666667,8.4396,7.456733333333333,6.473866666666666,5.491,5.491,5.491,5.491,5.491,5.491,5.491,5.491,5.491,5.491,5.491,5.228866666666667,4.966733333333333,4.7046,4.442466666666666,4.1803333333333335,4.1803333333333335,4.1803333333333335,4.1803333333333335,4.1803333333333335,4.1803333333333335,4.061733333333334,3.9431333333333334,3.8245333333333336,3.7059333333333333,3.5873333333333335,3.393066666666667,3.1988000000000003,3.0045333333333337,2.8102666666666667,2.616,2.5263333333333335,2.436666666666667,2.3470000000000004,2.2573333333333334,2.167666666666667,2.075,1.9823333333333335,1.8896666666666668,1.797,1.7043333333333333
144,active,seeded,membrane,3,,,,,9.488666666666667,9.178066666666666,8.867466666666667,8.556866666666668,8.246266666666667,7.935666666666667,7.641800000000001,7.347933333333334,7.054066666666667,6.760200000000001,6.466333333333334,6.0406,5.614866666666667,5.189133333333333,4.7634,4.337666666666666,3.7807999999999997,3.223933333333333,2.667066666666667,2.1102000000000003,1.5533333333333335,1.5533333333333335,1.5533333333333335,1.5533333333333335,1.5533333333333335,1.5533333333333335,1.5237333333333334,1.4941333333333333,1.4645333333333335,1.4349333333333334,1.4053333333333333,1.3838,1.3622666666666665,1.3407333333333333,1.3192,1.2976666666666665,1.2976666666666665,1.2976666666666665,1.2976666666666665,1.2976666666666665,1.2976666666666665,1.2976666666666665,1.2976666666666665,1.2976666666666665,1.2976666666666665,1.2976666666666665
145,active,seeded,membrane,4,,,,,9.119666666666667,8.633266666666668,8.146866666666666,7.660466666666666,7.174066666666667,6.687666666666666,5.900399999999999,5.113133333333333,4.325866666666666,3.5385999999999997,2.751333333333333,2.751333333333333,2.751333333333333,2.751333333333333,2.751333333333333,2.751333333333333,2.751333333333333,2.751333333333333,2.751333333333333,2.751333333333333,2.751333333333333,2.751333333333333,2.751333333333333,2.751333333333333,2.751333333333333,2.751333333333333,2.6742,2.5970666666666666,2.519933333333333,2.4427999999999996,2.3656666666666664,2.3656666666666664,2.3656666666666664,2.3656666666666664,2.3656666666666664,2.3656666666666664,2.2676666666666665,2.1696666666666666,2.0716666666666663,1.9736666666666665,1.8756666666666666,1.8756666666666666,1.8756666666666666,1.8756666666666666,1.8756666666666666,1.8756666666666666
146,active,seeded,vesicle,0,,,,,6.9353333333333325,6.050133333333333,5.164933333333333,4.279733333333334,3.394533333333334,2.5093333333333336,2.5093333333333336,2.5093333333333336,2.5093333333333336,2.5093333333333336,2.5093333333333336,2.2755333333333336,2.0417333333333336,1.8079333333333336,1.5741333333333336,1.3403333333333336,1.311866666666667,1.2834000000000003,1.2549333333333335,1.2264666666666668,1.1980000000000002,1.1652000000000002,1.1324,1.0996000000000001,1.0668,1.034,1.034,1.034,1.034,1.034,1.034,1.034,1.034,1.034,1.034,1.034,1.034,1.034,1.034,1.034,1.034,1.034,1.034,1.034,1.034,1.034
147,active,seeded,vesicle,1,,,,,3.66,3.66,3.66,3.66,3.66,3.66,3.4398,3.2196,2.9993999999999996,2.7792,2.5589999999999997,2.5589999999999997,2.5589999999999997,2.5589999999999997,2.5589999999999997,2.5589999999999997,2.5159999999999996,2.473,2.4299999999999997,2.387,2.344,2.3371999999999997,2.3304,2.3236,2.3168,2.31,2.2518000000000002,2.1936,2.1354,2.0772,2.019,2.019,2.019,2.019,2.019,2.019,2.019,2.019,2.019,2.019,2.019,2.019,2.019,2.019,2.019,2.019
148,active,seeded,vesicle,2,,,,,6.383666666666667,5.914533333333333,5.4454,4.976266666666667,4.507133333333334,4.038,3.9054,3.7728,3.6402,3.5076,3.375,3.3260666666666667,3.2771333333333335,3.2281999999999997,3.1792666666666665,3.130333333333333,2.9838666666666667,2.8373999999999997,2.690933333333333,2.5444666666666667,2.3979999999999997,2.3979999999999997,2.3979999999999997,2.3979999999999997,2.3979999999999997,2.3979999999999997,2.3758,2.3536,2.3314,2.3092,2.2870000000000004,2.2870000000000004,2.2870000000000004,2.2870000000000004,2.2870000000000004,2.2870000000000004,2.2430000000000003,2.1990000000000003,2.1550000000000002,2.111,2.067,2.067,2.067,2.067,2.067,2.067
149,active,seeded,vesicle,3,,,,,9.373333333333333,8.0234,6.673466666666666,5.323533333333334,3.9736000000000002,2.6236666666666664,2.5328,2.441933333333333,2.3510666666666666,2.2601999999999998,2.1693333333333333,2.1693333333333333,2.1693333333333333,2.1693333333333333,2.1693333333333333,2.1693333333333333,2.1693333333333333,2.1693333333333333,2.1693333333333333,2.1693333333333333,2.1693333333333333,2.1170666666666667,2.0648,2.0125333333333333,1.9602666666666668,1.9080000000000001,1.8034666666666668,1.6989333333333334,1.5944000000000003,1.489866666666667,1.3853333333333335,1.3270666666666668,1.2688000000000001,1.2105333333333335,1.1522666666666668,1.094,1.094,1.094,1.094,1.094,1.094,1.094,1.094,1.094,1.094,1.094
150,active,seeded,vesicle,4,,,,,10.511333333333333,10.187266666666666,9.863199999999999,9.539133333333334,9.215066666666667,8.891,7.6782,6.4654,5.252599999999999,4.0398,2.827,2.5343333333333335,2.2416666666666667,1.949,1.6563333333333334,1.3636666666666668,1.3370000000000002,1.3103333333333336,1.2836666666666667,1.2570000000000001,1.2303333333333335,1.2303333333333335,1.2303333333333335,1.2303333333333335,1.2303333333333335,1.2303333333333335,1.2303333333333335,1.2303333333333335,1.2303333333333335,1.2303333333333335,1.2303333333333335,1.1349333333333336,1.0395333333333334,0.9441333333333334,0.8487333333333333,0.7533333333333333,0.7139333333333333,0.6745333333333333,0.6351333333333333,0.5957333333333333,0.5563333333333333,0.5563333333333333,0.5563333333333333,0.5563333333333333,0.5563333333333333,0.5563333333333333
151,active,seeded,wormlike micelle,0,,,,,6.206333333333333,6.0222,5.838066666666666,5.653933333333333,5.4698,5.285666666666667,4.958933333333333,4.6322,4.305466666666667,3.978733333333333,3.6519999999999997,3.4875999999999996,3.3232,3.1588,2.9943999999999997,2.83,2.83,2.83,2.83,2.83,2.83,2.7658666666666667,2.7017333333333333,2.6376000000000004,2.573466666666667,2.5093333333333336,2.5089333333333337,2.5085333333333337,2.5081333333333333,2.5077333333333334,2.5073333333333334,2.4716,2.4358666666666666,2.4001333333333337,2.3644000000000003,2.328666666666667,2.328666666666667,2.328666666666667,2.328666666666667,2.328666666666667,2.328666666666667,2.328666666666667,2.328666666666667,2.328666666666667,2.328666666666667,2.328666666666667
152,active,seeded,wormlike micelle,1,,,,,9.149666666666667,9.149666666666667,9.149666666666667,9.149666666666667,9.149666666666667,9.149666666666667,8.831133333333334,8.512599999999999,8.194066666666666,7.875533333333333,7.5569999999999995,7.5569999999999995,7.5569999999999995,7.5569999999999995,7.5569999999999995,7.5569999999999995,6.660799999999999,5.7646,4.868399999999999,3.9721999999999995,3.076,3.076,3.076,3.076,3.076,3.076,2.903,2.73,2.557,2.384,2.211,2.211,2.211,2.211,2.211,2.211,2.211,2.211,2.211,2.211,2.211,2.211,2.211,2.211,2.211,2.211
153,active,seeded,wormlike micelle,2,,,,,14.609,13.762066666666668,12.915133333333333,12.068200000000001,11.221266666666668,10.374333333333334,9.905600000000002,9.436866666666667,8.968133333333334,8.4994,8.030666666666667,8.030666666666667,8.030666666666667,8.030666666666667,8.030666666666667,8.030666666666667,7.2028,6.374933333333334,5.547066666666667,4.719200000000001,3.8913333333333333,3.6802,3.469066666666667,3.257933333333334,3.0468,2.835666666666667,2.835666666666667,2.835666666666667,2.835666666666667,2.835666666666667,2.835666666666667,2.835666666666667,2.835666666666667,2.835666666666667,2.835666666666667,2.835666666666667,2.835666666666667,2.835666666666667,2.835666666666667,2.835666666666667,2.835666666666667,2.3753333333333337,1.9150000000000003,1.4546666666666668,0.9943333333333335,0.534
154,active,seeded,wormlike micelle,3,,,,,8.152,7.993199999999999,7.8344,7.675599999999999,7.5168,7.358,7.0412,6.7244,6.4076,6.090800000000001,5.774000000000001,5.401733333333334,5.029466666666667,4.6572000000000005,4.284933333333333,3.9126666666666665,3.9126666666666665,3.9126666666666665,3.9126666666666665,3.9126666666666665,3.9126666666666665,3.8882666666666665,3.8638666666666666,3.8394666666666666,3.8150666666666666,3.7906666666666666,3.7612666666666668,3.731866666666667,3.7024666666666666,3.6730666666666667,3.643666666666667,3.643666666666667,3.643666666666667,3.643666666666667,3.643666666666667,3.643666666666667,3.6301333333333337,3.6166000000000005,3.603066666666667,3.5895333333333337,3.5760000000000005,3.5760000000000005,3.5760000000000005,3.5760000000000005,3.5760000000000005,3.5760000000000005
155,active,seeded,wormlike micelle,4,,,,,6.956333333333333,6.607066666666666,6.2578000000000005,5.908533333333334,5.559266666666668,5.210000000000001,4.821200000000001,4.4324,4.0436000000000005,3.6548000000000003,3.266,3.0890666666666666,2.9121333333333332,2.7352,2.558266666666667,2.3813333333333335,2.3813333333333335,2.3813333333333335,2.3813333333333335,2.3813333333333335,2.3813333333333335,2.3813333333333335,2.3813333333333335,2.3813333333333335,2.3813333333333335,2.3813333333333335,2.3813333333333335,2.3813333333333335,2.3813333333333335,2.3813333333333335,2.3813333333333335,2.369266666666667,2.3572,2.3451333333333335,2.333066666666667,2.321,2.321,2.321,2.321,2.321,2.321,2.3185333333333333,2.316066666666667,2.3136,2.3111333333333337,2.308666666666667
156,active,seeded,spherical micelle,0,,,,,8.451666666666666,8.049133333333334,7.646599999999999,7.244066666666667,6.8415333333333335,6.439,6.346266666666667,6.253533333333333,6.160799999999999,6.068066666666666,5.9753333333333325,5.9753333333333325,5.9753333333333325,5.9753333333333325,5.9753333333333325,5.9753333333333325,5.9753333333333325,5.9753333333333325,5.9753333333333325,5.9753333333333325,5.9753333333333325,5.786199999999999,5.597066666666666,5.407933333333332,5.2188,5.0296666666666665,4.951666666666666,4.873666666666667,4.7956666666666665,4.717666666666667,4.639666666666667,4.639666666666667,4.639666666666667,4.639666666666667,4.639666666666667,4.639666666666667,4.4834,4.327133333333333,4.170866666666667,4.0146,3.858333333333333,3.6131999999999995,3.3680666666666665,3.122933333333333,2.8777999999999997,2.6326666666666667
157,active,seeded,spherical micelle,1,,,,,9.107333333333333,8.218266666666667,7.3292,6.440133333333333,5.551066666666666,4.662,4.358466666666667,4.0549333333333335,3.7514,3.4478666666666666,3.1443333333333334,3.1443333333333334,3.1443333333333334,3.1443333333333334,3.1443333333333334,3.1443333333333334,3.1002,3.0560666666666667,3.011933333333334,2.9678000000000004,2.923666666666667,2.923666666666667,2.923666666666667,2.923666666666667,2.923666666666667,2.923666666666667,2.8836000000000004,2.8435333333333337,2.8034666666666674,2.7634000000000007,2.723333333333334,2.6348000000000007,2.546266666666667,2.4577333333333335,2.3691999999999998,2.2806666666666664,2.1962666666666664,2.111866666666667,2.0274666666666668,1.9430666666666667,1.858666666666667,1.858666666666667,1.858666666666667,1.858666666666667,1.858666666666667,1.858666666666667
158,active,seeded,spherical micelle,2,,,,,11.323333333333332,9.947933333333333,8.572533333333332,7.197133333333333,5.821733333333333,4.4463333333333335,4.321066666666667,4.1958,4.070533333333334,3.945266666666667,3.8200000000000003,3.8200000000000003,3.8200000000000003,3.8200000000000003,3.8200000000000003,3.8200000000000003,3.8200000000000003,3.8200000000000003,3.8200000000000003,3.8200000000000003,3.8200000000000003,3.8200000000000003,3.8200000000000003,3.8200000000000003,3.8200000000000003,3.8200000000000003,3.8200000000000003,3.8200000000000003,3.8200000000000003,3.8200000000000003,3.8200000000000003,3.8200000000000003,3.8200000000000003,3.8200000000000003,3.8200000000000003,3.8200000000000003,3.6027333333333336,3.385466666666667,3.1682,2.9509333333333334,2.7336666666666667,2.7336666666666667,2.7336666666666667,2.7336666666666667,2.7336666666666667,2.7336666666666667
159,active,seeded,spherical micelle,3,,,,,5.911333333333334,5.911333333333334,5.911333333333334,5.911333333333334,5.911333333333334,5.911333333333334,5.782466666666667,5.6536,5.524733333333334,5.395866666666667,5.2669999999999995,5.2669999999999995,5.2669999999999995,5.2669999999999995,5.2669999999999995,5.2669999999999995,5.1606,5.0542,4.9478,4.8414,4.735,4.2578000000000005,3.7806,3.3034,2.8262,2.3489999999999998,2.3489999999999998,2.3489999999999998,2.3489999999999998,2.3489999999999998,2.3489999999999998,2.3489999999999998,2.3489999999999998,2.3489999999999998,2.3489999999999998,2.3489999999999998,2.3489999999999998,2.3489999999999998,2.3489999999999998,2.3489999999999998,2.3489999999999998,2.3489999999999998,2.3489999999999998,2.3489999999999998,2.3489999999999998,2.3489999999999998
160,active,seeded,spherical micelle,4,,,,,7.2236666666666665,6.322266666666667,5.420866666666667,4.519466666666666,3.6180666666666665,2.716666666666667,2.6408,2.5649333333333333,2.489066666666667,2.4132000000000002,2.3373333333333335,2.2835333333333336,2.2297333333333333,2.1759333333333335,2.122133333333333,2.0683333333333334,2.0683333333333334,2.0683333333333334,2.0683333333333334,2.0683333333333334,2.0683333333333334,2.0683333333333334,2.0683333333333334,2.0683333333333334,2.0683333333333334,2.0683333333333334,2.038733333333333,2.009133333333333,1.9795333333333331,1.949933333333333,1.920333333333333,1.920333333333333,1.920333333333333,1.920333333333333,1.920333333333333,1.920333333333333,1.920333333333333,1.920333333333333,1.920333333333333,1.920333333333333,1.920333333333333,1.920333333333333,1.920333333333333,1.920333333333333,1.920333333333333,1.920333333333333
161,active,unseeded,liquid,0,,,,,12.415000000000001,12.081933333333334,11.748866666666666,11.415799999999999,11.082733333333332,10.749666666666664,10.749666666666664,10.749666666666664,10.749666666666664,10.749666666666664,10.749666666666664,10.282733333333331,9.815799999999998,9.348866666666666,8.881933333333333,8.415,7.984133333333332,7.553266666666666,7.122399999999999,6.691533333333333,6.260666666666666,6.260666666666666,6.260666666666666,6.260666666666666,6.260666666666666,6.260666666666666,6.1506,6.040533333333333,5.930466666666667,5.8204,5.710333333333334,5.710333333333334,5.710333333333334,5.710333333333334,5.710333333333334,5.710333333333334,5.710333333333334,5.710333333333334,5.710333333333334,5.710333333333334,5.710333333333334,5.710333333333334,5.710333333333334,5.710333333333334,5.710333333333334,5.710333333333334
162,active,unseeded,liquid,1,,,,,10.869666666666667,10.266066666666667,9.662466666666667,9.058866666666667,8.455266666666667,7.851666666666667,7.599266666666667,7.346866666666666,7.0944666666666665,6.842066666666666,6.589666666666666,5.809666666666667,5.0296666666666665,4.249666666666666,3.469666666666667,2.689666666666667,2.689666666666667,2.689666666666667,2.689666666666667,2.689666666666667,2.689666666666667,2.5911333333333335,2.4926000000000004,2.394066666666667,2.2955333333333336,2.197,2.197,2.197,2.197,2.197,2.197,2.197,2.197,2.197,2.197,2.197,2.197,2.197,2.197,2.197,2.197,2.1704666666666665,2.1439333333333335,2.1174,2.090866666666667,2.0643333333333334
163,active,unseeded,liquid,2,,,,,5.108333333333333,5.108333333333333,5.108333333333333,5.108333333333333,5.108333333333333,5.108333333333333,5.108333333333333,5.108333333333333,5.108333333333333,5.108333333333333,5.108333333333333,4.8112,4.5140666666666664,4.216933333333333,3.9198000000000004,3.622666666666667,3.4387333333333334,3.2548,3.0708666666666664,2.8869333333333334,2.703,2.6271999999999998,2.5513999999999997,2.4756,2.3998,2.324,2.2778,2.2316,2.1854,2.1391999999999998,2.093,2.0283333333333333,1.9636666666666667,1.899,1.8343333333333334,1.7696666666666667,1.7696666666666667,1.7696666666666667,1.7696666666666667,1.7696666666666667,1.7696666666666667,1.7696666666666667,1.7696666666666667,1.7696666666666667,1.7696666666666667,1.7696666666666667
164,active,unseeded,liquid,3,,,,,7.756666666666667,7.3895333333333335,7.0224,6.655266666666666,6.288133333333333,5.920999999999999,5.920999999999999,5.920999999999999,5.920999999999999,5.920999999999999,5.920999999999999,5.920999999999999,5.920999999999999,5.920999999999999,5.920999999999999,5.920999999999999,5.411266666666666,4.901533333333333,4.3918,3.8820666666666668,3.3723333333333336,3.3723333333333336,3.3723333333333336,3.3723333333333336,3.3723333333333336,3.3723333333333336,3.3723333333333336,3.3723333333333336,3.3723333333333336,3.3723333333333336,3.3723333333333336,3.215466666666667,3.0586,2.9017333333333335,2.7448666666666663,2.5879999999999996,2.5879999999999996,2.5879999999999996,2.5879999999999996,2.5879999999999996,2.5879999999999996,2.5879999999999996,2.5879999999999996,2.5879999999999996,2.5879999999999996,2.5879999999999996
165,active,unseeded,liquid,4,,,,,7.679333333333333,7.507533333333333,7.335733333333333,7.163933333333333,6.992133333333333,6.820333333333333,6.820333333333333,6.820333333333333,6.820333333333333,6.820333333333333,6.820333333333333,6.3598,5.899266666666667,5.438733333333333,4.9782,4.517666666666667,4.517666666666667,4.517666666666667,4.517666666666667,4.517666666666667,4.517666666666667,3.8111333333333333,3.1046,2.398066666666667,1.6915333333333331,0.985,0.985,0.985,0.985,0.985,0.985,0.985,0.985,0.985,0.985,0.985,0.985,0.985,0.985,0.985,0.985,0.985,0.985,0.985,0.985,0.985
166,active,unseeded,string,0,,,,,5.858666666666667,5.831333333333334,5.804,5.776666666666667,5.749333333333333,5.722,5.238066666666667,4.754133333333334,4.2702,3.7862666666666667,3.3023333333333333,3.3023333333333333,3.3023333333333333,3.3023333333333333,3.3023333333333333,3.3023333333333333,3.1923333333333335,3.082333333333333,2.9723333333333333,2.862333333333333,2.752333333333333,2.752333333333333,2.752333333333333,2.752333333333333,2.752333333333333,2.752333333333333,2.752333333333333,2.752333333333333,2.752333333333333,2.752333333333333,2.752333333333333,2.752333333333333,2.752333333333333,2.752333333333333,2.752333333333333,2.752333333333333,2.752333333333333,2.752333333333333,2.752333333333333,2.752333333333333,2.752333333333333,2.752333333333333,2.752333333333333,2.752333333333333,2.752333333333333,2.752333333333333
167,active,unseeded,string,1,,,,,7.977666666666667,7.977666666666667,7.977666666666667,7.977666666666667,7.977666666666667,7.977666666666667,7.7966,7.6155333333333335,7.434466666666666,7.2534,7.072333333333333,7.072333333333333,7.072333333333333,7.072333333333333,7.072333333333333,7.072333333333333,7.0684,7.064466666666666,7.060533333333333,7.0565999999999995,7.052666666666666,7.052666666666666,7.052666666666666,7.052666666666666,7.052666666666666,7.052666666666666,6.6998,6.346933333333333,5.994066666666667,5.6411999999999995,5.288333333333333,5.2514666666666665,5.2146,5.177733333333333,5.140866666666667,5.104,5.104,5.104,5.104,5.104,5.104,5.104,5.104,5.104,5.104,5.104
168,active,unseeded,string,2,,,,,10.266333333333334,9.321,8.375666666666667,7.4303333333333335,6.484999999999999,5.539666666666666,4.771599999999999,4.003533333333333,3.2354666666666665,2.4674,1.6993333333333336,1.6993333333333336,1.6993333333333336,1.6993333333333336,1.6993333333333336,1.6993333333333336,1.677266666666667,1.6552000000000002,1.6331333333333335,1.6110666666666669,1.5890000000000002,1.4728,1.3566,1.2404000000000002,1.1242,1.008,1.008,1.008,1.008,1.008,1.008,1.008,1.008,1.008,1.008,1.008,1.008,1.008,1.008,1.008,1.008,0.9421333333333334,0.8762666666666666,0.8104,0.7445333333333333,0.6786666666666666
169,active,unseeded,string,3,,,,,10.632,10.632,10.632,10.632,10.632,10.632,10.2432,9.8544,9.4656,9.0768,8.688,8.233466666666667,7.778933333333334,7.3244,6.869866666666667,6.415333333333333,6.374933333333333,6.334533333333333,6.294133333333334,6.253733333333334,6.213333333333334,6.023333333333333,5.833333333333333,5.643333333333333,5.453333333333333,5.263333333333333,5.263333333333333,5.263333333333333,5.263333333333333,5.263333333333333,5.263333333333333,5.263333333333333,5.263333333333333,5.263333333333333,5.263333333333333,5.263333333333333,5.210066666666666,5.1568,5.103533333333333,5.0502666666666665,4.997,4.997,4.997,4.997,4.997,4.997
170,active,unseeded,string,4,,,,,7.619333333333333,7.505266666666666,7.3911999999999995,7.277133333333333,7.1630666666666665,7.0489999999999995,6.331133333333333,5.613266666666666,4.8954,4.177533333333334,3.459666666666667,3.2519333333333336,3.0442,2.8364666666666665,2.6287333333333334,2.421,2.421,2.421,2.421,2.421,2.421,2.363,2.305,2.247,2.189,2.1310000000000002,2.1310000000000002,2.1310000000000002,2.1310000000000002,2.1310000000000002,2.1310000000000002,2.1310000000000002,2.1310000000000002,2.1310000000000002,2.1310000000000002,2.1310000000000002,2.0680666666666667,2.0051333333333337,1.9422000000000001,1.8792666666666666,1.8163333333333334,1.7372666666666667,1.6582000000000001,1.5791333333333335,1.5000666666666667,1.421
171,active,unseeded,membrane,0,,,,,5.2973333333333334,5.209733333333333,5.122133333333333,5.034533333333333,4.946933333333333,4.859333333333333,4.859333333333333,4.859333333333333,4.859333333333333,4.859333333333333,4.859333333333333,4.859333333333333,4.859333333333333,4.859333333333333,4.859333333333333,4.859333333333333,4.859333333333333,4.859333333333333,4.859333333333333,4.859333333333333,4.859333333333333,4.859333333333333,4.859333333333333,4.859333333333333,4.859333333333333,4.859333333333333,4.859333333333333,4.859333333333333,4.859333333333333,4.859333333333333,4.859333333333333,4.859333333333333,4.859333333333333,4.859333333333333,4.859333333333333,4.859333333333333,4.859333333333333,4.859333333333333,4.859333333333333,4.859333333333333,4.859333333333333,4.736599999999999,4.613866666666667,4.491133333333333,4.3684,4.245666666666667
172,active,unseeded,membrane,1,,,,,4.129666666666666,4.129666666666666,4.129666666666666,4.129666666666666,4.129666666666666,4.129666666666666,4.129666666666666,4.129666666666666,4.129666666666666,4.129666666666666,4.129666666666666,4.129666666666666,4.129666666666666,4.129666666666666,4.129666666666666,4.129666666666666,3.7553333333333327,3.381,3.0066666666666664,2.6323333333333334,2.258,2.2169333333333334,2.175866666666667,2.1348,2.0937333333333332,2.0526666666666666,2.0526666666666666,2.0526666666666666,2.0526666666666666,2.0526666666666666,2.0526666666666666,2.0526666666666666,2.0526666666666666,2.0526666666666666,2.0526666666666666,2.0526666666666666,2.0526666666666666,2.0526666666666666,2.0526666666666666,2.0526666666666666,2.0526666666666666,2.0526666666666666,2.0526666666666666,2.0526666666666666,2.0526666666666666,2.0526666666666666
173,active,unseeded,membrane,2,,,,,5.599333333333334,4.848733333333334,4.098133333333333,3.3475333333333337,2.5969333333333333,1.8463333333333332,1.6963333333333332,1.5463333333333331,1.3963333333333332,1.2463333333333333,1.0963333333333334,1.0963333333333334,1.0963333333333334,1.0963333333333334,1.0963333333333334,1.0963333333333334,1.0660666666666667,1.0358,1.0055333333333334,0.9752666666666666,0.945,0.945,0.945,0.945,0.945,0.945,0.945,0.945,0.945,0.945,0.945,0.9199999999999999,0.8949999999999999,0.8699999999999999,0.845,0.82,0.82,0.82,0.82,0.82,0.82,0.7899333333333333,0.7598666666666666,0.7298,0.6997333333333333,0.6696666666666666
174,active,unseeded,membrane,3,,,,,9.488666666666667,9.476733333333334,9.4648,9.452866666666667,9.440933333333334,9.429,8.374866666666668,7.320733333333334,6.2666,5.212466666666668,4.158333333333334,4.042466666666668,3.9266000000000005,3.8107333333333337,3.694866666666667,3.579,3.579,3.579,3.579,3.579,3.579,3.571266666666667,3.5635333333333334,3.5558,3.5480666666666667,3.5403333333333333,3.5403333333333333,3.5403333333333333,3.5403333333333333,3.5403333333333333,3.5403333333333333,3.4667333333333334,3.393133333333333,3.3195333333333332,3.245933333333333,3.172333333333333,3.172333333333333,3.172333333333333,3.172333333333333,3.172333333333333,3.172333333333333,3.1691999999999996,3.1660666666666666,3.162933333333333,3.1598,3.1566666666666667
175,active,unseeded,membrane,4,,,,,7.202000000000001,6.813533333333334,6.425066666666667,6.0366,5.648133333333334,5.259666666666667,5.259666666666667,5.259666666666667,5.259666666666667,5.259666666666667,5.259666666666667,4.5056666666666665,3.751666666666667,2.9976666666666665,2.2436666666666665,1.4896666666666667,1.4032666666666667,1.3168666666666666,1.2304666666666666,1.1440666666666668,1.0576666666666668,1.0576666666666668,1.0576666666666668,1.0576666666666668,1.0576666666666668,1.0576666666666668,0.9854666666666667,0.9132666666666667,0.8410666666666667,0.7688666666666667,0.6966666666666667,0.6966666666666667,0.6966666666666667,0.6966666666666667,0.6966666666666667,0.6966666666666667,0.6966666666666667,0.6966666666666667,0.6966666666666667,0.6966666666666667,0.6966666666666667,0.6966666666666667,0.6966666666666667,0.6966666666666667,0.6966666666666667,0.6966666666666667
176,active,unseeded,vesicle,0,,,,,6.9353333333333325,6.735533333333333,6.535733333333333,6.335933333333333,6.136133333333333,5.936333333333334,5.5822666666666665,5.2282,4.874133333333333,4.520066666666667,4.1659999999999995,4.1659999999999995,4.1659999999999995,4.1659999999999995,4.1659999999999995,4.1659999999999995,4.1659999999999995,4.1659999999999995,4.1659999999999995,4.1659999999999995,4.1659999999999995,4.1659999999999995,4.1659999999999995,4.1659999999999995,4.1659999999999995,4.1659999999999995,4.081533333333333,3.997066666666666,3.9125999999999994,3.828133333333333,3.7436666666666665,3.7436666666666665,3.7436666666666665,3.7436666666666665,3.7436666666666665,3.7436666666666665,3.4390666666666667,3.1344666666666665,2.8298666666666668,2.525266666666667,2.220666666666667,2.220666666666667,2.220666666666667,2.220666666666667,2.220666666666667,2.220666666666667
177,active,unseeded,vesicle,1,,,,,3.66,3.66,3.66,3.66,3.66,3.66,3.5014,3.3428,3.1841999999999997,3.0256,2.8669999999999995,2.8669999999999995,2.8669999999999995,2.8669999999999995,2.8669999999999995,2.8669999999999995,2.8669999999999995,2.8669999999999995,2.8669999999999995,2.8669999999999995,2.8669999999999995,2.8669999999999995,2.8669999999999995,2.8669999999999995,2.8669999999999995,2.8669999999999995,2.8669999999999995,2.8669999999999995,2.8669999999999995,2.8669999999999995,2.8669999999999995,2.730266666666666,2.593533333333333,2.4567999999999994,2.3200666666666665,2.183333333333333,2.1156666666666664,2.048,1.9803333333333333,1.9126666666666665,1.845,1.845,1.845,1.845,1.845,1.845
178,active,unseeded,vesicle,2,,,,,5.061,4.7254000000000005,4.3898,4.0542,3.7186000000000003,3.3830000000000005,3.271666666666667,3.1603333333333334,3.049,2.9376666666666664,2.826333333333333,2.826333333333333,2.826333333333333,2.826333333333333,2.826333333333333,2.826333333333333,2.826333333333333,2.826333333333333,2.826333333333333,2.826333333333333,2.826333333333333,2.785533333333333,2.744733333333333,2.703933333333333,2.663133333333333,2.622333333333333,2.622333333333333,2.622333333333333,2.622333333333333,2.622333333333333,2.622333333333333,2.622333333333333,2.622333333333333,2.622333333333333,2.622333333333333,2.622333333333333,2.622333333333333,2.622333333333333,2.622333333333333,2.622333333333333,2.622333333333333,2.5505999999999998,2.4788666666666668,2.4071333333333333,2.3354000000000004,2.263666666666667
179,active,unseeded,vesicle,3,,,,,9.373333333333333,9.224466666666666,9.0756,8.926733333333333,8.777866666666666,8.629,8.5184,8.4078,8.2972,8.1866,8.076,8.076,8.076,8.076,8.076,8.076,8.076,8.076,8.076,8.076,8.076,7.718066666666667,7.360133333333334,7.0022,6.644266666666668,6.286333333333334,5.941200000000001,5.596066666666667,5.250933333333334,4.905800000000001,4.560666666666667,4.560666666666667,4.560666666666667,4.560666666666667,4.560666666666667,4.560666666666667,4.560666666666667,4.560666666666667,4.560666666666667,4.560666666666667,4.560666666666667,4.560666666666667,4.560666666666667,4.560666666666667,4.560666666666667,4.560666666666667
180,active,unseeded,vesicle,4,,,,,7.961333333333333,7.326466666666667,6.691599999999999,6.056733333333333,5.421866666666666,4.787,4.787,4.787,4.787,4.787,4.787,4.5706,4.3542000000000005,4.1378,3.9214,3.7050000000000005,3.7050000000000005,3.7050000000000005,3.7050000000000005,3.7050000000000005,3.7050000000000005,3.476666666666667,3.2483333333333335,3.0200000000000005,2.791666666666667,2.5633333333333335,2.5633333333333335,2.5633333333333335,2.5633333333333335,2.5633333333333335,2.5633333333333335,2.5633333333333335,2.5633333333333335,2.5633333333333335,2.5633333333333335,2.5633333333333335,2.5633333333333335,2.5633333333333335,2.5633333333333335,2.5633333333333335,2.5633333333333335,2.533,2.502666666666667,2.4723333333333333,2.442,2.4116666666666666
181,active,unseeded,wormlike micelle,0,,,,,3.596,3.596,3.596,3.596,3.596,3.596,3.4911333333333334,3.3862666666666668,3.2814,3.1765333333333334,3.0716666666666668,3.041,3.010333333333333,2.9796666666666667,2.949,2.918333333333333,2.764333333333333,2.610333333333333,2.4563333333333333,2.3023333333333333,2.1483333333333334,2.122866666666667,2.0974000000000004,2.0719333333333334,2.046466666666667,2.0210000000000004,2.0210000000000004,2.0210000000000004,2.0210000000000004,2.0210000000000004,2.0210000000000004,2.019533333333334,2.018066666666667,2.0166000000000004,2.0151333333333334,2.013666666666667,1.9867333333333337,1.9598000000000002,1.932866666666667,1.9059333333333335,1.8790000000000002,1.8674000000000002,1.8558000000000001,1.8442,1.8326,1.821
182,active,unseeded,wormlike micelle,1,,,,,9.149666666666667,9.149666666666667,9.149666666666667,9.149666666666667,9.149666666666667,9.149666666666667,8.881466666666666,8.613266666666666,8.345066666666668,8.076866666666668,7.808666666666667,7.808666666666667,7.808666666666667,7.808666666666667,7.808666666666667,7.808666666666667,7.808666666666667,7.808666666666667,7.808666666666667,7.808666666666667,7.808666666666667,7.582800000000001,7.356933333333334,7.131066666666667,6.9052,6.679333333333333,6.6701999999999995,6.661066666666667,6.651933333333333,6.6428,6.633666666666667,6.430466666666667,6.227266666666667,6.024066666666667,5.820866666666667,5.6176666666666675,5.533533333333334,5.449400000000001,5.365266666666667,5.281133333333334,5.197,5.113133333333333,5.0292666666666666,4.945399999999999,4.861533333333333,4.777666666666666
183,active,unseeded,wormlike micelle,2,,,,,11.849000000000002,11.154866666666669,10.460733333333334,9.7666,9.072466666666667,8.378333333333332,8.104866666666666,7.831399999999999,7.557933333333333,7.284466666666666,7.010999999999999,6.9147333333333325,6.818466666666666,6.7222,6.625933333333333,6.5296666666666665,6.011533333333333,5.493399999999999,4.975266666666666,4.457133333333333,3.939,3.939,3.939,3.939,3.939,3.939,3.939,3.939,3.939,3.939,3.939,3.5225333333333335,3.1060666666666665,2.6896,2.273133333333333,1.8566666666666667,1.7556666666666667,1.6546666666666667,1.5536666666666665,1.4526666666666666,1.3516666666666666,1.3516666666666666,1.3516666666666666,1.3516666666666666,1.3516666666666666,1.3516666666666666
184,active,unseeded,wormlike micelle,3,,,,,8.152,7.614933333333333,7.077866666666667,6.5408,6.003733333333334,5.466666666666668,5.466666666666668,5.466666666666668,5.466666666666668,5.466666666666668,5.466666666666668,5.141533333333334,4.816400000000001,4.491266666666667,4.166133333333333,3.8409999999999997,3.8409999999999997,3.8409999999999997,3.8409999999999997,3.8409999999999997,3.8409999999999997,3.8409999999999997,3.8409999999999997,3.8409999999999997,3.8409999999999997,3.8409999999999997,3.8409999999999997,3.8409999999999997,3.8409999999999997,3.8409999999999997,3.8409999999999997,3.7329999999999997,3.625,3.517,3.4090000000000003,3.301,3.301,3.301,3.301,3.301,3.301,3.301,3.301,3.301,3.301,3.301
185,active,unseeded,wormlike micelle,4,,,,,6.219000000000001,6.091733333333335,5.9644666666666675,5.837200000000001,5.709933333333334,5.582666666666667,5.098000000000001,4.613333333333333,4.128666666666667,3.644,3.159333333333333,3.074333333333333,2.989333333333333,2.9043333333333337,2.8193333333333337,2.7343333333333337,2.6798,2.625266666666667,2.5707333333333335,2.5162000000000004,2.461666666666667,2.4516666666666667,2.441666666666667,2.4316666666666666,2.421666666666667,2.4116666666666666,2.4116666666666666,2.4116666666666666,2.4116666666666666,2.4116666666666666,2.4116666666666666,2.4116666666666666,2.4116666666666666,2.4116666666666666,2.4116666666666666,2.4116666666666666,2.4116666666666666,2.4116666666666666,2.4116666666666666,2.4116666666666666,2.4116666666666666,2.4116666666666666,2.4116666666666666,2.4116666666666666,2.4116666666666666,2.4116666666666666
186,active,unseeded,spherical micelle,0,,,,,7.1436666666666655,6.9142666666666655,6.684866666666665,6.455466666666666,6.226066666666666,5.996666666666666,5.820533333333333,5.644399999999999,5.468266666666667,5.292133333333333,5.116,4.851533333333333,4.587066666666667,4.3225999999999996,4.058133333333333,3.7936666666666667,3.7936666666666667,3.7936666666666667,3.7936666666666667,3.7936666666666667,3.7936666666666667,3.7936666666666667,3.7936666666666667,3.7936666666666667,3.7936666666666667,3.7936666666666667,3.6814,3.5691333333333333,3.4568666666666665,3.3446000000000002,3.2323333333333335,3.2304000000000004,3.228466666666667,3.2265333333333337,3.2246,3.222666666666667,3.222666666666667,3.222666666666667,3.222666666666667,3.222666666666667,3.222666666666667,3.218066666666667,3.213466666666667,3.2088666666666668,3.204266666666667,3.199666666666667
187,active,unseeded,spherical micelle,1,,,,,8.621,7.964066666666667,7.307133333333334,6.6502,5.993266666666667,5.336333333333333,4.678066666666666,4.0198,3.361533333333333,2.7032666666666665,2.045,1.9838666666666667,1.9227333333333334,1.8616000000000001,1.8004666666666667,1.7393333333333334,1.7186666666666668,1.6980000000000002,1.6773333333333333,1.6566666666666667,1.6360000000000001,1.6360000000000001,1.6360000000000001,1.6360000000000001,1.6360000000000001,1.6360000000000001,1.6360000000000001,1.6360000000000001,1.6360000000000001,1.6360000000000001,1.6360000000000001,1.6360000000000001,1.6360000000000001,1.6360000000000001,1.6360000000000001,1.6360000000000001,1.6360000000000001,1.6360000000000001,1.6360000000000001,1.6360000000000001,1.6360000000000001,1.6360000000000001,1.6360000000000001,1.6360000000000001,1.6360000000000001,1.6360000000000001
188,active,unseeded,spherical micelle,2,,,,,11.323333333333332,11.095066666666666,10.8668,10.638533333333333,10.410266666666667,10.182,9.795933333333334,9.409866666666668,9.023800000000001,8.637733333333333,8.251666666666667,7.7724,7.2931333333333335,6.813866666666668,6.334600000000001,5.855333333333334,5.752066666666668,5.648800000000001,5.545533333333334,5.442266666666668,5.339000000000001,5.339000000000001,5.339000000000001,5.339000000000001,5.339000000000001,5.339000000000001,4.960400000000001,4.581800000000001,4.203200000000001,3.8246,3.446,3.3718000000000004,3.2976000000000005,3.2234000000000003,3.1492000000000004,3.0750000000000006,3.0750000000000006,3.0750000000000006,3.0750000000000006,3.0750000000000006,3.0750000000000006,3.0750000000000006,3.0750000000000006,3.0750000000000006,3.0750000000000006,3.0750000000000006
189,active,unseeded,spherical micelle,3,,,,,5.911333333333334,5.187266666666668,4.4632000000000005,3.7391333333333336,3.015066666666667,2.291,2.291,2.291,2.291,2.291,2.291,2.291,2.291,2.291,2.291,2.291,2.2785333333333333,2.2660666666666667,2.2536,2.2411333333333334,2.228666666666667,2.228666666666667,2.228666666666667,2.228666666666667,2.228666666666667,2.228666666666667,2.228666666666667,2.228666666666667,2.228666666666667,2.228666666666667,2.228666666666667,2.228666666666667,2.228666666666667,2.228666666666667,2.228666666666667,2.228666666666667,2.228666666666667,2.228666666666667,2.228666666666667,2.228666666666667,2.228666666666667,2.2265333333333333,2.2244,2.2222666666666666,2.2201333333333335,2.218
190,active,unseeded,spherical micelle,4,,,,,6.711666666666667,6.688866666666667,6.666066666666667,6.643266666666666,6.620466666666666,6.597666666666666,6.5126,6.427533333333334,6.342466666666667,6.2574000000000005,6.172333333333334,6.0726666666666675,5.973000000000001,5.873333333333334,5.773666666666667,5.674,5.674,5.674,5.674,5.674,5.674,5.671666666666667,5.669333333333333,5.667000000000001,5.664666666666667,5.662333333333334,5.563466666666667,5.4646,5.365733333333334,5.266866666666667,5.168,5.168,5.168,5.168,5.168,5.168,5.1096,5.051200000000001,4.9928,4.9344,4.876,4.849600000000001,4.8232,4.7968,4.7703999999999995,4.744
191,evolutionary,seeded,liquid,0,,,,,11.443999999999997,10.714444444444442,9.984888888888888,9.255333333333333,8.197416666666665,7.1395,6.081583333333333,5.023666666666666,4.254888888888889,3.4861111111111107,2.717333333333333,2.717333333333333,2.717333333333333,2.5998333333333328,2.482333333333333,2.1214999999999997,1.7606666666666666,1.4675,1.1743333333333335,1.0761666666666667,0.9779999999999999,0.9779999999999999,0.9779999999999999,0.9779999999999999,0.9779999999999999,0.9779999999999999,0.9779999999999999,0.9779999999999999,0.9779999999999999,0.9779999999999999,0.9779999999999999,0.9779999999999999,0.9779999999999999,0.9779999999999999,0.8788333333333332,0.7796666666666666,0.7796666666666666,0.7796666666666666,0.638,0.638,0.638,0.638,0.638,0.638,0.638,0.638
192,evolutionary,seeded,liquid,1,,,,,15.639666666666665,10.296999999999999,5.486999999999999,5.486999999999999,5.486999999999999,3.732666666666667,2.3063333333333333,1.2233333333333334,1.0518333333333334,0.8803333333333333,0.8803333333333333,0.8803333333333333,0.8803333333333333,0.8803333333333333,0.8803333333333333,0.8803333333333333,0.8803333333333333,0.8803333333333333,0.8803333333333333,0.7853333333333333,0.7853333333333333,0.7000000000000001,0.7000000000000001,0.7000000000000001,0.7000000000000001,0.7000000000000001,0.7000000000000001,0.7000000000000001,0.7000000000000001,0.7000000000000001,0.7000000000000001,0.7000000000000001,0.7000000000000001,0.7000000000000001,0.7000000000000001,0.7000000000000001,0.7000000000000001,0.7000000000000001,0.7000000000000001,,,,,,,
193,evolutionary,seeded,liquid,2,,,,,7.6176666666666675,7.024111111111112,6.430555555555555,5.837,3.1799999999999997,1.7363333333333333,1.5723333333333334,1.4083333333333332,1.2443333333333333,1.2443333333333333,1.2443333333333333,1.2443333333333333,1.2443333333333333,1.2443333333333333,1.2443333333333333,1.2443333333333333,1.2443333333333333,1.2443333333333333,0.93,0.93,0.93,0.93,0.93,0.93,0.93,0.781,0.632,0.632,0.632,0.632,0.632,0.632,0.632,0.632,0.632,0.632,0.632,0.632,0.632,0.632,0.632,0.632,0.632,0.632,0.632,
194,evolutionary,seeded,liquid,3,,,,,9.373666666666667,8.879111111111111,8.384555555555556,7.890000000000001,6.175111111111112,4.460222222222223,2.7453333333333334,1.9138333333333333,1.0823333333333334,0.9158333333333334,0.7493333333333334,0.7493333333333334,0.7043333333333334,0.7043333333333334,0.7043333333333334,0.7043333333333334,0.7043333333333334,0.7043333333333334,0.7043333333333334,0.7043333333333334,0.7043333333333334,0.6343333333333333,0.6343333333333333,0.6343333333333333,0.6343333333333333,0.6343333333333333,0.6343333333333333,0.6343333333333333,0.6343333333333333,0.6343333333333333,0.6343333333333333,0.6343333333333333,0.6343333333333333,0.6343333333333333,0.6343333333333333,0.6343333333333333,0.6343333333333333,0.6343333333333333,0.6343333333333333,0.6343333333333333,0.6343333333333333,0.6343333333333333,,,,
195,evolutionary,seeded,liquid,4,,,,,9.472333333333333,9.472333333333333,7.056333333333334,5.495666666666667,3.935,2.1203333333333334,2.0285,1.9366666666666668,1.7956666666666665,1.4806666666666668,1.4371666666666667,1.3936666666666666,1.3936666666666666,1.2271666666666665,1.0606666666666664,1.016333333333333,0.9719999999999999,0.9276666666666666,0.9276666666666666,0.885,0.8423333333333334,0.8423333333333334,0.7113333333333333,0.7113333333333333,0.7113333333333333,0.7113333333333333,0.7113333333333333,0.7113333333333333,0.501,0.501,0.501,0.501,0.501,0.501,0.501,0.501,0.501,0.501,0.501,0.501,0.501,0.501,,,,
196,evolutionary,seeded,string,0,,,,,6.743666666666667,6.622888888888889,6.502111111111111,6.381333333333333,6.21425,6.0471666666666675,5.880083333333334,5.713000000000001,5.713000000000001,5.713000000000001,5.713000000000001,5.622444444444445,5.531888888888889,5.441333333333333,5.441333333333333,5.220166666666666,4.999,4.999,4.999,4.98,4.961,4.942500000000001,4.924,4.924,4.709444444444445,4.494888888888889,4.280333333333334,4.010000000000001,3.7396666666666674,3.4693333333333336,3.1990000000000003,3.1990000000000003,3.1990000000000003,2.986333333333333,2.986333333333333,2.986333333333333,2.986333333333333,2.986333333333333,2.9545,2.9226666666666667,2.9226666666666667,2.9226666666666667,2.9226666666666667,2.9226666666666667,2.9226666666666667,2.9226666666666667
197,evolutionary,seeded,string,1,,,,,3.669333333333333,1.7146666666666668,1.7146666666666668,1.7146666666666668,1.7146666666666668,1.7146666666666668,0.3986666666666667,0.3986666666666667,0.3986666666666667,0.3986666666666667,0.38466666666666666,0.38466666666666666,0.38466666666666666,0.38466666666666666,0.38466666666666666,0.38466666666666666,0.3415,0.29833333333333334,0.29833333333333334,0.29833333333333334,0.29833333333333334,0.29833333333333334,0.23466666666666666,0.23466666666666666,0.23466666666666666,0.23466666666666666,0.23466666666666666,0.23466666666666666,0.23466666666666666,0.165,0.165,0.165,0.165,0.165,0.165,0.165,0.165,0.165,0.165,,,,,,,
198,evolutionary,seeded,string,2,,,,,7.3806666666666665,6.593,5.8053333333333335,4.722222222222222,3.639111111111111,2.556,2.556,2.0493333333333332,1.5388888888888888,1.0284444444444445,0.518,0.518,0.5053333333333333,0.49266666666666664,0.49266666666666664,0.49266666666666664,0.49266666666666664,0.49266666666666664,0.49266666666666664,0.49266666666666664,0.49266666666666664,0.49266666666666664,0.49266666666666664,0.49266666666666664,0.49266666666666664,0.49266666666666664,0.49266666666666664,0.49266666666666664,0.49266666666666664,0.49266666666666664,0.49266666666666664,0.49266666666666664,0.49266666666666664,0.49266666666666664,0.49266666666666664,0.49266666666666664,0.49266666666666664,0.49266666666666664,0.49266666666666664,0.49266666666666664,0.49266666666666664,0.49266666666666664,0.49266666666666664,0.49266666666666664,0.3406666666666667,0.3406666666666667
199,evolutionary,seeded,string,3,,,,,7.906999999999999,7.906999999999999,7.411333333333334,6.163833333333335,4.916333333333334,3.2485000000000004,1.5806666666666667,1.5806666666666667,0.49833333333333335,0.49833333333333335,0.49833333333333335,0.49833333333333335,0.49833333333333335,0.49833333333333335,0.49833333333333335,0.49833333333333335,0.49833333333333335,0.49833333333333335,0.49833333333333335,0.4043333333333334,0.4043333333333334,0.4043333333333334,0.4043333333333334,0.4043333333333334,0.4043333333333334,0.4043333333333334,0.4043333333333334,0.4043333333333334,0.38033333333333336,0.38033333333333336,0.38033333333333336,0.38033333333333336,0.38033333333333336,0.38033333333333336,0.38033333333333336,0.38033333333333336,0.38033333333333336,0.38033333333333336,,,,,,,,
200,evolutionary,seeded,string,4,,,,,5.104333333333333,4.323666666666667,3.5430000000000006,3.5430000000000006,3.5430000000000006,1.7843333333333333,1.3118333333333334,0.8393333333333333,0.8393333333333333,0.8393333333333333,0.8393333333333333,0.8393333333333333,0.8393333333333333,0.8393333333333333,0.8393333333333333,0.8393333333333333,0.8393333333333333,0.8393333333333333,0.8393333333333333,0.6568333333333333,0.47433333333333333,0.47433333333333333,0.4343333333333333,0.4343333333333333,0.4343333333333333,0.4343333333333333,0.4343333333333333,0.4343333333333333,0.4343333333333333,0.42733333333333334,0.4203333333333334,0.4203333333333334,0.4203333333333334,0.4203333333333334,0.4203333333333334,0.4203333333333334,0.3771666666666667,0.334,0.334,0.334,0.334,0.334,0.334,,,
201,evolutionary,seeded,membrane,0,,,,,7.82,7.291888888888889,6.763777777777778,6.235666666666667,6.202416666666667,6.169166666666667,6.135916666666667,6.102666666666667,6.102666666666667,6.102666666666667,5.035,4.908166666666666,4.781333333333333,4.655333333333333,4.529333333333334,3.767333333333333,3.005333333333333,2.7991666666666664,2.593,2.5292222222222223,2.4654444444444445,2.401666666666667,2.401666666666667,2.401666666666667,2.401666666666667,2.1016666666666666,2.1016666666666666,1.9116666666666664,1.9116666666666664,1.9116666666666664,1.9116666666666664,1.9116666666666664,1.9116666666666664,1.9116666666666664,1.7426666666666666,1.7426666666666666,1.6333333333333335,1.5279999999999998,1.5279999999999998,1.5279999999999998,1.5279999999999998,1.5279999999999998,1.5279999999999998,1.5279999999999998,1.5279999999999998,1.5279999999999998
202,evolutionary,seeded,membrane,1,,,,,8.726666666666667,6.965666666666667,4.909666666666666,4.204833333333333,3.5,3.5,3.1176666666666666,2.827666666666667,2.6661666666666672,2.504666666666667,2.504666666666667,2.504666666666667,2.504666666666667,2.1435,1.782333333333333,1.782333333333333,1.6604999999999999,1.5386666666666666,1.5386666666666666,1.5386666666666666,1.5386666666666666,1.3016666666666667,1.3016666666666667,1.3016666666666667,1.3016666666666667,1.3016666666666667,1.3016666666666667,1.3016666666666667,0.908,0.908,0.908,0.908,0.908,0.908,0.908,0.908,0.908,0.908,0.6236666666666667,,,,,,,
203,evolutionary,seeded,membrane,2,,,,,9.667333333333334,8.054833333333333,6.442333333333333,5.831333333333333,5.2203333333333335,4.609333333333334,4.609333333333334,4.442,4.386,4.33,4.274,4.075666666666667,4.075666666666667,4.075666666666667,3.560666666666667,3.045666666666667,3.045666666666667,3.045666666666667,2.846,2.646333333333333,1.4996666666666665,1.4996666666666665,1.4996666666666665,1.4996666666666665,1.4996666666666665,1.4996666666666665,1.4996666666666665,1.2798333333333332,1.0599999999999998,1.0599999999999998,1.0599999999999998,1.0599999999999998,1.0599999999999998,1.0439999999999998,1.0439999999999998,1.0439999999999998,1.0439999999999998,1.0439999999999998,1.0439999999999998,0.8609999999999999,0.6779999999999999,0.6779999999999999,0.6779999999999999,0.6779999999999999,0.4713333333333333,0.4713333333333333
204,evolutionary,seeded,membrane,3,,,,,10.298,8.796999999999999,8.699333333333334,8.104833333333334,7.510333333333333,6.717499999999999,5.924666666666667,5.924666666666667,4.075,3.270666666666667,3.270666666666667,3.270666666666667,3.270666666666667,3.270666666666667,3.270666666666667,3.270666666666667,2.587,2.587,1.9526666666666668,1.9526666666666668,1.9526666666666668,1.9526666666666668,1.9526666666666668,1.9526666666666668,1.9224999999999999,1.8923333333333332,1.8923333333333332,1.8923333333333332,1.8923333333333332,1.8923333333333332,1.3713333333333333,1.3713333333333333,1.3713333333333333,1.3713333333333333,1.3713333333333333,1.3713333333333333,1.3713333333333333,1.3713333333333333,,,,,,,,
205,evolutionary,seeded,membrane,4,,,,,5.488333333333333,4.984,4.984,4.9765,4.969,4.0569999999999995,3.830666666666666,3.604333333333333,2.8473333333333333,2.609,2.429666666666667,2.2503333333333333,2.2503333333333333,2.2503333333333333,2.2503333333333333,1.9955555555555555,1.7407777777777778,1.486,1.1749999999999998,1.1749999999999998,1.1749999999999998,1.1749999999999998,1.1749999999999998,1.1749999999999998,1.1749999999999998,1.1749999999999998,1.1749999999999998,1.1749999999999998,1.1749999999999998,1.1749999999999998,1.1749999999999998,1.1749999999999998,1.1749999999999998,1.1749999999999998,1.1749999999999998,0.9476666666666667,0.9476666666666667,0.9476666666666667,0.9476666666666667,0.9476666666666667,0.9476666666666667,0.9476666666666667,,,,
206,evolutionary,seeded,vesicle,0,,,,,6.516666666666667,5.619777777777777,4.722888888888889,3.826,3.5010833333333333,3.176166666666667,2.8512500000000003,2.5263333333333335,2.5263333333333335,2.5263333333333335,2.5263333333333335,2.5263333333333335,2.5263333333333335,2.5263333333333335,2.5263333333333335,2.5263333333333335,2.5263333333333335,2.5263333333333335,2.5263333333333335,2.5263333333333335,2.5263333333333335,2.5263333333333335,2.5263333333333335,2.5263333333333335,2.5263333333333335,2.5263333333333335,2.5263333333333335,2.5263333333333335,2.5263333333333335,2.1013333333333333,2.1013333333333333,2.1013333333333333,2.1013333333333333,2.1013333333333333,2.1013333333333333,2.1013333333333333,2.1013333333333333,1.8836666666666666,1.8836666666666666,1.8836666666666666,1.7730000000000004,1.717166666666667,1.6613333333333333,1.6030000000000002,1.5446666666666669,1.5446666666666669
207,evolutionary,seeded,vesicle,1,,,,,10.893666666666666,7.062333333333332,6.403666666666666,5.0905,3.7773333333333334,3.7773333333333334,3.1316666666666664,3.114333333333333,2.6601666666666666,2.206,1.375,1.375,1.375,1.375,1.375,1.375,0.9105,0.44599999999999995,0.18933333333333335,0.18933333333333335,0.18933333333333335,0.18933333333333335,0.18933333333333335,0.18933333333333335,0.18933333333333335,0.18933333333333335,0.18933333333333335,0.18933333333333335,0.18933333333333335,0.18933333333333335,0.18933333333333335,0.18933333333333335,0.18933333333333335,0.18933333333333335,0.18933333333333335,0.18933333333333335,0.18933333333333335,0.18933333333333335,0.18933333333333335,,,,,,,
208,evolutionary,seeded,vesicle,2,,,,,7.623,6.511666666666667,5.400333333333333,5.400333333333333,5.400333333333333,5.400333333333333,5.400333333333333,5.400333333333333,4.739222222222223,4.078111111111111,3.4170000000000003,3.4170000000000003,3.0018333333333334,2.5866666666666664,2.538,2.489333333333333,2.489333333333333,2.489333333333333,1.9445,1.3996666666666666,1.3996666666666666,1.3996666666666666,1.3996666666666666,1.3996666666666666,1.3996666666666666,1.3996666666666666,1.3996666666666666,1.1451666666666667,0.8906666666666666,0.8906666666666666,0.8906666666666666,0.8906666666666666,0.8906666666666666,0.8906666666666666,0.8906666666666666,0.8906666666666666,0.8906666666666666,0.8906666666666666,0.8906666666666666,0.8906666666666666,0.8906666666666666,0.8906666666666666,0.8906666666666666,0.8906666666666666,0.8453333333333334,0.8453333333333334
209,evolutionary,seeded,vesicle,3,,,,,7.689666666666667,7.689666666666667,7.059,6.428333333333334,5.797666666666667,5.797666666666667,5.797666666666667,5.566833333333333,5.335999999999999,5.335999999999999,4.625333333333334,3.048,3.048,3.048,3.048,3.048,3.048,2.4633333333333334,2.4633333333333334,1.7416666666666665,1.4626666666666666,0.8666666666666667,0.8666666666666667,0.8666666666666667,0.8666666666666667,0.8666666666666667,0.8666666666666667,0.8666666666666667,0.8666666666666667,0.8666666666666667,0.7450000000000001,0.7450000000000001,0.7450000000000001,0.7450000000000001,0.7450000000000001,0.7450000000000001,0.7450000000000001,0.7450000000000001,0.7450000000000001,0.7450000000000001,,,,,,
210,evolutionary,seeded,vesicle,4,,,,,4.519333333333333,4.124833333333333,3.730333333333333,3.730333333333333,3.730333333333333,3.730333333333333,2.1790000000000003,2.1013333333333337,2.0236666666666667,2.0236666666666667,2.0236666666666667,2.0236666666666667,2.0236666666666667,2.0236666666666667,2.0236666666666667,2.0236666666666667,1.8782222222222222,1.732777777777778,1.5873333333333335,1.5873333333333335,1.5873333333333335,1.5873333333333335,1.5873333333333335,1.5873333333333335,1.5873333333333335,1.5873333333333335,1.5873333333333335,1.5873333333333335,1.5873333333333335,1.5873333333333335,1.435,1.2826666666666666,1.2826666666666666,1.2826666666666666,1.2826666666666666,1.2826666666666666,1.2826666666666666,1.2826666666666666,1.2826666666666666,1.2826666666666666,1.2826666666666666,1.2826666666666666,1.2826666666666666,1.2826666666666666,,
211,evolutionary,seeded,wormlike micelle,0,,,,,9.193333333333333,7.984,6.774666666666667,5.565333333333334,5.122416666666667,4.679500000000001,4.236583333333334,3.7936666666666667,2.598666666666667,2.598666666666667,2.598666666666667,2.598666666666667,2.529,2.529,2.529,2.5225,2.516,2.516,2.516,2.516,2.516,2.516,2.3804444444444446,2.2448888888888887,2.1093333333333333,2.1093333333333333,2.1093333333333333,2.1093333333333333,2.1093333333333333,2.1093333333333333,2.1093333333333333,2.1093333333333333,2.1093333333333333,2.1093333333333333,2.1093333333333333,2.1093333333333333,2.1093333333333333,2.1093333333333333,1.8896666666666668,1.8896666666666668,1.8896666666666668,1.8896666666666668,1.8896666666666668,1.8896666666666668,1.8896666666666668,1.8896666666666668
212,evolutionary,seeded,wormlike micelle,1,,,,,3.321,1.2963333333333333,1.1853333333333333,1.1853333333333333,1.1853333333333333,1.1853333333333333,1.1853333333333333,1.1853333333333333,0.958,0.7306666666666667,0.7306666666666667,0.7306666666666667,0.7306666666666667,0.7306666666666667,0.7306666666666667,0.7306666666666667,0.7306666666666667,0.7306666666666667,0.5756666666666667,0.5756666666666667,0.5756666666666667,0.5756666666666667,0.5756666666666667,0.5678888888888889,0.5601111111111111,0.5523333333333333,0.5523333333333333,0.5523333333333333,0.5523333333333333,0.5523333333333333,0.5523333333333333,0.5523333333333333,0.5492222222222223,0.5461111111111111,0.543,0.45166666666666666,0.45166666666666666,0.45166666666666666,0.23033333333333336,,,,,,,
213,evolutionary,seeded,wormlike micelle,2,,,,,11.299000000000001,10.510166666666667,9.721333333333334,8.619444444444445,7.517555555555555,6.415666666666667,5.160666666666667,5.160666666666667,4.3581111111111115,3.5555555555555554,2.753,2.7079999999999997,2.4021666666666666,2.0963333333333334,2.0756666666666668,2.055,1.9456666666666669,1.8363333333333334,1.6491666666666667,1.462,1.462,1.462,1.462,1.462,1.462,1.3611666666666666,1.2603333333333333,1.0528333333333333,0.8453333333333334,0.8453333333333334,0.8453333333333334,0.8453333333333334,0.8453333333333334,0.8453333333333334,0.8453333333333334,0.8453333333333334,0.8453333333333334,0.7063333333333333,0.7063333333333333,0.7063333333333333,0.7063333333333333,0.7063333333333333,0.7063333333333333,0.7063333333333333,0.4623333333333333,0.4623333333333333
214,evolutionary,seeded,wormlike micelle,3,,,,,10.602666666666666,7.28,5.4606666666666674,4.425166666666668,3.389666666666667,3.2154999999999996,3.0413333333333328,3.0413333333333328,2.1213333333333333,1.5276666666666667,1.5276666666666667,1.5276666666666667,1.5276666666666667,1.5276666666666667,1.5276666666666667,1.263,0.8733333333333334,0.8733333333333334,0.8733333333333334,0.7479999999999999,0.7479999999999999,0.7479999999999999,0.6953333333333332,0.6426666666666666,0.6426666666666666,0.6426666666666666,0.6426666666666666,0.6426666666666666,0.6426666666666666,0.6426666666666666,0.4026666666666667,0.4026666666666667,0.4026666666666667,0.4026666666666667,0.4026666666666667,0.4026666666666667,0.4026666666666667,0.4026666666666667,,,,,,,,
215,evolutionary,seeded,wormlike micelle,4,,,,,9.659333333333334,7.776666666666666,7.776666666666666,7.179,6.581333333333333,4.503,3.8068333333333335,3.110666666666667,2.0233333333333334,1.2873333333333334,1.2873333333333334,1.2873333333333334,1.2873333333333334,1.2873333333333334,1.2873333333333334,1.2873333333333334,1.2873333333333334,1.2873333333333334,1.2873333333333334,1.2371666666666667,1.187,1.187,1.187,1.187,1.187,1.187,1.187,1.187,0.8166666666666668,0.8166666666666668,0.8166666666666668,0.8166666666666668,0.8166666666666668,0.8166666666666668,0.8166666666666668,0.438,0.3763333333333333,0.31466666666666665,0.31466666666666665,0.31466666666666665,0.31466666666666665,0.31466666666666665,,,,
216,evolutionary,seeded,spherical micelle,0,,,,,6.540666666666667,5.502888888888889,4.465111111111112,3.4273333333333333,3.1318333333333332,2.836333333333333,2.5408333333333335,2.2453333333333334,2.2453333333333334,2.2453333333333334,2.2453333333333334,2.2453333333333334,2.2453333333333334,2.2453333333333334,2.2453333333333334,2.2453333333333334,2.2453333333333334,2.2453333333333334,2.2453333333333334,2.2453333333333334,2.2453333333333334,2.2453333333333334,2.2453333333333334,2.2453333333333334,2.2453333333333334,2.2453333333333334,2.1313333333333335,2.1313333333333335,2.1313333333333335,2.1313333333333335,2.1313333333333335,2.1313333333333335,1.9921666666666669,1.853,1.853,1.853,1.853,1.853,1.853,1.853,1.853,1.853,1.853,1.853,1.853,1.853
217,evolutionary,seeded,spherical micelle,1,,,,,5.720666666666666,3.622333333333333,1.6566666666666665,1.4926666666666666,1.3286666666666667,1.2816666666666665,1.2816666666666665,1.2816666666666665,1.19,1.0983333333333334,0.9499999999999998,0.9499999999999998,0.9499999999999998,0.9453333333333332,0.9406666666666667,0.9406666666666667,0.9406666666666667,0.9406666666666667,0.8076666666666666,0.61,0.61,0.61,0.5716666666666667,0.5274444444444444,0.4832222222222222,0.439,0.439,0.439,0.439,0.439,0.439,0.439,0.439,0.439,0.439,0.39166666666666666,0.39166666666666666,0.3543333333333334,0.3543333333333334,,,,,,,
218,evolutionary,seeded,spherical micelle,2,,,,,7.448333333333333,6.7075555555555555,5.966777777777778,5.226,4.261,4.261,3.555,2.849,2.1430000000000002,1.4506666666666668,1.2391666666666667,1.0276666666666667,1.0276666666666667,1.0276666666666667,1.012,0.9963333333333333,0.8546666666666667,0.7130000000000001,0.7130000000000001,0.7130000000000001,0.7130000000000001,0.7130000000000001,0.7130000000000001,0.7130000000000001,0.7130000000000001,0.7130000000000001,0.7130000000000001,0.7130000000000001,0.7130000000000001,0.7130000000000001,0.7130000000000001,0.7130000000000001,0.7130000000000001,0.7130000000000001,0.7130000000000001,0.4663333333333333,0.4663333333333333,0.4663333333333333,0.4663333333333333,0.4663333333333333,0.4663333333333333,0.4663333333333333,0.4626666666666666,0.4626666666666666,0.4626666666666666,
219,evolutionary,seeded,spherical micelle,3,,,,,5.917333333333333,3.864333333333333,3.4506666666666668,2.7758333333333334,2.101,2.101,2.101,2.101,2.101,1.218,1.1243333333333334,1.1243333333333334,1.1243333333333334,1.1243333333333334,1.1243333333333334,1.028,1.028,1.028,1.028,0.7633333333333333,0.7633333333333333,0.7633333333333333,0.5868333333333333,0.41033333333333327,0.41033333333333327,0.41033333333333327,0.41033333333333327,0.41033333333333327,0.338,0.338,0.338,0.338,0.338,0.338,0.32233333333333336,0.30666666666666664,0.291,0.291,,,,,,,,
220,evolutionary,seeded,spherical micelle,4,,,,,9.670333333333332,7.926499999999999,6.182666666666666,6.119,4.338333333333334,2.1866666666666665,1.8203333333333331,1.454,1.454,0.754,0.7398333333333333,0.7256666666666667,0.7256666666666667,0.6711666666666667,0.6166666666666666,0.6166666666666666,0.6166666666666666,0.6166666666666666,0.6166666666666666,0.6166666666666666,0.6166666666666666,0.6166666666666666,0.6166666666666666,0.6166666666666666,0.5846666666666667,0.5846666666666667,0.5846666666666667,0.5846666666666667,0.5593333333333332,0.5339999999999999,0.5339999999999999,0.361,0.361,0.361,0.361,0.361,0.361,0.361,0.361,0.3456666666666666,0.3456666666666666,0.3456666666666666,,,,
221,evolutionary,unseeded,liquid,0,,,,,11.443999999999997,11.287666666666667,10.457166666666666,9.626666666666667,9.121222222222222,8.615777777777778,8.110333333333333,6.187,6.187,6.187,6.187,5.535666666666667,4.884333333333333,4.884333333333333,4.884333333333333,4.3375,3.7906666666666666,3.7906666666666666,3.5621111111111112,3.333555555555556,3.1050000000000004,2.5573333333333332,2.0096666666666665,2.0096666666666665,1.2826666666666666,0.7286666666666667,0.7286666666666667,0.7286666666666667,0.7286666666666667,0.7286666666666667,0.7286666666666667,0.7286666666666667,0.7286666666666667,0.7286666666666667,0.5916666666666667,0.5916666666666667,0.5916666666666667,0.5916666666666667,0.5916666666666667,0.5916666666666667,0.5718333333333333,0.5519999999999999,0.5519999999999999,0.5519999999999999,0.5519999999999999,0.5519999999999999
222,evolutionary,unseeded,liquid,1,,,,,12.865666666666664,10.713666666666668,9.028666666666666,9.028666666666666,9.028666666666666,7.426333333333335,4.602,2.9026666666666667,2.2465,1.5903333333333334,1.5903333333333334,1.5776666666666668,1.563,1.5385,1.514,1.514,1.514,1.514,1.276,1.2676666666666667,1.2676666666666667,1.2676666666666667,1.2676666666666667,1.2676666666666667,1.2676666666666667,1.2676666666666667,1.2676666666666667,1.2676666666666667,1.2676666666666667,1.2676666666666667,1.2676666666666667,1.2676666666666667,1.2676666666666667,1.2676666666666667,1.2676666666666667,1.2676666666666667,1.2676666666666667,1.2676666666666667,1.2676666666666667,1.2676666666666667,1.2650000000000001,1.2623333333333333,,,,
223,evolutionary,unseeded,liquid,2,,,,,7.6176666666666675,7.413444444444445,7.209222222222222,7.005,7.005,5.763333333333333,5.149444444444444,4.535555555555556,3.921666666666667,2.6999999999999997,2.6999999999999997,2.6999999999999997,2.1106666666666665,1.5213333333333334,1.5213333333333334,1.5213333333333334,1.4228333333333334,1.3243333333333334,1.3243333333333334,1.3243333333333334,1.1381666666666668,0.952,0.952,0.8094999999999999,0.6669999999999999,0.6669999999999999,0.6669999999999999,0.6518888888888889,0.6367777777777778,0.6216666666666667,0.6216666666666667,0.6216666666666667,0.6216666666666667,0.6216666666666667,0.6216666666666667,0.6216666666666667,0.6216666666666667,0.6216666666666667,0.6216666666666667,0.6216666666666667,0.6216666666666667,0.6216666666666667,0.6216666666666667,0.6216666666666667,0.5928333333333333,0.564
224,evolutionary,unseeded,liquid,3,,,,,8.752333333333333,8.410222222222222,8.06811111111111,7.725999999999999,4.791666666666667,4.244222222222223,3.696777777777778,3.1493333333333333,2.442833333333333,1.7363333333333333,1.4008333333333334,1.0653333333333332,0.7856666666666666,0.506,0.39733333333333337,0.39733333333333337,0.39733333333333337,0.39733333333333337,0.39733333333333337,0.39733333333333337,0.39733333333333337,0.39733333333333337,0.39733333333333337,0.39733333333333337,0.39733333333333337,0.39733333333333337,0.39733333333333337,0.39733333333333337,0.39733333333333337,0.39733333333333337,0.39733333333333337,0.39733333333333337,0.39733333333333337,0.39733333333333337,0.39733333333333337,0.39733333333333337,0.39733333333333337,0.39733333333333337,0.37066666666666664,0.37066666666666664,0.37066666666666664,0.37066666666666664,0.37066666666666664,0.37066666666666664,0.37066666666666664,0.37066666666666664
225,evolutionary,unseeded,liquid,4,,,,,9.075666666666667,6.769166666666667,4.462666666666666,3.6533333333333333,2.8440000000000003,2.034666666666667,2.034666666666667,2.034666666666667,1.6445,1.2543333333333333,0.864,0.864,0.864,0.864,0.864,0.864,0.864,0.864,0.864,0.864,0.864,0.864,0.864,0.864,0.864,0.864,0.864,0.7378333333333333,0.6116666666666667,0.548,0.548,0.548,0.5396666666666667,0.5313333333333333,0.5313333333333333,0.5313333333333333,0.5313333333333333,0.5313333333333333,0.5313333333333333,0.5313333333333333,0.5313333333333333,0.5313333333333333,0.5313333333333333,0.5126666666666667,0.5126666666666667,0.5126666666666667
226,evolutionary,unseeded,string,0,,,,,9.988333333333333,9.759777777777778,9.531222222222222,9.302666666666667,9.152583333333334,9.002500000000001,8.852416666666667,8.702333333333334,8.702333333333334,8.702333333333334,8.702333333333334,8.611777777777778,8.521222222222223,8.430666666666667,8.430666666666667,8.112833333333333,7.794999999999999,7.794999999999999,7.794999999999999,7.700166666666666,7.605333333333334,7.5678333333333345,7.530333333333334,7.530333333333334,7.303444444444445,7.076555555555556,6.849666666666667,6.418416666666666,5.987166666666667,5.555916666666667,5.124666666666666,5.124666666666666,5.020666666666667,4.585333333333334,4.585333333333334,4.585333333333334,4.585333333333334,4.585333333333334,4.5535,4.5216666666666665,4.5216666666666665,4.5216666666666665,4.499666666666666,4.4879999999999995,4.4879999999999995,4.4879999999999995
227,evolutionary,unseeded,string,1,,,,,7.0889999999999995,6.916333333333334,6.506333333333334,6.096333333333333,5.686333333333333,5.686333333333333,5.686333333333333,5.686333333333333,5.301666666666667,5.301666666666667,5.301666666666667,5.301666666666667,5.301666666666667,5.301666666666667,5.301666666666667,4.9398333333333335,4.578,4.578,4.578,4.578,4.578,4.578,4.578,4.578,4.578,4.578,4.578,4.578,4.578,4.578,4.476666666666667,4.476666666666667,4.472833333333334,4.469,4.469,4.469,4.469,4.469,4.469,4.469,4.469,4.469,4.457666666666666,4.4463333333333335,,
228,evolutionary,unseeded,string,2,,,,,9.714,8.926333333333334,8.138666666666667,7.081777777777778,6.0248888888888885,4.968,4.418666666666667,3.8693333333333335,3.8693333333333335,3.220666666666667,2.572,1.9233333333333331,1.9233333333333331,1.9233333333333331,1.9233333333333331,1.9233333333333331,1.9233333333333331,1.9233333333333331,1.9233333333333331,1.9233333333333331,1.9233333333333331,1.9233333333333331,1.6946666666666665,1.6946666666666665,1.6946666666666665,1.5380000000000003,1.5380000000000003,1.5380000000000003,1.1905000000000001,0.843,0.843,0.843,0.843,0.843,0.843,0.843,0.843,0.843,0.843,0.843,0.6881666666666666,0.5333333333333333,0.5333333333333333,0.5333333333333333,0.5333333333333333,0.38266666666666665
229,evolutionary,unseeded,string,3,,,,,12.219,12.027666666666667,11.471333333333334,11.068444444444445,10.665555555555557,10.262666666666668,10.262666666666668,10.262666666666668,10.262666666666668,10.262666666666668,10.101,9.931777777777778,9.762555555555556,9.593333333333334,9.593333333333334,9.593333333333334,9.593333333333334,9.593333333333334,8.553666666666667,8.149666666666667,7.745666666666668,7.745666666666668,7.2123333333333335,6.678999999999999,6.678999999999999,6.437333333333333,6.195666666666667,5.959444444444444,5.723222222222222,5.486999999999999,5.486999999999999,5.486999999999999,5.486999999999999,5.486999999999999,4.698666666666667,4.202500000000001,3.7063333333333333,3.7063333333333333,3.7063333333333333,3.7063333333333333,3.511333333333333,3.511333333333333,3.511333333333333,3.511333333333333,3.511333333333333,3.511333333333333
230,evolutionary,unseeded,string,4,,,,,8.822333333333333,8.185,7.547666666666667,7.547666666666667,7.547666666666667,7.374333333333333,7.374333333333333,7.374333333333333,6.2860000000000005,6.2860000000000005,6.2860000000000005,6.2860000000000005,6.2860000000000005,6.120000000000001,5.954000000000001,5.954000000000001,5.954000000000001,5.954000000000001,5.954000000000001,5.7325,5.511,5.511,5.511,5.511,5.511,5.511,5.018666666666667,5.018666666666667,5.018666666666667,5.018666666666667,5.018666666666667,5.018666666666667,4.458,4.458,4.458,4.458,4.458,4.458,4.285333333333334,4.112666666666667,4.112666666666667,4.112666666666667,,,,
231,evolutionary,unseeded,membrane,0,,,,,7.6290000000000004,7.617222222222223,7.605444444444445,7.5936666666666675,7.361000000000001,7.128333333333334,6.895666666666667,6.663,6.663,6.663,5.8950000000000005,5.8950000000000005,5.8950000000000005,5.6165,5.338,5.338,5.338,5.101333333333334,4.864666666666667,4.864666666666667,4.864666666666667,4.864666666666667,4.864666666666667,4.864666666666667,4.864666666666667,4.864666666666667,4.864666666666667,4.595666666666666,4.595666666666666,4.595666666666666,4.595666666666666,4.595666666666666,4.595666666666666,4.595666666666666,4.595666666666666,4.595666666666666,4.595666666666666,4.595666666666666,4.595666666666666,4.595666666666666,4.1273333333333335,3.969666666666667,3.812,3.812,3.812,3.812
232,evolutionary,unseeded,membrane,1,,,,,8.321333333333333,8.139333333333333,7.751,7.751,7.751,7.751,6.0616666666666665,5.903333333333333,4.360166666666666,2.817,2.817,2.817,1.765,1.765,1.765,1.765,1.765,1.765,1.765,1.765,1.765,1.7293333333333332,1.7293333333333332,1.7293333333333332,1.7293333333333332,1.7293333333333332,1.7293333333333332,1.7293333333333332,1.5719999999999998,1.5719999999999998,1.2623333333333333,0.9526666666666666,0.9526666666666666,0.9526666666666666,0.9526666666666666,0.9526666666666666,0.9526666666666666,0.9526666666666666,0.9526666666666666,0.9526666666666666,0.9526666666666666,0.9526666666666666,0.8140000000000001,,,
233,evolutionary,unseeded,membrane,2,,,,,5.9430000000000005,5.009833333333334,4.076666666666667,3.991666666666667,3.9066666666666667,3.8216666666666668,3.8216666666666668,3.8216666666666668,3.3693333333333335,2.917,2.4646666666666666,2.4646666666666666,2.1196666666666664,1.7746666666666666,1.7746666666666666,1.7746666666666666,1.7746666666666666,1.7746666666666666,1.7746666666666666,1.7746666666666666,1.7746666666666666,1.7746666666666666,1.7746666666666666,1.7746666666666666,1.7746666666666666,1.7746666666666666,1.7746666666666666,1.7746666666666666,1.7746666666666666,1.7746666666666666,1.7746666666666666,1.7746666666666666,1.7746666666666666,1.7746666666666666,1.7746666666666666,1.7746666666666666,1.7746666666666666,1.7746666666666666,1.7746666666666666,1.7746666666666666,1.7746666666666666,1.7746666666666666,1.7746666666666666,1.7746666666666666,1.7746666666666666,1.7746666666666666
234,evolutionary,unseeded,membrane,3,,,,,9.196333333333333,8.586333333333334,8.231666666666667,8.13588888888889,8.040111111111111,7.944333333333333,7.944333333333333,7.438,7.438,7.438,7.135333333333333,6.837999999999999,6.540666666666667,5.759166666666667,4.977666666666667,3.4726666666666666,2.0690000000000004,2.0690000000000004,2.0690000000000004,2.0690000000000004,1.4006666666666667,1.4006666666666667,1.4006666666666667,1.4006666666666667,1.4006666666666667,1.4006666666666667,1.4006666666666667,1.3251666666666666,1.2496666666666665,1.2496666666666665,1.2496666666666665,1.2496666666666665,1.2496666666666665,1.2496666666666665,1.2496666666666665,1.2496666666666665,1.2496666666666665,1.2496666666666665,1.2496666666666665,1.2496666666666665,1.2496666666666665,1.2496666666666665,1.2496666666666665,1.2496666666666665,1.2496666666666665,1.2496666666666665
235,evolutionary,unseeded,membrane,4,,,,,5.488333333333333,4.845166666666667,4.202,4.202,4.202,3.4776666666666665,3.4776666666666665,3.4776666666666665,2.3203333333333336,2.3203333333333336,2.3203333333333336,2.3203333333333336,2.3203333333333336,2.3203333333333336,2.3203333333333336,2.3203333333333336,2.3203333333333336,2.3203333333333336,2.3203333333333336,2.3203333333333336,2.3203333333333336,2.3203333333333336,2.3203333333333336,2.3203333333333336,2.3203333333333336,2.3203333333333336,2.3203333333333336,2.3203333333333336,2.3203333333333336,2.3203333333333336,2.3203333333333336,2.3203333333333336,2.3203333333333336,2.3203333333333336,2.3203333333333336,2.3203333333333336,2.3203333333333336,1.9720000000000002,1.6236666666666668,1.6236666666666668,1.6236666666666668,1.1556666666666666,1.1556666666666666,1.1556666666666666,,
236,evolutionary,unseeded,vesicle,0,,,,,6.516666666666667,5.721444444444445,4.926222222222222,4.131,3.930916666666667,3.730833333333334,3.5307500000000003,3.330666666666667,3.330666666666667,3.330666666666667,3.173,3.173,3.173,2.9973333333333336,2.8216666666666668,2.8216666666666668,2.8216666666666668,2.2161666666666666,1.6106666666666667,1.427,1.2433333333333334,1.0596666666666668,1.0596666666666668,1.0596666666666668,1.0596666666666668,1.0596666666666668,1.0596666666666668,1.0596666666666668,1.0596666666666668,1.0596666666666668,1.0596666666666668,1.0596666666666668,1.0596666666666668,1.0596666666666668,1.0596666666666668,1.0596666666666668,1.0596666666666668,1.0596666666666668,1.0596666666666668,1.0596666666666668,1.0596666666666668,0.8460000000000001,0.8460000000000001,0.8460000000000001,0.8203333333333334,0.7946666666666667
237,evolutionary,unseeded,vesicle,1,,,,,9.397333333333334,8.536666666666667,8.414666666666667,7.898666666666667,7.382666666666666,7.382666666666666,7.382666666666666,5.870666666666668,5.597333333333333,5.324,4.571000000000001,4.571000000000001,4.571000000000001,4.169666666666667,3.768333333333333,3.768333333333333,3.768333333333333,3.701333333333333,3.701333333333333,3.4753333333333334,3.4753333333333334,3.4753333333333334,3.406,3.3366666666666664,3.267333333333333,3.267333333333333,3.267333333333333,3.267333333333333,3.267333333333333,3.267333333333333,2.5113333333333334,2.5113333333333334,2.5113333333333334,2.5113333333333334,2.5113333333333334,2.3036666666666665,2.096,2.0606666666666666,2.0606666666666666,,,,,,,
238,evolutionary,unseeded,vesicle,2,,,,,5.409,4.863833333333333,4.318666666666666,4.039111111111111,3.7595555555555555,3.4800000000000004,3.4800000000000004,3.3083333333333336,3.106666666666667,2.905,2.703333333333333,2.703333333333333,2.4493333333333336,2.1953333333333336,2.1953333333333336,2.1953333333333336,2.1043333333333334,2.013333333333333,2.013333333333333,2.013333333333333,1.9331666666666667,1.853,1.853,1.853,1.853,1.853,1.853,1.853,1.853,1.853,1.853,1.853,1.853,1.853,1.853,1.853,1.853,1.853,1.8470000000000002,1.8470000000000002,1.8470000000000002,1.8470000000000002,1.8470000000000002,1.8470000000000002,1.7257777777777779,1.6045555555555557
239,evolutionary,unseeded,vesicle,3,,,,,6.0553333333333335,5.3373333333333335,5.3373333333333335,5.3373333333333335,5.3373333333333335,5.3373333333333335,5.3373333333333335,5.3373333333333335,5.3373333333333335,4.732666666666667,4.217333333333333,4.217333333333333,4.217333333333333,4.217333333333333,4.217333333333333,4.217333333333333,4.217333333333333,4.217333333333333,4.217333333333333,4.217333333333333,4.217333333333333,4.217333333333333,4.217333333333333,4.217333333333333,4.217333333333333,4.217333333333333,4.217333333333333,4.217333333333333,4.217333333333333,4.217333333333333,4.217333333333333,4.217333333333333,4.217333333333333,4.217333333333333,4.217333333333333,4.217333333333333,4.217333333333333,4.217333333333333,4.217333333333333,4.217333333333333,4.217333333333333,,,,,
240,evolutionary,unseeded,vesicle,4,,,,,4.519333333333333,4.124833333333333,3.730333333333333,3.730333333333333,3.5891666666666664,3.4480000000000004,2.899666666666667,2.8136666666666668,2.7276666666666665,2.7276666666666665,2.7276666666666665,2.3631666666666664,1.9986666666666668,1.9986666666666668,1.8005,1.6023333333333334,1.6023333333333334,1.6023333333333334,1.6023333333333334,1.6023333333333334,1.6023333333333334,1.6023333333333334,1.6023333333333334,1.6023333333333334,1.6023333333333334,1.6023333333333334,1.6023333333333334,1.6023333333333334,1.6023333333333334,1.594,1.594,1.594,1.594,1.594,1.594,1.594,1.594,1.594,1.594,1.594,1.594,1.594,1.594,1.594,,
241,evolutionary,unseeded,wormlike micelle,0,,,,,7.657,7.220444444444444,6.78388888888889,6.347333333333334,6.347333333333334,6.347333333333334,6.189333333333333,6.189333333333333,6.189333333333333,6.189333333333333,6.189333333333333,6.189333333333333,6.189333333333333,6.189333333333333,6.189333333333333,6.169833333333333,6.150333333333333,6.150333333333333,6.150333333333333,5.987666666666667,5.824999999999999,5.662333333333333,5.662333333333333,5.662333333333333,5.662333333333333,5.662333333333333,5.260666666666666,4.857333333333333,4.763000000000001,4.763000000000001,4.335333333333334,3.9576666666666664,3.5799999999999996,3.3685,3.157,3.157,3.0285555555555557,2.900111111111111,2.7716666666666665,2.0563333333333333,1.5433333333333332,1.5433333333333332,1.5433333333333332,1.5433333333333332,1.3293333333333333,1.1153333333333333
242,evolutionary,unseeded,wormlike micelle,1,,,,,3.321,3.321,2.6701111111111113,2.019222222222222,1.3683333333333334,1.3683333333333334,1.3683333333333334,1.3683333333333334,1.0646666666666667,1.0476666666666665,1.0476666666666665,1.0476666666666665,1.0476666666666665,1.0476666666666665,1.0476666666666665,1.025,1.0023333333333333,1.0023333333333333,1.0023333333333333,1.0023333333333333,1.0023333333333333,1.0023333333333333,1.0023333333333333,1.0023333333333333,1.0023333333333333,1.0023333333333333,1.0023333333333333,1.0023333333333333,0.9968333333333333,0.9913333333333334,0.9913333333333334,0.723,0.723,0.723,0.723,0.723,0.723,0.723,0.723,0.723,0.723,0.6023333333333334,0.4816666666666667,0.4816666666666667,,
243,evolutionary,unseeded,wormlike micelle,2,,,,,10.081333333333333,9.778500000000001,9.475666666666667,9.475666666666667,9.475666666666667,9.475666666666667,9.251666666666667,9.251666666666667,9.251666666666667,9.251666666666667,8.168666666666667,7.0856666666666674,6.910166666666667,6.734666666666667,6.3575,5.980333333333333,5.514166666666666,5.048,5.048,5.048,3.3486666666666665,2.5953333333333335,2.5953333333333335,2.5953333333333335,2.4036666666666666,2.4036666666666666,2.4036666666666666,2.114333333333333,1.825,1.825,1.825,1.825,1.825,1.825,1.825,1.825,1.825,1.825,1.825,1.5911666666666666,1.357333333333333,1.357333333333333,1.351111111111111,1.3448888888888888,1.3386666666666667,0.9493333333333333
244,evolutionary,unseeded,wormlike micelle,3,,,,,10.602666666666666,9.142000000000001,8.799,8.634,8.469,7.474499999999999,6.4799999999999995,6.4799999999999995,6.001333333333332,5.715,5.715,5.715,5.715,5.715,5.715,5.715,5.715,5.715,5.535666666666667,5.535666666666667,5.535666666666667,5.535666666666667,5.535666666666667,5.535666666666667,5.535666666666667,5.535666666666667,5.535666666666667,5.535666666666667,5.535666666666667,5.535666666666667,5.535666666666667,5.535666666666667,5.535666666666667,5.535666666666667,5.535666666666667,5.535666666666667,5.535666666666667,5.535666666666667,5.535666666666667,5.535666666666667,,,,,,
245,evolutionary,unseeded,wormlike micelle,4,,,,,8.502,8.491,8.479999999999999,8.479999999999999,8.479999999999999,8.479999999999999,8.479999999999999,8.479999999999999,7.390666666666667,7.303333333333334,7.303333333333334,7.303333333333334,7.303333333333334,6.835833333333333,6.368333333333333,6.368333333333333,6.368333333333333,6.032999999999999,5.964222222222221,5.895444444444444,5.826666666666667,5.826666666666667,5.826666666666667,5.826666666666667,5.826666666666667,5.826666666666667,5.5393333333333326,5.5393333333333326,5.5393333333333326,5.5393333333333326,5.5393333333333326,5.5393333333333326,5.5393333333333326,5.5393333333333326,5.5393333333333326,5.5393333333333326,5.5393333333333326,5.5393333333333326,5.5393333333333326,5.5393333333333326,5.5393333333333326,5.5393333333333326,5.5393333333333326,5.5393333333333326,5.5393333333333326,5.5393333333333326
246,evolutionary,unseeded,spherical micelle,0,,,,,5.045000000000001,4.621222222222223,4.197444444444445,3.773666666666667,3.773666666666667,3.773666666666667,3.773666666666667,3.773666666666667,3.773666666666667,3.7588333333333335,3.744,3.744,3.744,3.744,3.744,3.744,3.744,3.744,3.744,3.744,3.744,3.744,3.744,3.647,3.5043333333333333,3.5043333333333333,3.5043333333333333,3.5043333333333333,3.4749999999999996,3.4456666666666664,3.400833333333333,3.356,3.356,3.189,3.189,3.189,3.116833333333333,3.0446666666666666,3.0446666666666666,3.0446666666666666,3.0446666666666666,3.0003333333333333,2.956,2.956,2.956,2.956
247,evolutionary,unseeded,spherical micelle,1,,,,,5.519666666666667,4.964666666666667,4.286555555555556,3.6084444444444443,2.9303333333333335,2.8306666666666667,2.731,2.731,2.6009999999999995,2.6009999999999995,2.6009999999999995,2.6009999999999995,2.6009999999999995,2.5376666666666665,2.5376666666666665,2.5229999999999997,2.5083333333333333,2.5083333333333333,2.5083333333333333,2.5083333333333333,2.5083333333333333,2.5083333333333333,2.5083333333333333,2.5083333333333333,2.5083333333333333,2.5083333333333333,2.5083333333333333,2.5083333333333333,2.5083333333333333,2.5083333333333333,2.5083333333333333,2.2226666666666666,2.1068333333333333,1.9910000000000003,1.9910000000000003,1.9910000000000003,1.9910000000000003,1.9910000000000003,1.9910000000000003,1.9910000000000003,1.9910000000000003,1.9910000000000003,1.9910000000000003,1.9459999999999997,,
248,evolutionary,unseeded,spherical micelle,2,,,,,7.448333333333333,7.297499999999999,7.146666666666666,7.146666666666666,6.619666666666667,6.380222222222223,6.140777777777778,5.9013333333333335,5.560333333333333,5.560333333333333,5.458166666666667,5.356000000000001,5.229333333333334,5.102666666666667,4.8213333333333335,4.54,4.093,3.6459999999999995,3.6459999999999995,3.6459999999999995,3.6459999999999995,3.6459999999999995,3.5841666666666665,3.5223333333333335,2.9019999999999997,2.9019999999999997,2.877333333333333,2.8526666666666665,2.5203333333333333,2.5203333333333333,2.5203333333333333,2.357333333333333,2.1943333333333332,2.1943333333333332,2.1943333333333332,2.1943333333333332,2.1943333333333332,2.1943333333333332,2.1943333333333332,2.1943333333333332,2.1943333333333332,2.1943333333333332,2.1943333333333332,2.1943333333333332,2.1943333333333332,2.0693333333333332
249,evolutionary,unseeded,spherical micelle,3,,,,,5.917333333333333,3.8333333333333335,2.703333333333333,2.593,2.4826666666666664,2.4826666666666664,2.4826666666666664,2.4826666666666664,2.4103333333333334,2.3906666666666667,2.2543333333333333,2.2543333333333333,2.2543333333333333,2.2543333333333333,2.2543333333333333,1.6789999999999996,1.6789999999999996,1.6789999999999996,1.6789999999999996,1.5946666666666667,1.5526666666666664,1.5526666666666664,1.2766666666666664,1.0006666666666666,1.0006666666666666,1.0006666666666666,1.0006666666666666,1.0006666666666666,0.7813333333333334,0.7813333333333334,0.7813333333333334,0.6686666666666667,0.6276666666666667,0.6276666666666667,0.6276666666666667,0.6276666666666667,0.6276666666666667,0.6276666666666667,0.6276666666666667,,,,,,,
250,evolutionary,unseeded,spherical micelle,4,,,,,7.7203333333333335,7.321166666666667,6.922,6.922,6.326833333333333,5.7316666666666665,5.558,5.558,5.558,5.558,5.558,5.558,5.558,5.413833333333333,5.269666666666667,5.091222222222222,4.9127777777777775,4.734333333333333,4.734333333333333,4.734333333333333,4.734333333333333,4.734333333333333,4.734333333333333,4.734333333333333,4.734333333333333,4.734333333333333,4.734333333333333,4.273,3.764333333333333,3.6834999999999996,3.6026666666666665,3.2596666666666665,3.2596666666666665,2.9583333333333335,2.9583333333333335,2.9583333333333335,2.9583333333333335,2.580666666666667,2.580666666666667,2.580666666666667,2.580666666666667,2.555666666666667,2.530666666666667,2.530666666666667,2.530666666666667,2.434
251,random,seeded,liquid,0,,,,,12.415000000000001,11.695533333333334,10.976066666666666,10.256599999999999,9.537133333333333,8.817666666666666,8.817666666666666,8.817666666666666,8.817666666666666,8.817666666666666,8.817666666666666,8.222666666666665,7.627666666666666,7.032666666666666,6.437666666666666,5.842666666666666,5.595666666666666,5.3486666666666665,5.101666666666667,4.854666666666667,4.607666666666667,4.5816,4.555533333333333,4.529466666666667,4.5034,4.477333333333333,4.4155999999999995,4.353866666666667,4.292133333333333,4.2304,4.168666666666667,4.114133333333333,4.0596,4.005066666666666,3.950533333333333,3.8959999999999995,3.8959999999999995,3.8959999999999995,3.8959999999999995,3.8959999999999995,3.8959999999999995,3.786733333333333,3.677466666666666,3.5681999999999996,3.458933333333333,3.3496666666666663
252,random,seeded,liquid,1,,,,,13.251,12.935866666666666,12.620733333333334,12.3056,11.990466666666668,11.675333333333334,11.113333333333335,10.551333333333334,9.989333333333335,9.427333333333333,8.865333333333334,8.769466666666668,8.6736,8.577733333333335,8.481866666666667,8.386000000000001,8.306000000000001,8.226,8.146,8.066,7.986,7.757866666666667,7.529733333333334,7.3016000000000005,7.073466666666667,6.8453333333333335,6.7194,6.593466666666667,6.467533333333334,6.341600000000001,6.215666666666667,6.0827333333333335,5.9498,5.816866666666667,5.683933333333333,5.550999999999999,5.550999999999999,5.550999999999999,5.550999999999999,5.550999999999999,5.550999999999999,5.550999999999999,5.550999999999999,5.550999999999999,5.550999999999999,5.550999999999999
253,random,seeded,liquid,2,,,,,5.108333333333333,4.7016,4.294866666666667,3.8881333333333337,3.4814000000000003,3.074666666666667,3.074666666666667,3.074666666666667,3.074666666666667,3.074666666666667,3.074666666666667,3.074666666666667,3.074666666666667,3.074666666666667,3.074666666666667,3.074666666666667,3.074666666666667,3.074666666666667,3.074666666666667,3.074666666666667,3.074666666666667,3.0469333333333335,3.0192,2.9914666666666667,2.9637333333333333,2.936,2.936,2.936,2.936,2.936,2.936,2.936,2.936,2.936,2.936,2.936,2.7538,2.5716,2.3894,2.2072,2.025,2.025,2.025,2.025,2.025,2.025
254,random,seeded,liquid,3,,,,,11.065666666666667,10.700866666666666,10.336066666666666,9.971266666666665,9.606466666666666,9.241666666666665,9.241666666666665,9.241666666666665,9.241666666666665,9.241666666666665,9.241666666666665,8.885133333333332,8.528599999999999,8.172066666666666,7.815533333333333,7.459,7.444,7.429,7.414,7.399,7.384,7.3748000000000005,7.365600000000001,7.3564,7.3472,7.338,7.2524,7.1668,7.0812,6.9956000000000005,6.91,6.91,6.91,6.91,6.91,6.91,6.3254,5.7408,5.1562,4.5716,3.987,3.8895333333333335,3.792066666666667,3.6946000000000003,3.5971333333333333,3.4996666666666667
255,random,seeded,liquid,4,,,,,10.083,9.1786,8.2742,7.3698,6.4654,5.561,4.921866666666666,4.282733333333333,3.6436,3.0044666666666666,2.3653333333333335,2.3583333333333334,2.3513333333333333,2.3443333333333336,2.3373333333333335,2.3303333333333334,2.3303333333333334,2.3303333333333334,2.3303333333333334,2.3303333333333334,2.3303333333333334,2.3303333333333334,2.3303333333333334,2.3303333333333334,2.3303333333333334,2.3303333333333334,2.0112666666666668,1.6922,1.373133333333333,1.0540666666666665,0.735,0.735,0.735,0.735,0.735,0.735,0.7242,0.7134,0.7026,0.6918000000000001,0.681,0.681,0.681,0.681,0.681,0.681
256,random,seeded,string,0,,,,,3.862666666666667,3.862666666666667,3.862666666666667,3.862666666666667,3.862666666666667,3.862666666666667,3.431333333333334,3.0,2.5686666666666667,2.1373333333333333,1.7059999999999997,1.7059999999999997,1.7059999999999997,1.7059999999999997,1.7059999999999997,1.7059999999999997,1.7059999999999997,1.7059999999999997,1.7059999999999997,1.7059999999999997,1.7059999999999997,1.7059999999999997,1.7059999999999997,1.7059999999999997,1.7059999999999997,1.7059999999999997,1.7059999999999997,1.7059999999999997,1.7059999999999997,1.7059999999999997,1.7059999999999997,1.7059999999999997,1.7059999999999997,1.7059999999999997,1.7059999999999997,1.7059999999999997,1.7059999999999997,1.7059999999999997,1.7059999999999997,1.7059999999999997,1.7059999999999997,1.7059999999999997,1.7059999999999997,1.7059999999999997,1.7059999999999997,1.7059999999999997
257,random,seeded,string,1,,,,,5.0713333333333335,4.4818,3.892266666666667,3.3027333333333333,2.7132,2.123666666666667,2.123666666666667,2.123666666666667,2.123666666666667,2.123666666666667,2.123666666666667,2.123666666666667,2.123666666666667,2.123666666666667,2.123666666666667,2.123666666666667,2.123666666666667,2.123666666666667,2.123666666666667,2.123666666666667,2.123666666666667,2.123666666666667,2.123666666666667,2.123666666666667,2.123666666666667,2.123666666666667,2.0834,2.0431333333333335,2.002866666666667,1.9626,1.9223333333333332,1.8268,1.7312666666666665,1.6357333333333333,1.5402,1.4446666666666665,1.4085999999999999,1.3725333333333332,1.3364666666666667,1.3004,1.2643333333333333,1.2643333333333333,1.2643333333333333,1.2643333333333333,1.2643333333333333,1.2643333333333333
258,random,seeded,string,2,,,,,8.447000000000001,8.008400000000002,7.569800000000001,7.131200000000001,6.6926000000000005,6.2540000000000004,5.9981333333333335,5.742266666666667,5.4864,5.230533333333334,4.974666666666667,4.864466666666667,4.754266666666667,4.644066666666666,4.5338666666666665,4.423666666666667,4.0042,3.5847333333333333,3.1652666666666667,2.7458,2.3263333333333334,2.3263333333333334,2.3263333333333334,2.3263333333333334,2.3263333333333334,2.3263333333333334,2.3238,2.321266666666667,2.3187333333333333,2.3162000000000003,2.3136666666666668,2.2498666666666667,2.1860666666666666,2.1222666666666665,2.0584666666666664,1.9946666666666666,1.9946666666666666,1.9946666666666666,1.9946666666666666,1.9946666666666666,1.9946666666666666,1.8937333333333333,1.7928,1.6918666666666666,1.5909333333333333,1.49
259,random,seeded,string,3,,,,,6.154333333333334,5.8582,5.5620666666666665,5.265933333333333,4.9698,4.673666666666667,4.403866666666667,4.134066666666667,3.864266666666667,3.594466666666667,3.324666666666667,3.1273333333333335,2.93,2.732666666666667,2.5353333333333334,2.338,2.338,2.338,2.338,2.338,2.338,2.3304,2.3228,2.3152000000000004,2.3076000000000003,2.3000000000000003,2.3000000000000003,2.3000000000000003,2.3000000000000003,2.3000000000000003,2.3000000000000003,2.3000000000000003,2.3000000000000003,2.3000000000000003,2.3000000000000003,2.3000000000000003,2.3000000000000003,2.3000000000000003,2.3000000000000003,2.3000000000000003,2.3000000000000003,2.3000000000000003,2.3000000000000003,2.3000000000000003,2.3000000000000003,2.3000000000000003
260,random,seeded,string,4,,,,,4.0169999999999995,3.8464666666666663,3.675933333333333,3.5054,3.334866666666666,3.164333333333333,3.164333333333333,3.164333333333333,3.164333333333333,3.164333333333333,3.164333333333333,3.164333333333333,3.164333333333333,3.164333333333333,3.164333333333333,3.164333333333333,3.164333333333333,3.164333333333333,3.164333333333333,3.164333333333333,3.164333333333333,3.1121999999999996,3.0600666666666663,3.007933333333333,2.9557999999999995,2.903666666666666,2.9012,2.898733333333333,2.8962666666666665,2.8937999999999997,2.8913333333333333,2.654933333333333,2.4185333333333334,2.1821333333333333,1.9457333333333333,1.7093333333333334,1.6413333333333333,1.5733333333333333,1.5053333333333332,1.4373333333333334,1.3693333333333333,1.3693333333333333,1.3693333333333333,1.3693333333333333,1.3693333333333333,1.3693333333333333
261,random,seeded,membrane,0,,,,,5.2973333333333334,5.002466666666667,4.7076,4.412733333333334,4.117866666666667,3.8230000000000004,3.751666666666667,3.6803333333333335,3.6090000000000004,3.537666666666667,3.4663333333333335,3.2266000000000004,2.986866666666667,2.7471333333333336,2.5074000000000005,2.267666666666667,2.267666666666667,2.267666666666667,2.267666666666667,2.267666666666667,2.267666666666667,2.259866666666667,2.252066666666667,2.244266666666667,2.236466666666667,2.228666666666667,2.228666666666667,2.228666666666667,2.228666666666667,2.228666666666667,2.228666666666667,2.228666666666667,2.228666666666667,2.228666666666667,2.228666666666667,2.228666666666667,2.228666666666667,2.228666666666667,2.228666666666667,2.228666666666667,2.228666666666667,2.228666666666667,2.228666666666667,2.228666666666667,2.228666666666667,2.228666666666667
262,random,seeded,membrane,1,,,,,4.129666666666666,3.9767999999999994,3.823933333333333,3.6710666666666665,3.5182,3.3653333333333335,3.3653333333333335,3.3653333333333335,3.3653333333333335,3.3653333333333335,3.3653333333333335,3.3653333333333335,3.3653333333333335,3.3653333333333335,3.3653333333333335,3.3653333333333335,3.3653333333333335,3.3653333333333335,3.3653333333333335,3.3653333333333335,3.3653333333333335,3.3653333333333335,3.3653333333333335,3.3653333333333335,3.3653333333333335,3.3653333333333335,3.3390666666666666,3.3128,3.2865333333333333,3.260266666666667,3.234,3.1188666666666665,3.0037333333333334,2.8886,2.7734666666666667,2.658333333333333,2.6448,2.631266666666667,2.6177333333333332,2.6042,2.590666666666667,2.3872,2.1837333333333335,1.9802666666666668,1.7768000000000002,1.5733333333333335
263,random,seeded,membrane,2,,,,,10.405333333333333,9.686866666666667,8.968399999999999,8.249933333333333,7.531466666666667,6.813,6.3698,5.9266,5.4834,5.0402000000000005,4.597,4.3979333333333335,4.1988666666666665,3.9998,3.8007333333333335,3.6016666666666666,3.4742,3.3467333333333333,3.219266666666667,3.0918,2.9643333333333337,2.9643333333333337,2.9643333333333337,2.9643333333333337,2.9643333333333337,2.9643333333333337,2.9407333333333336,2.9171333333333336,2.8935333333333335,2.8699333333333334,2.8463333333333334,2.7458666666666667,2.6454,2.5449333333333333,2.4444666666666666,2.344,2.2262,2.1084,1.9906000000000001,1.8728,1.7550000000000001,1.7550000000000001,1.7550000000000001,1.7550000000000001,1.7550000000000001,1.7550000000000001
264,random,seeded,membrane,3,,,,,9.488666666666667,8.9954,8.502133333333333,8.008866666666666,7.5156,7.022333333333333,5.898,4.773666666666667,3.6493333333333338,2.5250000000000004,1.4006666666666667,1.4006666666666667,1.4006666666666667,1.4006666666666667,1.4006666666666667,1.4006666666666667,1.4006666666666667,1.4006666666666667,1.4006666666666667,1.4006666666666667,1.4006666666666667,1.4006666666666667,1.4006666666666667,1.4006666666666667,1.4006666666666667,1.4006666666666667,1.4006666666666667,1.4006666666666667,1.4006666666666667,1.4006666666666667,1.4006666666666667,1.4006666666666667,1.4006666666666667,1.4006666666666667,1.4006666666666667,1.4006666666666667,1.4006666666666667,1.4006666666666667,1.4006666666666667,1.4006666666666667,1.4006666666666667,1.4006666666666667,1.4006666666666667,1.4006666666666667,1.4006666666666667,1.4006666666666667
265,random,seeded,membrane,4,,,,,9.119666666666667,8.448933333333335,7.778200000000001,7.107466666666667,6.4367333333333345,5.766000000000001,5.766000000000001,5.766000000000001,5.766000000000001,5.766000000000001,5.766000000000001,5.605533333333334,5.4450666666666665,5.2846,5.124133333333333,4.963666666666666,4.949933333333333,4.9361999999999995,4.922466666666667,4.908733333333333,4.8950000000000005,4.648533333333334,4.402066666666667,4.1556,3.909133333333333,3.6626666666666665,3.437733333333333,3.2127999999999997,2.9878666666666662,2.7629333333333332,2.538,2.4736,2.4092,2.3447999999999998,2.2803999999999998,2.2159999999999997,2.2159999999999997,2.2159999999999997,2.2159999999999997,2.2159999999999997,2.2159999999999997,2.2159999999999997,2.2159999999999997,2.2159999999999997,2.2159999999999997,2.2159999999999997
266,random,seeded,vesicle,0,,,,,6.9353333333333325,6.092266666666666,5.2492,4.406133333333333,3.563066666666667,2.72,2.546066666666667,2.3721333333333336,2.1982,2.0242666666666667,1.8503333333333334,1.8503333333333334,1.8503333333333334,1.8503333333333334,1.8503333333333334,1.8503333333333334,1.8503333333333334,1.8503333333333334,1.8503333333333334,1.8503333333333334,1.8503333333333334,1.8503333333333334,1.8503333333333334,1.8503333333333334,1.8503333333333334,1.8503333333333334,1.7637333333333334,1.6771333333333334,1.5905333333333336,1.5039333333333336,1.4173333333333336,1.4173333333333336,1.4173333333333336,1.4173333333333336,1.4173333333333336,1.4173333333333336,1.4173333333333336,1.4173333333333336,1.4173333333333336,1.4173333333333336,1.4173333333333336,1.4173333333333336,1.4173333333333336,1.4173333333333336,1.4173333333333336,1.4173333333333336
267,random,seeded,vesicle,1,,,,,3.66,3.66,3.66,3.66,3.66,3.66,3.5610666666666666,3.462133333333333,3.3632,3.2642666666666664,3.165333333333333,3.1431999999999998,3.121066666666666,3.098933333333333,3.0767999999999995,3.0546666666666664,2.856133333333333,2.6576,2.4590666666666667,2.260533333333333,2.062,2.062,2.062,2.062,2.062,2.062,2.062,2.062,2.062,2.062,2.062,2.062,2.062,2.062,2.062,2.062,2.062,2.062,2.062,2.062,2.062,2.062,2.062,2.062,2.062,2.062
268,random,seeded,vesicle,2,,,,,6.383666666666667,5.8784,5.3731333333333335,4.867866666666666,4.3626,3.857333333333333,3.8165999999999998,3.7758666666666665,3.735133333333333,3.6944,3.6536666666666666,3.5717333333333334,3.4898000000000002,3.4078666666666666,3.3259333333333334,3.244,3.2101333333333337,3.176266666666667,3.1424000000000003,3.1085333333333334,3.074666666666667,3.074666666666667,3.074666666666667,3.074666666666667,3.074666666666667,3.074666666666667,3.074666666666667,3.074666666666667,3.074666666666667,3.074666666666667,3.074666666666667,2.9825333333333335,2.8904,2.7982666666666667,2.7061333333333337,2.6140000000000003,2.6140000000000003,2.6140000000000003,2.6140000000000003,2.6140000000000003,2.6140000000000003,2.613666666666667,2.6133333333333337,2.613,2.6126666666666667,2.6123333333333334
269,random,seeded,vesicle,3,,,,,9.373333333333333,8.833666666666666,8.294,7.754333333333333,7.214666666666666,6.675,6.412333333333334,6.149666666666667,5.8870000000000005,5.624333333333334,5.361666666666667,5.142733333333334,4.923800000000001,4.704866666666668,4.4859333333333336,4.267,4.178000000000001,4.089,4.0,3.9110000000000005,3.8220000000000005,3.726266666666667,3.6305333333333336,3.5348,3.4390666666666667,3.3433333333333333,3.3433333333333333,3.3433333333333333,3.3433333333333333,3.3433333333333333,3.3433333333333333,3.328533333333333,3.3137333333333334,3.2989333333333333,3.2841333333333336,3.2693333333333334,3.0841333333333334,2.8989333333333334,2.7137333333333333,2.5285333333333333,2.3433333333333333,2.3433333333333333,2.3433333333333333,2.3433333333333333,2.3433333333333333,2.3433333333333333
270,random,seeded,vesicle,4,,,,,10.511333333333333,9.2298,7.948266666666666,6.666733333333333,5.385199999999999,4.103666666666666,4.103666666666666,4.103666666666666,4.103666666666666,4.103666666666666,4.103666666666666,3.926533333333333,3.7493999999999996,3.5722666666666667,3.3951333333333333,3.218,3.218,3.218,3.218,3.218,3.218,3.1568666666666667,3.0957333333333334,3.0345999999999997,2.9734666666666665,2.912333333333333,2.9028,2.893266666666667,2.8837333333333333,2.8742,2.864666666666667,2.8027333333333337,2.7408,2.678866666666667,2.6169333333333333,2.555,2.555,2.555,2.555,2.555,2.555,2.4848000000000003,2.4146,2.3444000000000003,2.2742,2.204
271,random,seeded,wormlike micelle,0,,,,,6.206333333333333,6.198733333333333,6.191133333333333,6.183533333333334,6.175933333333334,6.168333333333334,5.997733333333334,5.827133333333334,5.656533333333334,5.485933333333334,5.315333333333334,5.1564000000000005,4.997466666666667,4.838533333333334,4.679600000000001,4.520666666666667,4.355133333333334,4.1896,4.024066666666667,3.8585333333333334,3.693,3.5094,3.3258,3.1422,2.9585999999999997,2.775,2.775,2.775,2.775,2.775,2.775,2.775,2.775,2.775,2.775,2.775,2.6098666666666666,2.444733333333333,2.2796,2.114466666666667,1.9493333333333334,1.9493333333333334,1.9493333333333334,1.9493333333333334,1.9493333333333334,1.9493333333333334
272,random,seeded,wormlike micelle,1,,,,,9.149666666666667,8.344866666666666,7.540066666666666,6.735266666666667,5.930466666666667,5.125666666666667,4.958333333333333,4.791,4.623666666666667,4.456333333333334,4.289000000000001,4.289000000000001,4.289000000000001,4.289000000000001,4.289000000000001,4.289000000000001,4.224733333333334,4.160466666666667,4.0962000000000005,4.031933333333334,3.9676666666666667,3.9676666666666667,3.9676666666666667,3.9676666666666667,3.9676666666666667,3.9676666666666667,3.9676666666666667,3.9676666666666667,3.9676666666666667,3.9676666666666667,3.9676666666666667,3.7108666666666665,3.454066666666667,3.1972666666666667,2.9404666666666666,2.683666666666667,2.683666666666667,2.683666666666667,2.683666666666667,2.683666666666667,2.683666666666667,2.5042,2.3247333333333335,2.1452666666666667,1.9658,1.7863333333333333
273,random,seeded,wormlike micelle,2,,,,,14.609,13.445266666666667,12.281533333333334,11.1178,9.954066666666668,8.790333333333335,8.322000000000001,7.853666666666667,7.3853333333333335,6.917000000000001,6.448666666666667,5.7325333333333335,5.0164,4.300266666666667,3.5841333333333334,2.868,2.8122666666666665,2.756533333333333,2.7008,2.6450666666666667,2.5893333333333333,2.4918666666666667,2.3944,2.2969333333333335,2.1994666666666665,2.102,2.102,2.102,2.102,2.102,2.102,2.0614,2.0208,1.9801999999999997,1.9395999999999998,1.8989999999999998,1.8989999999999998,1.8989999999999998,1.8989999999999998,1.8989999999999998,1.8989999999999998,1.8989999999999998,1.8989999999999998,1.8989999999999998,1.8989999999999998,1.8989999999999998
274,random,seeded,wormlike micelle,3,,,,,8.152,7.363999999999999,6.576,5.787999999999999,5.0,4.212,4.212,4.212,4.212,4.212,4.212,4.043466666666666,3.8749333333333333,3.7064,3.537866666666667,3.3693333333333335,3.3693333333333335,3.3693333333333335,3.3693333333333335,3.3693333333333335,3.3693333333333335,3.3693333333333335,3.3693333333333335,3.3693333333333335,3.3693333333333335,3.3693333333333335,3.3693333333333335,3.3693333333333335,3.3693333333333335,3.3693333333333335,3.3693333333333335,3.3693333333333335,3.3693333333333335,3.3693333333333335,3.3693333333333335,3.3693333333333335,3.3693333333333335,3.3693333333333335,3.3693333333333335,3.3693333333333335,3.3693333333333335,3.3693333333333335,3.3693333333333335,3.3693333333333335,3.3693333333333335,3.3693333333333335
275,random,seeded,wormlike micelle,4,,,,,6.956333333333333,6.455866666666666,5.9554,5.454933333333333,4.954466666666667,4.454,4.2032,3.9524,3.7015999999999996,3.4507999999999996,3.1999999999999997,3.1399999999999997,3.0799999999999996,3.02,2.96,2.9,2.9,2.9,2.9,2.9,2.9,2.7480666666666664,2.5961333333333334,2.4442,2.2922666666666665,2.1403333333333334,2.0046,1.8688666666666667,1.7331333333333334,1.5974,1.4616666666666667,1.4616666666666667,1.4616666666666667,1.4616666666666667,1.4616666666666667,1.4616666666666667,1.4616666666666667,1.4616666666666667,1.4616666666666667,1.4616666666666667,1.4616666666666667,1.4616666666666667,1.4616666666666667,1.4616666666666667,1.4616666666666667,1.4616666666666667
276,random,seeded,spherical micelle,0,,,,,8.451666666666666,8.092466666666667,7.733266666666666,7.374066666666666,7.014866666666666,6.655666666666666,6.408666666666666,6.161666666666666,5.914666666666666,5.667666666666666,5.4206666666666665,5.4177333333333335,5.4148,5.411866666666667,5.408933333333333,5.406,5.300866666666667,5.195733333333333,5.0906,4.9854666666666665,4.880333333333334,4.7889333333333335,4.697533333333333,4.606133333333333,4.514733333333333,4.423333333333333,4.423333333333333,4.423333333333333,4.423333333333333,4.423333333333333,4.423333333333333,4.319133333333333,4.214933333333333,4.110733333333333,4.0065333333333335,3.9023333333333334,3.9023333333333334,3.9023333333333334,3.9023333333333334,3.9023333333333334,3.9023333333333334,3.9023333333333334,3.9023333333333334,3.9023333333333334,3.9023333333333334,3.9023333333333334
277,random,seeded,spherical micelle,1,,,,,9.107333333333333,8.6722,8.237066666666667,7.801933333333334,7.3668000000000005,6.9316666666666675,6.634,6.336333333333333,6.038666666666666,5.741,5.4433333333333325,5.294599999999999,5.145866666666666,4.997133333333333,4.8484,4.699666666666666,4.699666666666666,4.699666666666666,4.699666666666666,4.699666666666666,4.699666666666666,4.699666666666666,4.699666666666666,4.699666666666666,4.699666666666666,4.699666666666666,4.627466666666666,4.555266666666666,4.483066666666666,4.410866666666666,4.338666666666666,4.338666666666666,4.338666666666666,4.338666666666666,4.338666666666666,4.338666666666666,4.3099333333333325,4.281199999999999,4.252466666666667,4.223733333333334,4.195,4.195,4.195,4.195,4.195,4.195
278,random,seeded,spherical micelle,2,,,,,11.323333333333332,10.358866666666666,9.3944,8.429933333333334,7.465466666666667,6.501,6.250666666666667,6.000333333333334,5.75,5.499666666666666,5.249333333333333,5.079533333333333,4.9097333333333335,4.739933333333333,4.570133333333334,4.400333333333333,4.400333333333333,4.400333333333333,4.400333333333333,4.400333333333333,4.400333333333333,4.400333333333333,4.400333333333333,4.400333333333333,4.400333333333333,4.400333333333333,4.351533333333333,4.302733333333333,4.253933333333333,4.205133333333333,4.156333333333333,4.156333333333333,4.156333333333333,4.156333333333333,4.156333333333333,4.156333333333333,4.119133333333334,4.081933333333334,4.044733333333333,4.007533333333334,3.970333333333334,3.970333333333334,3.970333333333334,3.970333333333334,3.970333333333334,3.970333333333334
279,random,seeded,spherical micelle,3,,,,,5.911333333333334,5.517866666666667,5.1244000000000005,4.7309333333333345,4.337466666666668,3.9440000000000004,3.9440000000000004,3.9440000000000004,3.9440000000000004,3.9440000000000004,3.9440000000000004,3.9440000000000004,3.9440000000000004,3.9440000000000004,3.9440000000000004,3.9440000000000004,3.8657333333333335,3.787466666666667,3.7092,3.6309333333333336,3.5526666666666666,3.4564666666666666,3.3602666666666665,3.2640666666666664,3.167866666666667,3.0716666666666668,3.0716666666666668,3.0716666666666668,3.0716666666666668,3.0716666666666668,3.0716666666666668,3.0716666666666668,3.0716666666666668,3.0716666666666668,3.0716666666666668,3.0716666666666668,3.0716666666666668,3.0716666666666668,3.0716666666666668,3.0716666666666668,3.0716666666666668,3.0716666666666668,3.0716666666666668,3.0716666666666668,3.0716666666666668,3.0716666666666668
280,random,seeded,spherical micelle,4,,,,,7.2236666666666665,7.080066666666666,6.936466666666667,6.792866666666667,6.6492666666666675,6.505666666666667,6.0911333333333335,5.6766000000000005,5.262066666666667,4.847533333333333,4.433,4.1732,3.9133999999999998,3.6536,3.3937999999999997,3.134,2.9774,2.8207999999999998,2.6642,2.5076,2.351,2.351,2.351,2.351,2.351,2.351,2.351,2.351,2.351,2.351,2.351,2.1662666666666666,1.9815333333333334,1.7968,1.6120666666666668,1.4273333333333333,1.4273333333333333,1.4273333333333333,1.4273333333333333,1.4273333333333333,1.4273333333333333,1.4273333333333333,1.4273333333333333,1.4273333333333333,1.4273333333333333,1.4273333333333333
281,random,unseeded,liquid,0,,,,,12.415000000000001,11.695533333333334,10.976066666666666,10.256599999999999,9.537133333333333,8.817666666666666,8.817666666666666,8.817666666666666,8.817666666666666,8.817666666666666,8.817666666666666,8.222666666666665,7.627666666666666,7.032666666666666,6.437666666666666,5.842666666666666,5.595666666666666,5.3486666666666665,5.101666666666667,4.854666666666667,4.607666666666667,4.5816,4.555533333333333,4.529466666666667,4.5034,4.477333333333333,4.4155999999999995,4.353866666666667,4.292133333333333,4.2304,4.168666666666667,4.114133333333333,4.0596,4.005066666666666,3.950533333333333,3.8959999999999995,3.8959999999999995,3.8959999999999995,3.8959999999999995,3.8959999999999995,3.8959999999999995,3.786733333333333,3.677466666666666,3.5681999999999996,3.458933333333333,3.3496666666666663
282,random,unseeded,liquid,1,,,,,10.869666666666667,10.619,10.368333333333334,10.117666666666667,9.867,9.616333333333333,9.305,8.993666666666666,8.682333333333334,8.371,8.059666666666667,8.020133333333334,7.9806,7.941066666666666,7.901533333333333,7.861999999999999,7.821533333333333,7.781066666666666,7.7406,7.700133333333333,7.659666666666666,7.4719999999999995,7.2843333333333335,7.096666666666667,6.909000000000001,6.721333333333334,6.6202000000000005,6.519066666666667,6.417933333333334,6.316800000000001,6.215666666666667,6.0827333333333335,5.9498,5.816866666666667,5.683933333333333,5.550999999999999,5.550999999999999,5.550999999999999,5.550999999999999,5.550999999999999,5.550999999999999,5.550999999999999,5.550999999999999,5.550999999999999,5.550999999999999,5.550999999999999
283,random,unseeded,liquid,2,,,,,5.108333333333333,4.7016,4.294866666666667,3.8881333333333337,3.4814000000000003,3.074666666666667,3.074666666666667,3.074666666666667,3.074666666666667,3.074666666666667,3.074666666666667,3.074666666666667,3.074666666666667,3.074666666666667,3.074666666666667,3.074666666666667,3.074666666666667,3.074666666666667,3.074666666666667,3.074666666666667,3.074666666666667,3.0469333333333335,3.0192,2.9914666666666667,2.9637333333333333,2.936,2.936,2.936,2.936,2.936,2.936,2.936,2.936,2.936,2.936,2.936,2.7538,2.5716,2.3894,2.2072,2.025,2.025,2.025,2.025,2.025,2.025
284,random,unseeded,liquid,3,,,,,7.756666666666667,7.588,7.419333333333333,7.2506666666666675,7.082000000000001,6.913333333333334,6.913333333333334,6.913333333333334,6.913333333333334,6.913333333333334,6.913333333333334,6.673,6.432666666666667,6.192333333333333,5.952,5.711666666666666,5.711666666666666,5.711666666666666,5.711666666666666,5.711666666666666,5.711666666666666,5.711666666666666,5.711666666666666,5.711666666666666,5.711666666666666,5.711666666666666,5.679133333333333,5.646599999999999,5.614066666666666,5.581533333333333,5.5489999999999995,5.5489999999999995,5.5489999999999995,5.5489999999999995,5.5489999999999995,5.5489999999999995,5.127466666666666,4.705933333333333,4.2844,3.8628666666666662,3.441333333333333,3.3853999999999997,3.3294666666666664,3.2735333333333334,3.2176,3.1616666666666666
285,random,unseeded,liquid,4,,,,,7.679333333333333,7.2556666666666665,6.832,6.408333333333333,5.984666666666667,5.561,4.921866666666666,4.282733333333333,3.6436,3.0044666666666666,2.3653333333333335,2.3583333333333334,2.3513333333333333,2.3443333333333336,2.3373333333333335,2.3303333333333334,2.3303333333333334,2.3303333333333334,2.3303333333333334,2.3303333333333334,2.3303333333333334,2.3303333333333334,2.3303333333333334,2.3303333333333334,2.3303333333333334,2.3303333333333334,2.0112666666666668,1.6922,1.373133333333333,1.0540666666666665,0.735,0.735,0.735,0.735,0.735,0.735,0.7242,0.7134,0.7026,0.6918000000000001,0.681,0.681,0.681,0.681,0.681,0.681
286,random,unseeded,string,0,,,,,5.858666666666667,5.858666666666667,5.858666666666667,5.858666666666667,5.858666666666667,5.858666666666667,5.427333333333333,4.996,4.564666666666667,4.133333333333333,3.702,3.702,3.702,3.702,3.702,3.702,3.702,3.702,3.702,3.702,3.702,3.6414,3.5808,3.5201999999999996,3.4595999999999996,3.3989999999999996,3.3989999999999996,3.3989999999999996,3.3989999999999996,3.3989999999999996,3.3989999999999996,3.3989999999999996,3.3989999999999996,3.3989999999999996,3.3989999999999996,3.3989999999999996,3.3989999999999996,3.3989999999999996,3.3989999999999996,3.3989999999999996,3.3989999999999996,3.3989999999999996,3.3989999999999996,3.3989999999999996,3.3989999999999996,3.3989999999999996
287,random,unseeded,string,1,,,,,7.977666666666667,7.100466666666667,6.223266666666667,5.346066666666667,4.468866666666667,3.591666666666667,3.591666666666667,3.591666666666667,3.591666666666667,3.591666666666667,3.591666666666667,3.591666666666667,3.591666666666667,3.591666666666667,3.591666666666667,3.591666666666667,3.587066666666667,3.582466666666667,3.5778666666666665,3.5732666666666666,3.5686666666666667,3.5686666666666667,3.5686666666666667,3.5686666666666667,3.5686666666666667,3.5686666666666667,3.498666666666667,3.428666666666667,3.3586666666666667,3.288666666666667,3.218666666666667,3.082866666666667,2.9470666666666667,2.8112666666666666,2.675466666666667,2.5396666666666667,2.449866666666667,2.360066666666667,2.270266666666667,2.1804666666666668,2.090666666666667,2.090666666666667,2.090666666666667,2.090666666666667,2.090666666666667,2.090666666666667
288,random,unseeded,string,2,,,,,10.266333333333334,9.827733333333333,9.389133333333334,8.950533333333333,8.511933333333333,8.073333333333332,7.8174666666666655,7.561599999999999,7.3057333333333325,7.0498666666666665,6.794,6.6838,6.5736,6.463399999999999,6.353199999999999,6.242999999999999,5.823533333333333,5.404066666666666,4.9845999999999995,4.565133333333333,4.145666666666666,4.145666666666666,4.145666666666666,4.145666666666666,4.145666666666666,4.145666666666666,4.117866666666666,4.090066666666666,4.062266666666667,4.034466666666667,4.006666666666667,3.9403333333333332,3.8739999999999997,3.8076666666666665,3.741333333333333,3.6749999999999994,3.6749999999999994,3.6749999999999994,3.6749999999999994,3.6749999999999994,3.6749999999999994,3.510266666666666,3.345533333333333,3.1807999999999996,3.0160666666666662,2.8513333333333333
289,random,unseeded,string,3,,,,,10.632,10.003733333333333,9.375466666666666,8.7472,8.118933333333334,7.490666666666667,7.0402000000000005,6.589733333333333,6.139266666666667,5.6888000000000005,5.238333333333333,4.997133333333333,4.755933333333333,4.514733333333333,4.273533333333333,4.032333333333333,4.032333333333333,4.032333333333333,4.032333333333333,4.032333333333333,4.032333333333333,4.011733333333333,3.991133333333333,3.9705333333333335,3.9499333333333335,3.9293333333333336,3.9293333333333336,3.9293333333333336,3.9293333333333336,3.9293333333333336,3.9293333333333336,3.9293333333333336,3.9293333333333336,3.9293333333333336,3.9293333333333336,3.9293333333333336,3.9293333333333336,3.9293333333333336,3.9293333333333336,3.9293333333333336,3.9293333333333336,3.9293333333333336,3.9293333333333336,3.9293333333333336,3.9293333333333336,3.9293333333333336
290,random,unseeded,string,4,,,,,7.619333333333333,7.287933333333333,6.956533333333333,6.625133333333333,6.293733333333334,5.9623333333333335,5.839,5.7156666666666665,5.592333333333333,5.468999999999999,5.345666666666666,5.345666666666666,5.345666666666666,5.345666666666666,5.345666666666666,5.345666666666666,5.345666666666666,5.345666666666666,5.345666666666666,5.345666666666666,5.345666666666666,5.246333333333333,5.146999999999999,5.047666666666666,4.948333333333332,4.848999999999999,4.7943999999999996,4.7398,4.685199999999999,4.630599999999999,4.576,4.337133333333333,4.0982666666666665,3.8594,3.620533333333333,3.3816666666666664,3.2228,3.063933333333333,2.9050666666666665,2.7462,2.587333333333333,2.587333333333333,2.587333333333333,2.587333333333333,2.587333333333333,2.587333333333333
291,random,unseeded,membrane,0,,,,,5.2973333333333334,5.002466666666667,4.7076,4.412733333333334,4.117866666666667,3.8230000000000004,3.751666666666667,3.6803333333333335,3.6090000000000004,3.537666666666667,3.4663333333333335,3.2266000000000004,2.986866666666667,2.7471333333333336,2.5074000000000005,2.267666666666667,2.267666666666667,2.267666666666667,2.267666666666667,2.267666666666667,2.267666666666667,2.259866666666667,2.252066666666667,2.244266666666667,2.236466666666667,2.228666666666667,2.228666666666667,2.228666666666667,2.228666666666667,2.228666666666667,2.228666666666667,2.228666666666667,2.228666666666667,2.228666666666667,2.228666666666667,2.228666666666667,2.228666666666667,2.228666666666667,2.228666666666667,2.228666666666667,2.228666666666667,2.228666666666667,2.228666666666667,2.228666666666667,2.228666666666667,2.228666666666667
292,random,unseeded,membrane,1,,,,,4.129666666666666,3.9767999999999994,3.823933333333333,3.6710666666666665,3.5182,3.3653333333333335,3.3653333333333335,3.3653333333333335,3.3653333333333335,3.3653333333333335,3.3653333333333335,3.3653333333333335,3.3653333333333335,3.3653333333333335,3.3653333333333335,3.3653333333333335,3.3653333333333335,3.3653333333333335,3.3653333333333335,3.3653333333333335,3.3653333333333335,3.3653333333333335,3.3653333333333335,3.3653333333333335,3.3653333333333335,3.3653333333333335,3.3390666666666666,3.3128,3.2865333333333333,3.260266666666667,3.234,3.1188666666666665,3.0037333333333334,2.8886,2.7734666666666667,2.658333333333333,2.6448,2.631266666666667,2.6177333333333332,2.6042,2.590666666666667,2.3872,2.1837333333333335,1.9802666666666668,1.7768000000000002,1.5733333333333335
293,random,unseeded,membrane,2,,,,,5.599333333333334,5.288666666666667,4.978000000000001,4.667333333333334,4.356666666666667,4.046,3.7483333333333335,3.4506666666666668,3.153,2.8553333333333333,2.5576666666666665,2.389533333333333,2.2214,2.0532666666666666,1.885133333333333,1.7169999999999999,1.7169999999999999,1.7169999999999999,1.7169999999999999,1.7169999999999999,1.7169999999999999,1.7169999999999999,1.7169999999999999,1.7169999999999999,1.7169999999999999,1.7169999999999999,1.7169999999999999,1.7169999999999999,1.7169999999999999,1.7169999999999999,1.7169999999999999,1.6336,1.5502,1.4668,1.3834,1.3,1.2656,1.2312,1.1967999999999999,1.1623999999999999,1.128,1.128,1.128,1.128,1.128,1.128
294,random,unseeded,membrane,3,,,,,9.488666666666667,8.9954,8.502133333333333,8.008866666666666,7.5156,7.022333333333333,5.898,4.773666666666667,3.6493333333333338,2.5250000000000004,1.4006666666666667,1.4006666666666667,1.4006666666666667,1.4006666666666667,1.4006666666666667,1.4006666666666667,1.4006666666666667,1.4006666666666667,1.4006666666666667,1.4006666666666667,1.4006666666666667,1.4006666666666667,1.4006666666666667,1.4006666666666667,1.4006666666666667,1.4006666666666667,1.4006666666666667,1.4006666666666667,1.4006666666666667,1.4006666666666667,1.4006666666666667,1.4006666666666667,1.4006666666666667,1.4006666666666667,1.4006666666666667,1.4006666666666667,1.4006666666666667,1.4006666666666667,1.4006666666666667,1.4006666666666667,1.4006666666666667,1.4006666666666667,1.4006666666666667,1.4006666666666667,1.4006666666666667,1.4006666666666667
295,random,unseeded,membrane,4,,,,,7.202000000000001,6.8832666666666675,6.564533333333334,6.245800000000001,5.927066666666668,5.608333333333334,5.608333333333334,5.608333333333334,5.608333333333334,5.608333333333334,5.608333333333334,5.479400000000001,5.350466666666667,5.221533333333333,5.092599999999999,4.963666666666666,4.949933333333333,4.9361999999999995,4.922466666666667,4.908733333333333,4.8950000000000005,4.648533333333334,4.402066666666667,4.1556,3.909133333333333,3.6626666666666665,3.437733333333333,3.2127999999999997,2.9878666666666662,2.7629333333333332,2.538,2.4736,2.4092,2.3447999999999998,2.2803999999999998,2.2159999999999997,2.2159999999999997,2.2159999999999997,2.2159999999999997,2.2159999999999997,2.2159999999999997,2.2159999999999997,2.2159999999999997,2.2159999999999997,2.2159999999999997,2.2159999999999997
296,random,unseeded,vesicle,0,,,,,6.9353333333333325,6.092266666666666,5.2492,4.406133333333333,3.563066666666667,2.72,2.546066666666667,2.3721333333333336,2.1982,2.0242666666666667,1.8503333333333334,1.8503333333333334,1.8503333333333334,1.8503333333333334,1.8503333333333334,1.8503333333333334,1.8503333333333334,1.8503333333333334,1.8503333333333334,1.8503333333333334,1.8503333333333334,1.8503333333333334,1.8503333333333334,1.8503333333333334,1.8503333333333334,1.8503333333333334,1.7637333333333334,1.6771333333333334,1.5905333333333336,1.5039333333333336,1.4173333333333336,1.4173333333333336,1.4173333333333336,1.4173333333333336,1.4173333333333336,1.4173333333333336,1.4173333333333336,1.4173333333333336,1.4173333333333336,1.4173333333333336,1.4173333333333336,1.4173333333333336,1.4173333333333336,1.4173333333333336,1.4173333333333336,1.4173333333333336
297,random,unseeded,vesicle,1,,,,,3.66,3.66,3.66,3.66,3.66,3.66,3.5610666666666666,3.462133333333333,3.3632,3.2642666666666664,3.165333333333333,3.1431999999999998,3.121066666666666,3.098933333333333,3.0767999999999995,3.0546666666666664,2.856133333333333,2.6576,2.4590666666666667,2.260533333333333,2.062,2.062,2.062,2.062,2.062,2.062,2.062,2.062,2.062,2.062,2.062,2.062,2.062,2.062,2.062,2.062,2.062,2.062,2.062,2.062,2.062,2.062,2.062,2.062,2.062,2.062
298,random,unseeded,vesicle,2,,,,,5.061,4.820266666666667,4.579533333333333,4.3388,4.098066666666666,3.857333333333333,3.8165999999999998,3.7758666666666665,3.735133333333333,3.6944,3.6536666666666666,3.5717333333333334,3.4898000000000002,3.4078666666666666,3.3259333333333334,3.244,3.2101333333333337,3.176266666666667,3.1424000000000003,3.1085333333333334,3.074666666666667,3.074666666666667,3.074666666666667,3.074666666666667,3.074666666666667,3.074666666666667,3.074666666666667,3.074666666666667,3.074666666666667,3.074666666666667,3.074666666666667,2.9825333333333335,2.8904,2.7982666666666667,2.7061333333333337,2.6140000000000003,2.6140000000000003,2.6140000000000003,2.6140000000000003,2.6140000000000003,2.6140000000000003,2.613666666666667,2.6133333333333337,2.613,2.6126666666666667,2.6123333333333334
299,random,unseeded,vesicle,3,,,,,9.373333333333333,8.833666666666666,8.294,7.754333333333333,7.214666666666666,6.675,6.412333333333334,6.149666666666667,5.8870000000000005,5.624333333333334,5.361666666666667,5.142733333333334,4.923800000000001,4.704866666666668,4.4859333333333336,4.267,4.178000000000001,4.089,4.0,3.9110000000000005,3.8220000000000005,3.726266666666667,3.6305333333333336,3.5348,3.4390666666666667,3.3433333333333333,3.3433333333333333,3.3433333333333333,3.3433333333333333,3.3433333333333333,3.3433333333333333,3.328533333333333,3.3137333333333334,3.2989333333333333,3.2841333333333336,3.2693333333333334,3.0841333333333334,2.8989333333333334,2.7137333333333333,2.5285333333333333,2.3433333333333333,2.3433333333333333,2.3433333333333333,2.3433333333333333,2.3433333333333333,2.3433333333333333
300,random,unseeded,vesicle,4,,,,,7.961333333333333,7.132066666666667,6.3027999999999995,5.473533333333333,4.644266666666667,3.815,3.815,3.815,3.815,3.815,3.815,3.6955999999999998,3.5762,3.4568,3.3374,3.218,3.218,3.218,3.218,3.218,3.218,3.1568666666666667,3.0957333333333334,3.0345999999999997,2.9734666666666665,2.912333333333333,2.9028,2.893266666666667,2.8837333333333333,2.8742,2.864666666666667,2.8027333333333337,2.7408,2.678866666666667,2.6169333333333333,2.555,2.555,2.555,2.555,2.555,2.555,2.4848000000000003,2.4146,2.3444000000000003,2.2742,2.204
301,random,unseeded,wormlike micelle,0,,,,,3.596,3.596,3.596,3.596,3.596,3.596,3.596,3.596,3.596,3.596,3.596,3.5268,3.4576000000000002,3.3884,3.3192,3.25,3.1536666666666666,3.0573333333333332,2.961,2.8646666666666665,2.768333333333333,2.6424,2.5164666666666666,2.3905333333333334,2.2646,2.138666666666667,2.138666666666667,2.138666666666667,2.138666666666667,2.138666666666667,2.138666666666667,2.138666666666667,2.138666666666667,2.138666666666667,2.138666666666667,2.138666666666667,2.0122,1.8857333333333335,1.7592666666666668,1.6328,1.5063333333333333,1.5063333333333333,1.5063333333333333,1.5063333333333333,1.5063333333333333,1.5063333333333333
302,random,unseeded,wormlike micelle,1,,,,,9.149666666666667,8.344866666666666,7.540066666666666,6.735266666666667,5.930466666666667,5.125666666666667,4.958333333333333,4.791,4.623666666666667,4.456333333333334,4.289000000000001,4.289000000000001,4.289000000000001,4.289000000000001,4.289000000000001,4.289000000000001,4.224733333333334,4.160466666666667,4.0962000000000005,4.031933333333334,3.9676666666666667,3.9676666666666667,3.9676666666666667,3.9676666666666667,3.9676666666666667,3.9676666666666667,3.9676666666666667,3.9676666666666667,3.9676666666666667,3.9676666666666667,3.9676666666666667,3.7108666666666665,3.454066666666667,3.1972666666666667,2.9404666666666666,2.683666666666667,2.683666666666667,2.683666666666667,2.683666666666667,2.683666666666667,2.683666666666667,2.5042,2.3247333333333335,2.1452666666666667,1.9658,1.7863333333333333
303,random,unseeded,wormlike micelle,2,,,,,11.849000000000002,11.157000000000002,10.465000000000002,9.773000000000001,9.081000000000001,8.389000000000001,8.000933333333334,7.612866666666667,7.2248,6.836733333333334,6.448666666666667,5.7325333333333335,5.0164,4.300266666666667,3.5841333333333334,2.868,2.8122666666666665,2.756533333333333,2.7008,2.6450666666666667,2.5893333333333333,2.4918666666666667,2.3944,2.2969333333333335,2.1994666666666665,2.102,2.102,2.102,2.102,2.102,2.102,2.0614,2.0208,1.9801999999999997,1.9395999999999998,1.8989999999999998,1.8989999999999998,1.8989999999999998,1.8989999999999998,1.8989999999999998,1.8989999999999998,1.8989999999999998,1.8989999999999998,1.8989999999999998,1.8989999999999998,1.8989999999999998
304,random,unseeded,wormlike micelle,3,,,,,8.152,7.363999999999999,6.576,5.787999999999999,5.0,4.212,4.212,4.212,4.212,4.212,4.212,4.043466666666666,3.8749333333333333,3.7064,3.537866666666667,3.3693333333333335,3.3693333333333335,3.3693333333333335,3.3693333333333335,3.3693333333333335,3.3693333333333335,3.3693333333333335,3.3693333333333335,3.3693333333333335,3.3693333333333335,3.3693333333333335,3.3693333333333335,3.3693333333333335,3.3693333333333335,3.3693333333333335,3.3693333333333335,3.3693333333333335,3.3693333333333335,3.3693333333333335,3.3693333333333335,3.3693333333333335,3.3693333333333335,3.3693333333333335,3.3693333333333335,3.3693333333333335,3.3693333333333335,3.3693333333333335,3.3693333333333335,3.3693333333333335,3.3693333333333335,3.3693333333333335
305,random,unseeded,wormlike micelle,4,,,,,6.219000000000001,5.8660000000000005,5.513000000000001,5.16,4.807,4.454,4.2032,3.9524,3.7015999999999996,3.4507999999999996,3.1999999999999997,3.1399999999999997,3.0799999999999996,3.02,2.96,2.9,2.9,2.9,2.9,2.9,2.9,2.7480666666666664,2.5961333333333334,2.4442,2.2922666666666665,2.1403333333333334,2.0046,1.8688666666666667,1.7331333333333334,1.5974,1.4616666666666667,1.4616666666666667,1.4616666666666667,1.4616666666666667,1.4616666666666667,1.4616666666666667,1.4616666666666667,1.4616666666666667,1.4616666666666667,1.4616666666666667,1.4616666666666667,1.4616666666666667,1.4616666666666667,1.4616666666666667,1.4616666666666667,1.4616666666666667
306,random,unseeded,spherical micelle,0,,,,,7.1436666666666655,7.030666666666666,6.917666666666666,6.804666666666666,6.691666666666666,6.578666666666667,6.347066666666667,6.115466666666666,5.883866666666666,5.652266666666667,5.4206666666666665,5.4177333333333335,5.4148,5.411866666666667,5.408933333333333,5.406,5.300866666666667,5.195733333333333,5.0906,4.9854666666666665,4.880333333333334,4.7889333333333335,4.697533333333333,4.606133333333333,4.514733333333333,4.423333333333333,4.423333333333333,4.423333333333333,4.423333333333333,4.423333333333333,4.423333333333333,4.319133333333333,4.214933333333333,4.110733333333333,4.0065333333333335,3.9023333333333334,3.9023333333333334,3.9023333333333334,3.9023333333333334,3.9023333333333334,3.9023333333333334,3.9023333333333334,3.9023333333333334,3.9023333333333334,3.9023333333333334,3.9023333333333334
307,random,unseeded,spherical micelle,1,,,,,8.621,8.283133333333334,7.945266666666667,7.6074,7.269533333333334,6.9316666666666675,6.634,6.336333333333333,6.038666666666666,5.741,5.4433333333333325,5.294599999999999,5.145866666666666,4.997133333333333,4.8484,4.699666666666666,4.699666666666666,4.699666666666666,4.699666666666666,4.699666666666666,4.699666666666666,4.699666666666666,4.699666666666666,4.699666666666666,4.699666666666666,4.699666666666666,4.627466666666666,4.555266666666666,4.483066666666666,4.410866666666666,4.338666666666666,4.338666666666666,4.338666666666666,4.338666666666666,4.338666666666666,4.338666666666666,4.3099333333333325,4.281199999999999,4.252466666666667,4.223733333333334,4.195,4.195,4.195,4.195,4.195,4.195
308,random,unseeded,spherical micelle,2,,,,,11.323333333333332,10.358866666666666,9.3944,8.429933333333334,7.465466666666667,6.501,6.250666666666667,6.000333333333334,5.75,5.499666666666666,5.249333333333333,5.079533333333333,4.9097333333333335,4.739933333333333,4.570133333333334,4.400333333333333,4.400333333333333,4.400333333333333,4.400333333333333,4.400333333333333,4.400333333333333,4.400333333333333,4.400333333333333,4.400333333333333,4.400333333333333,4.400333333333333,4.351533333333333,4.302733333333333,4.253933333333333,4.205133333333333,4.156333333333333,4.156333333333333,4.156333333333333,4.156333333333333,4.156333333333333,4.156333333333333,4.119133333333334,4.081933333333334,4.044733333333333,4.007533333333334,3.970333333333334,3.970333333333334,3.970333333333334,3.970333333333334,3.970333333333334,3.970333333333334
309,random,unseeded,spherical micelle,3,,,,,5.911333333333334,5.517866666666667,5.1244000000000005,4.7309333333333345,4.337466666666668,3.9440000000000004,3.9440000000000004,3.9440000000000004,3.9440000000000004,3.9440000000000004,3.9440000000000004,3.9440000000000004,3.9440000000000004,3.9440000000000004,3.9440000000000004,3.9440000000000004,3.8657333333333335,3.787466666666667,3.7092,3.6309333333333336,3.5526666666666666,3.4564666666666666,3.3602666666666665,3.2640666666666664,3.167866666666667,3.0716666666666668,3.0716666666666668,3.0716666666666668,3.0716666666666668,3.0716666666666668,3.0716666666666668,3.0716666666666668,3.0716666666666668,3.0716666666666668,3.0716666666666668,3.0716666666666668,3.0716666666666668,3.0716666666666668,3.0716666666666668,3.0716666666666668,3.0716666666666668,3.0716666666666668,3.0716666666666668,3.0716666666666668,3.0716666666666668,3.0716666666666668
310,random,unseeded,spherical micelle,4,,,,,6.711666666666667,6.670466666666667,6.629266666666667,6.588066666666667,6.546866666666667,6.505666666666667,6.0911333333333335,5.6766000000000005,5.262066666666667,4.847533333333333,4.433,4.1732,3.9133999999999998,3.6536,3.3937999999999997,3.134,2.9774,2.8207999999999998,2.6642,2.5076,2.351,2.351,2.351,2.351,2.351,2.351,2.351,2.351,2.351,2.351,2.351,2.1662666666666666,1.9815333333333334,1.7968,1.6120666666666668,1.4273333333333333,1.4273333333333333,1.4273333333333333,1.4273333333333333,1.4273333333333333,1.4273333333333333,1.4273333333333333,1.4273333333333333,1.4273333333333333,1.4273333333333333,1.4273333333333333
