,Experiment,Seed Type,Morphology,Replica,topkd after 1 Labels,topkd after 2 Labels,topkd after 3 Labels,topkd after 4 Labels,topkd after 5 Labels,topkd after 6 Labels,topkd after 7 Labels,topkd after 8 Labels,topkd after 9 Labels,topkd after 10 Labels,topkd after 11 Labels,topkd after 12 Labels,topkd after 13 Labels,topkd after 14 Labels,topkd after 15 Labels,topkd after 16 Labels,topkd after 17 Labels,topkd after 18 Labels,topkd after 19 Labels,topkd after 20 Labels,topkd after 21 Labels,topkd after 22 Labels,topkd after 23 Labels,topkd after 24 Labels,topkd after 25 Labels,topkd after 26 Labels,topkd after 27 Labels,topkd after 28 Labels,topkd after 29 Labels,topkd after 30 Labels,topkd after 31 Labels,topkd after 32 Labels,topkd after 33 Labels,topkd after 34 Labels,topkd after 35 Labels,topkd after 36 Labels,topkd after 37 Labels,topkd after 38 Labels,topkd after 39 Labels,topkd after 40 Labels,topkd after 41 Labels,topkd after 42 Labels,topkd after 43 Labels,topkd after 44 Labels,topkd after 45 Labels,topkd after 46 Labels,topkd after 47 Labels,topkd after 48 Labels,topkd after 49 Labels,topkd after 50 Labels
0,oracle,seeded,string,0,,,,,6.743666666666667,5.168666666666667,3.5936666666666666,2.0186666666666664,0.44366666666666665,0.4351333333333333,0.4266,0.4180666666666667,0.40953333333333336,0.401,0.3814666666666667,0.36193333333333333,0.34240000000000004,0.3228666666666667,0.30333333333333334,0.30333333333333334,0.30333333333333334,0.30333333333333334,0.30333333333333334,0.30333333333333334,0.30333333333333334,0.30333333333333334,0.30333333333333334,0.30333333333333334,0.30333333333333334,0.30333333333333334,0.30333333333333334,0.30333333333333334,0.30333333333333334,0.30333333333333334,0.30333333333333334,0.30333333333333334,0.30333333333333334,0.30333333333333334,0.30333333333333334,0.30333333333333334,0.30333333333333334,0.30333333333333334,0.30333333333333334,0.30333333333333334,0.30333333333333334,0.30333333333333334,0.30333333333333334,0.30333333333333334,0.30333333333333334,0.30333333333333334
1,oracle,seeded,string,1,,,,,3.669333333333333,2.827833333333333,1.986333333333333,1.1448333333333331,0.30333333333333334,0.30333333333333334,0.30333333333333334,0.30333333333333334,0.30333333333333334,0.30333333333333334,0.30333333333333334,0.30333333333333334,0.30333333333333334,0.30333333333333334,0.30333333333333334,0.30333333333333334,0.30333333333333334,0.30333333333333334,0.30333333333333334,0.30333333333333334,0.30333333333333334,0.30333333333333334,0.30333333333333334,0.30333333333333334,0.30333333333333334,0.30333333333333334,0.30333333333333334,0.30333333333333334,0.30333333333333334,0.30333333333333334,0.30333333333333334,0.30333333333333334,0.30333333333333334,0.30333333333333334,0.30333333333333334,0.30333333333333334,0.30333333333333334,0.30333333333333334,0.30333333333333334,0.30333333333333334,0.30333333333333334,0.30333333333333334,0.30333333333333334,0.30333333333333334,0.30333333333333334,0.30333333333333334
2,oracle,seeded,string,2,,,,,7.3806666666666665,5.656583333333334,3.9325,2.2084166666666665,0.48433333333333334,0.44826666666666665,0.4122,0.3761333333333333,0.34006666666666663,0.304,0.2878,0.2716,0.2554,0.2392,0.223,0.223,0.223,0.223,0.223,0.223,0.223,0.223,0.223,0.223,0.223,0.223,0.223,0.223,0.223,0.223,0.223,0.223,0.223,0.223,0.223,0.223,0.223,0.223,0.223,0.223,0.223,0.223,0.223,0.223,0.223,0.223
3,oracle,seeded,string,3,,,,,7.906999999999999,6.567833333333333,5.228666666666666,3.8895,2.550333333333333,2.464733333333333,2.3791333333333333,2.2935333333333334,2.207933333333333,2.122333333333333,2.122333333333333,2.122333333333333,2.122333333333333,2.122333333333333,2.122333333333333,2.122333333333333,2.122333333333333,2.122333333333333,2.122333333333333,2.122333333333333,2.122333333333333,2.122333333333333,2.122333333333333,2.122333333333333,2.122333333333333,1.9969333333333332,1.8715333333333333,1.746133333333333,1.6207333333333331,1.4953333333333332,1.4303333333333332,1.3653333333333333,1.3003333333333333,1.2353333333333334,1.1703333333333334,1.1703333333333334,1.1703333333333334,1.1703333333333334,1.1703333333333334,1.1703333333333334,1.0698,0.9692666666666667,0.8687333333333335,0.7682000000000001,0.6676666666666667,0.6676666666666667
4,oracle,seeded,string,4,,,,,5.104333333333333,4.2375,3.3706666666666667,2.5038333333333336,1.6370000000000002,1.4659333333333335,1.2948666666666668,1.1238000000000001,0.9527333333333333,0.7816666666666666,0.7729999999999999,0.7643333333333333,0.7556666666666666,0.747,0.7383333333333333,0.7352,0.7320666666666666,0.7289333333333333,0.7258,0.7226666666666667,0.6855333333333333,0.6484,0.6112666666666666,0.5741333333333334,0.537,0.537,0.537,0.537,0.537,0.537,0.537,0.537,0.537,0.537,0.537,0.537,0.537,0.537,0.537,0.537,0.48160000000000003,0.4262,0.3708,0.3154,0.26,0.26
5,oracle,seeded,wormlike micelle,0,,,,,9.193333333333333,8.485416666666667,7.7775,7.069583333333334,6.361666666666667,5.811666666666667,5.261666666666667,4.711666666666667,4.161666666666667,3.611666666666667,3.312266666666667,3.0128666666666666,2.7134666666666667,2.414066666666667,2.114666666666667,1.9916000000000003,1.8685333333333336,1.7454666666666667,1.6224,1.4993333333333334,1.4993333333333334,1.4993333333333334,1.4993333333333334,1.4993333333333334,1.4993333333333334,1.4987333333333335,1.4981333333333333,1.4975333333333334,1.4969333333333332,1.4963333333333333,1.4963333333333333,1.4963333333333333,1.4963333333333333,1.4963333333333333,1.4963333333333333,1.4304666666666666,1.3646,1.2987333333333333,1.2328666666666668,1.167,1.167,1.167,1.167,1.167,1.167,1.0788
6,oracle,seeded,wormlike micelle,1,,,,,3.321,2.9753333333333334,2.6296666666666666,2.284,1.9383333333333332,1.9049333333333334,1.8715333333333333,1.8381333333333334,1.8047333333333333,1.7713333333333334,1.7713333333333334,1.7713333333333334,1.7713333333333334,1.7713333333333334,1.7713333333333334,1.7713333333333334,1.7713333333333334,1.7713333333333334,1.7713333333333334,1.7713333333333334,1.7244000000000002,1.6774666666666669,1.6305333333333336,1.5836000000000001,1.5366666666666668,1.5366666666666668,1.5366666666666668,1.5366666666666668,1.5366666666666668,1.5366666666666668,1.5366666666666668,1.5366666666666668,1.5366666666666668,1.5366666666666668,1.5366666666666668,1.5366666666666668,1.5366666666666668,1.5366666666666668,1.5366666666666668,1.5366666666666668,1.5366666666666668,1.5366666666666668,1.5366666666666668,1.5366666666666668,1.5366666666666668,1.5366666666666668
7,oracle,seeded,wormlike micelle,2,,,,,11.299000000000001,9.787166666666668,8.275333333333334,6.7635,5.251666666666666,4.518199999999999,3.784733333333333,3.051266666666667,2.3178,1.5843333333333334,1.5652666666666668,1.5462,1.5271333333333335,1.5080666666666667,1.489,1.4161333333333335,1.3432666666666666,1.2704,1.1975333333333333,1.1246666666666665,1.1246666666666665,1.1246666666666665,1.1246666666666665,1.1246666666666665,1.1246666666666665,1.1246666666666665,1.1246666666666665,1.1246666666666665,1.1246666666666665,1.1246666666666665,1.1246666666666665,1.1246666666666665,1.1246666666666665,1.1246666666666665,1.1246666666666665,1.1246666666666665,1.1246666666666665,1.1246666666666665,1.1246666666666665,1.1246666666666665,1.032333333333333,0.9399999999999998,0.8476666666666666,0.7553333333333332,0.6629999999999999,0.6629999999999999
8,oracle,seeded,wormlike micelle,3,,,,,10.602666666666666,8.643333333333333,6.683999999999999,4.724666666666666,2.765333333333333,2.283733333333333,1.8021333333333331,1.3205333333333331,0.8389333333333333,0.35733333333333334,0.30933333333333335,0.2613333333333333,0.21333333333333332,0.16533333333333333,0.11733333333333333,0.11153333333333333,0.10573333333333333,0.09993333333333333,0.09413333333333333,0.08833333333333333,0.08833333333333333,0.08833333333333333,0.08833333333333333,0.08833333333333333,0.08833333333333333,0.08833333333333333,0.08833333333333333,0.08833333333333333,0.08833333333333333,0.08833333333333333,0.08833333333333333,0.08833333333333333,0.08833333333333333,0.08833333333333333,0.08833333333333333,0.08833333333333333,0.08833333333333333,0.08833333333333333,0.08833333333333333,0.08833333333333333,0.08833333333333333,0.08833333333333333,0.08833333333333333,0.08833333333333333,0.08833333333333333,0.08833333333333333
9,oracle,seeded,wormlike micelle,4,,,,,9.659333333333334,8.722916666666668,7.7865,6.850083333333334,5.913666666666667,5.008533333333333,4.103400000000001,3.198266666666667,2.2931333333333335,1.388,1.388,1.388,1.388,1.388,1.388,1.3772,1.3663999999999998,1.3556,1.3447999999999998,1.3339999999999999,1.3339999999999999,1.3339999999999999,1.3339999999999999,1.3339999999999999,1.3339999999999999,1.3339999999999999,1.3339999999999999,1.3339999999999999,1.3339999999999999,1.3339999999999999,1.3339999999999999,1.3339999999999999,1.3339999999999999,1.3339999999999999,1.3339999999999999,1.3339999999999999,1.3339999999999999,1.3339999999999999,1.3339999999999999,1.3339999999999999,1.2683333333333333,1.2026666666666666,1.137,1.0713333333333335,1.0056666666666667,1.0056666666666667
10,oracle,unseeded,string,0,,,,,9.988333333333333,9.8654,9.742466666666667,9.619533333333333,9.4966,9.373666666666667,9.373666666666667,9.373666666666667,9.373666666666667,9.373666666666667,9.373666666666667,8.886266666666668,8.398866666666667,7.9114666666666675,7.4240666666666675,6.936666666666667,6.936666666666667,6.936666666666667,6.936666666666667,6.936666666666667,6.936666666666667,6.841866666666667,6.747066666666667,6.652266666666667,6.5574666666666666,6.462666666666666,6.462666666666666,6.462666666666666,6.462666666666666,6.462666666666666,6.462666666666666,6.462666666666666,6.462666666666666,6.462666666666666,6.462666666666666,6.462666666666666,6.4106,6.358533333333333,6.306466666666666,6.2543999999999995,6.202333333333333,6.162733333333333,6.123133333333333,6.083533333333333,6.0439333333333325,6.004333333333332
11,oracle,unseeded,string,1,,,,,7.0889999999999995,7.0889999999999995,7.0889999999999995,7.0889999999999995,7.0889999999999995,7.070333333333333,7.051666666666667,7.033,7.014333333333334,6.995666666666668,6.9800666666666675,6.9644666666666675,6.9488666666666665,6.9332666666666665,6.917666666666666,6.706799999999999,6.495933333333333,6.285066666666666,6.0742,5.863333333333333,5.863333333333333,5.863333333333333,5.863333333333333,5.863333333333333,5.863333333333333,5.733066666666667,5.6028,5.472533333333333,5.342266666666666,5.212,4.838266666666667,4.464533333333333,4.0908,3.7170666666666667,3.3433333333333333,3.3433333333333333,3.3433333333333333,3.3433333333333333,3.3433333333333333,3.3433333333333333,3.3433333333333333,3.3433333333333333,3.3433333333333333,3.3433333333333333,3.3433333333333333,3.2744
12,oracle,unseeded,string,2,,,,,9.714,9.141111111111112,8.568222222222223,7.995333333333334,7.672933333333334,7.350533333333334,7.028133333333333,6.705733333333333,6.383333333333333,5.802266666666666,5.2212,4.640133333333333,4.059066666666666,3.4779999999999998,3.195533333333333,2.9130666666666665,2.6306,2.348133333333333,2.0656666666666665,2.0492666666666666,2.0328666666666666,2.0164666666666666,2.0000666666666667,1.983666666666667,1.9759333333333335,1.9682000000000002,1.9604666666666668,1.9527333333333334,1.945,1.945,1.945,1.945,1.945,1.945,1.8993333333333333,1.8536666666666668,1.808,1.7623333333333335,1.7166666666666668,1.6836666666666669,1.6506666666666667,1.6176666666666668,1.5846666666666667,1.5516666666666667,1.5106,1.4695333333333334
13,oracle,unseeded,string,3,,,,,12.219,11.332933333333333,10.446866666666667,9.5608,8.674733333333332,7.788666666666667,7.181333333333334,6.574,5.966666666666667,5.359333333333334,4.752,4.6174,4.4828,4.348199999999999,4.2136,4.079,3.9406,3.8022,3.6638,3.5254,3.387,3.1152,2.8434,2.5716,2.2998000000000003,2.028,1.9702666666666666,1.9125333333333334,1.8548,1.7970666666666668,1.7393333333333334,1.6978,1.6562666666666666,1.6147333333333334,1.5732,1.5316666666666665,1.4487333333333332,1.3658,1.2828666666666666,1.1999333333333333,1.117,1.0185333333333333,0.9200666666666667,0.8216,0.7231333333333334,0.6246666666666667
14,oracle,unseeded,string,4,,,,,8.822333333333333,7.8285,6.834666666666667,5.840833333333333,4.847,4.697266666666667,4.547533333333334,4.3978,4.248066666666667,4.098333333333334,4.0696666666666665,4.041,4.012333333333333,3.9836666666666667,3.955,3.7906666666666666,3.626333333333333,3.4619999999999997,3.2976666666666667,3.1333333333333333,3.1333333333333333,3.1333333333333333,3.1333333333333333,3.1333333333333333,3.1333333333333333,3.0638666666666667,2.9944,2.924933333333333,2.8554666666666666,2.786,2.786,2.786,2.786,2.786,2.786,2.786,2.786,2.786,2.786,2.786,2.575466666666667,2.3649333333333336,2.1544,1.9438666666666666,1.7333333333333334,1.7333333333333334
15,oracle,unseeded,membrane,0,,,,,7.6290000000000004,7.285166666666667,6.941333333333334,6.5975,6.253666666666667,6.253666666666667,6.253666666666667,6.253666666666667,6.253666666666667,6.253666666666667,6.165,6.076333333333333,5.987666666666667,5.899,5.810333333333333,5.553,5.2956666666666665,5.038333333333333,4.781,4.523666666666666,4.051933333333333,3.5801999999999996,3.1084666666666667,2.6367333333333334,2.165,2.0968,2.0286,1.9604,1.8922,1.824,1.7352,1.6464,1.5576,1.4688,1.3800000000000001,1.3413333333333335,1.3026666666666669,1.264,1.2253333333333334,1.1866666666666668,1.1866666666666668,1.1866666666666668,1.1866666666666668,1.1866666666666668,1.1866666666666668,1.1866666666666668
16,oracle,unseeded,membrane,1,,,,,8.321333333333333,7.249533333333334,6.177733333333333,5.105933333333333,4.034133333333333,2.9623333333333335,2.6559333333333335,2.3495333333333335,2.0431333333333335,1.7367333333333335,1.4303333333333335,1.3689333333333333,1.3075333333333334,1.2461333333333333,1.1847333333333334,1.1233333333333333,1.1233333333333333,1.1233333333333333,1.1233333333333333,1.1233333333333333,1.1233333333333333,1.1233333333333333,1.1233333333333333,1.1233333333333333,1.1233333333333333,1.1233333333333333,1.1092,1.0950666666666666,1.0809333333333335,1.0668000000000002,1.0526666666666669,1.0526666666666669,1.0526666666666669,1.0526666666666669,1.0526666666666669,1.0526666666666669,1.0526666666666669,1.0526666666666669,1.0526666666666669,1.0526666666666669,1.0526666666666669,1.0526666666666669,1.0526666666666669,1.0526666666666669,1.0526666666666669,1.0526666666666669
17,oracle,unseeded,membrane,2,,,,,5.9430000000000005,5.643666666666667,5.344333333333333,5.045,4.745666666666667,4.315266666666667,3.884866666666667,3.454466666666667,3.024066666666667,2.593666666666667,2.3865333333333334,2.1794000000000002,1.9722666666666666,1.7651333333333332,1.5579999999999998,1.4505333333333332,1.3430666666666666,1.2356,1.1281333333333334,1.0206666666666668,0.9753333333333335,0.9300000000000002,0.8846666666666667,0.8393333333333334,0.794,0.7221333333333333,0.6502666666666667,0.5784,0.5065333333333333,0.4346666666666666,0.4330666666666666,0.4314666666666666,0.42986666666666656,0.4282666666666666,0.4266666666666666,0.4266666666666666,0.4266666666666666,0.4266666666666666,0.4266666666666666,0.4266666666666666,0.40153333333333324,0.37639999999999996,0.3512666666666666,0.3261333333333333,0.301,0.301
18,oracle,unseeded,membrane,3,,,,,9.196333333333333,8.636777777777779,8.077222222222222,7.517666666666667,6.850933333333334,6.184200000000001,5.5174666666666665,4.850733333333333,4.184,3.7325333333333335,3.281066666666667,2.8296,2.3781333333333334,1.9266666666666667,1.8328666666666666,1.7390666666666668,1.6452666666666667,1.5514666666666668,1.4576666666666667,1.3871333333333333,1.3166,1.2460666666666667,1.1755333333333335,1.1050000000000002,1.0428666666666668,0.9807333333333335,0.9186000000000001,0.8564666666666667,0.7943333333333333,0.7928666666666666,0.7914,0.7899333333333333,0.7884666666666666,0.7869999999999999,0.7869999999999999,0.7869999999999999,0.7869999999999999,0.7869999999999999,0.7869999999999999,0.7347999999999999,0.6826,0.6304,0.5782,0.526,0.5086666666666667,0.49133333333333334
19,oracle,unseeded,membrane,4,,,,,5.488333333333333,5.443666666666666,5.399,5.354333333333333,5.309666666666667,5.265,5.265,5.265,5.265,5.265,5.265,5.193066666666666,5.121133333333333,5.049199999999999,4.977266666666666,4.905333333333332,4.7219999999999995,4.538666666666666,4.355333333333333,4.172,3.988666666666667,3.971733333333334,3.9548,3.937866666666667,3.920933333333333,3.904,3.904,3.904,3.904,3.904,3.904,3.8730666666666664,3.842133333333333,3.8112,3.7802666666666664,3.749333333333333,3.749333333333333,3.749333333333333,3.749333333333333,3.749333333333333,3.749333333333333,3.611533333333333,3.473733333333333,3.335933333333333,3.198133333333333,3.060333333333333
20,oracle,unseeded,wormlike micelle,0,,,,,7.657,7.1268,6.5966000000000005,6.0664,5.5362,5.006,4.7828,4.5596000000000005,4.3364,4.1132,3.89,3.7761333333333336,3.6622666666666666,3.5484,3.434533333333333,3.3206666666666664,3.0738666666666665,2.8270666666666666,2.5802666666666667,2.3334666666666664,2.0866666666666664,2.0866666666666664,2.0866666666666664,2.0866666666666664,2.0866666666666664,2.0866666666666664,2.0866666666666664,2.0866666666666664,2.0866666666666664,2.0866666666666664,2.0866666666666664,2.0426666666666664,1.9986666666666666,1.9546666666666668,1.9106666666666667,1.866666666666667,1.866666666666667,1.866666666666667,1.866666666666667,1.866666666666667,1.866666666666667,1.866666666666667,1.866666666666667,1.866666666666667,1.866666666666667,1.866666666666667
21,oracle,unseeded,wormlike micelle,1,,,,,3.321,3.1704000000000003,3.0198,2.8692,2.7186000000000003,2.568,2.5064,2.4448,2.3832,2.3215999999999997,2.26,2.26,2.26,2.26,2.26,2.26,2.26,2.26,2.26,2.26,2.26,2.26,2.26,2.26,2.26,2.26,2.26,2.26,2.26,2.26,2.26,2.26,2.26,2.26,2.26,2.26,2.26,2.26,2.26,2.26,2.26,2.26,2.26,2.26,2.26,2.26
22,oracle,unseeded,wormlike micelle,2,,,,,10.081333333333333,9.658533333333333,9.235733333333334,8.812933333333334,8.390133333333333,7.967333333333333,7.668533333333333,7.3697333333333335,7.0709333333333335,6.772133333333334,6.473333333333334,6.331533333333334,6.189733333333334,6.047933333333333,5.906133333333333,5.764333333333333,5.764333333333333,5.764333333333333,5.764333333333333,5.764333333333333,5.764333333333333,5.764333333333333,5.764333333333333,5.764333333333333,5.764333333333333,5.764333333333333,5.764333333333333,5.764333333333333,5.764333333333333,5.764333333333333,5.764333333333333,5.764333333333333,5.764333333333333,5.764333333333333,5.764333333333333,5.764333333333333,5.6606,5.556866666666667,5.453133333333334,5.349400000000001,5.245666666666668,5.211466666666667,5.177266666666667,5.143066666666667,5.108866666666667,5.074666666666666
23,oracle,unseeded,wormlike micelle,3,,,,,10.602666666666666,9.917133333333332,9.2316,8.546066666666666,7.860533333333333,7.175,6.966866666666666,6.758733333333333,6.550599999999999,6.342466666666667,6.134333333333333,5.8378,5.541266666666667,5.2447333333333335,4.9482,4.651666666666667,4.651666666666667,4.651666666666667,4.651666666666667,4.651666666666667,4.651666666666667,4.651666666666667,4.651666666666667,4.651666666666667,4.651666666666667,4.651666666666667,4.591266666666667,4.530866666666667,4.470466666666667,4.410066666666667,4.349666666666667,4.349666666666667,4.349666666666667,4.349666666666667,4.349666666666667,4.349666666666667,4.153733333333333,3.9577999999999998,3.7618666666666662,3.565933333333333,3.3699999999999997,3.0816,2.7931999999999997,2.5048,2.2164,1.928
24,oracle,unseeded,wormlike micelle,4,,,,,8.502,8.502,8.502,8.502,8.502,8.494066666666667,8.486133333333333,8.478200000000001,8.470266666666667,8.462333333333333,8.185266666666667,7.908200000000001,7.631133333333334,7.354066666666667,7.077000000000001,6.751066666666667,6.425133333333334,6.0992,5.773266666666666,5.447333333333333,5.237733333333333,5.028133333333333,4.818533333333333,4.608933333333334,4.399333333333334,4.325466666666667,4.251600000000001,4.177733333333333,4.103866666666667,4.03,3.8713333333333337,3.712666666666667,3.5540000000000003,3.3953333333333333,3.236666666666667,2.985466666666667,2.7342666666666666,2.4830666666666668,2.231866666666667,1.9806666666666668,1.9806666666666668,1.9806666666666668,1.9806666666666668,1.9806666666666668,1.9806666666666668,1.9806666666666668
25,scientific,seeded,string,0,,,,,6.743666666666667,5.481916666666667,4.220166666666667,2.9584166666666665,1.6966666666666665,1.5059333333333331,1.3152,1.1244666666666667,0.9337333333333333,0.743,0.743,0.743,0.743,0.743,0.743,0.743,0.743,0.743,0.743,0.743,0.743,0.743,0.743,0.743,0.743,0.743,0.743,0.743,0.743,0.743,0.743,0.743,0.743,0.743,0.743,0.743,0.743,0.743,0.743,0.743,0.743,0.743,0.743,0.743,0.743,0.743
26,scientific,seeded,string,1,,,,,3.669333333333333,3.3399999999999994,3.0106666666666664,2.681333333333333,2.3519999999999994,2.0226666666666664,1.7992666666666663,1.5758666666666663,1.3524666666666665,1.1290666666666664,0.9056666666666665,0.9056666666666665,0.9056666666666665,0.9056666666666665,0.9056666666666665,0.9056666666666665,0.8575999999999999,0.8095333333333332,0.7614666666666666,0.7134,0.6653333333333333,0.6653333333333333,0.6653333333333333,0.6653333333333333,0.6653333333333333,0.6653333333333333,0.6653333333333333,0.6653333333333333,0.6653333333333333,0.6653333333333333,0.6653333333333333,0.6028,0.5402666666666667,0.47773333333333334,0.4152,0.3526666666666667,0.33553333333333335,0.3184,0.3012666666666667,0.28413333333333335,0.267,0.25826666666666664,0.24953333333333333,0.2408,0.23206666666666664,0.2233333333333333
27,scientific,seeded,string,2,,,,,7.3806666666666665,6.173083333333333,4.9655,3.757916666666666,2.550333333333333,2.550333333333333,2.550333333333333,2.550333333333333,2.550333333333333,2.550333333333333,2.466933333333333,2.3835333333333333,2.300133333333333,2.2167333333333334,2.1333333333333333,2.094533333333333,2.0557333333333334,2.0169333333333332,1.978133333333333,1.9393333333333331,1.7693333333333332,1.599333333333333,1.4293333333333331,1.2593333333333332,1.0893333333333333,0.9581999999999999,0.8270666666666666,0.6959333333333333,0.5648,0.43366666666666664,0.43366666666666664,0.43366666666666664,0.43366666666666664,0.43366666666666664,0.43366666666666664,0.43366666666666664,0.43366666666666664,0.43366666666666664,0.43366666666666664,0.43366666666666664,0.43366666666666664,0.43366666666666664,0.43366666666666664,0.43366666666666664,0.43366666666666664,0.43366666666666664
28,scientific,seeded,string,3,,,,,7.906999999999999,6.482916666666666,5.058833333333332,3.6347499999999995,2.2106666666666666,2.2106666666666666,2.2106666666666666,2.2106666666666666,2.2106666666666666,2.2106666666666666,2.1730666666666667,2.1354666666666664,2.0978666666666665,2.0602666666666662,2.0226666666666664,2.012666666666666,2.0026666666666664,1.9926666666666664,1.9826666666666664,1.9726666666666663,1.9726666666666663,1.9726666666666663,1.9726666666666663,1.9726666666666663,1.9726666666666663,1.9726666666666663,1.9726666666666663,1.9726666666666663,1.9726666666666663,1.9726666666666663,1.9726666666666663,1.9726666666666663,1.9726666666666663,1.9726666666666663,1.9726666666666663,1.9726666666666663,1.9726666666666663,1.9726666666666663,1.9726666666666663,1.9726666666666663,1.9726666666666663,1.9726666666666663,1.9726666666666663,1.9726666666666663,1.9726666666666663,1.9726666666666663
29,scientific,seeded,string,4,,,,,5.104333333333333,4.537333333333333,3.9703333333333335,3.4033333333333333,2.8363333333333336,2.5992,2.3620666666666668,2.124933333333334,1.8878000000000001,1.6506666666666667,1.5928666666666667,1.5350666666666666,1.4772666666666665,1.4194666666666667,1.3616666666666666,1.3616666666666666,1.3616666666666666,1.3616666666666666,1.3616666666666666,1.3616666666666666,1.3616666666666666,1.3616666666666666,1.3616666666666666,1.3616666666666666,1.3616666666666666,1.2382666666666666,1.1148666666666667,0.9914666666666666,0.8680666666666667,0.7446666666666667,0.6673333333333333,0.5900000000000001,0.5126666666666667,0.43533333333333335,0.35800000000000004,0.35800000000000004,0.35800000000000004,0.35800000000000004,0.35800000000000004,0.35800000000000004,0.3440666666666667,0.33013333333333333,0.31620000000000004,0.3022666666666667,0.28833333333333333,0.28833333333333333
30,scientific,seeded,wormlike micelle,0,,,,,9.193333333333333,8.3665,7.539666666666667,6.712833333333333,5.886,5.4458,5.0056,4.5654,4.1251999999999995,3.685,3.6382,3.5914,3.5446,3.4978000000000002,3.451,3.4347333333333334,3.4184666666666668,3.4022,3.3859333333333335,3.369666666666667,3.2746666666666666,3.1796666666666664,3.0846666666666662,2.9896666666666665,2.8946666666666663,2.7920666666666665,2.6894666666666662,2.5868666666666664,2.484266666666666,2.3816666666666664,2.3569999999999998,2.332333333333333,2.3076666666666665,2.283,2.2583333333333333,2.2042,2.1500666666666666,2.0959333333333334,2.0418,1.9876666666666667,1.97,1.9523333333333335,1.9346666666666668,1.9170000000000003,1.8993333333333335,1.8993333333333335
31,scientific,seeded,wormlike micelle,1,,,,,3.321,3.321,3.321,3.321,3.321,2.9465333333333334,2.5720666666666667,2.1976000000000004,1.8231333333333335,1.4486666666666668,1.4486666666666668,1.4486666666666668,1.4486666666666668,1.4486666666666668,1.4486666666666668,1.4486666666666668,1.4486666666666668,1.4486666666666668,1.4486666666666668,1.4486666666666668,1.4486666666666668,1.4486666666666668,1.4486666666666668,1.4486666666666668,1.4486666666666668,1.4486666666666668,1.4486666666666668,1.4486666666666668,1.4486666666666668,1.4486666666666668,1.4458,1.4429333333333334,1.4400666666666666,1.4372,1.4343333333333332,1.4343333333333332,1.4343333333333332,1.4343333333333332,1.4343333333333332,1.4343333333333332,1.3172,1.2000666666666666,1.0829333333333335,0.9658000000000001,0.8486666666666668,0.8099333333333334
32,scientific,seeded,wormlike micelle,2,,,,,11.299000000000001,10.479666666666667,9.660333333333334,8.841000000000001,8.021666666666667,7.526933333333333,7.0322000000000005,6.537466666666667,6.042733333333334,5.548000000000001,4.791200000000001,4.034400000000001,3.2776000000000005,2.5208000000000004,1.764,1.6218,1.4796,1.3374,1.1951999999999998,1.053,1.0004666666666666,0.9479333333333333,0.8954,0.8428666666666667,0.7903333333333333,0.7705333333333333,0.7507333333333333,0.7309333333333333,0.7111333333333333,0.6913333333333332,0.6889333333333333,0.6865333333333333,0.6841333333333334,0.6817333333333334,0.6793333333333335,0.6793333333333335,0.6793333333333335,0.6793333333333335,0.6793333333333335,0.6793333333333335,0.6793333333333335,0.6793333333333335,0.6793333333333335,0.6793333333333335,0.6793333333333335,0.6793333333333335
33,scientific,seeded,wormlike micelle,3,,,,,10.602666666666666,9.49175,8.380833333333333,7.269916666666666,6.159,5.426333333333333,4.693666666666667,3.9610000000000003,3.2283333333333335,2.4956666666666667,2.2974666666666668,2.0992666666666664,1.9010666666666665,1.7028666666666665,1.5046666666666664,1.5046666666666664,1.5046666666666664,1.5046666666666664,1.5046666666666664,1.5046666666666664,1.4024666666666663,1.3002666666666665,1.1980666666666666,1.0958666666666665,0.9936666666666666,0.9936666666666666,0.9936666666666666,0.9936666666666666,0.9936666666666666,0.9936666666666666,0.9936666666666666,0.9936666666666666,0.9936666666666666,0.9936666666666666,0.9936666666666666,0.9936666666666666,0.9936666666666666,0.9936666666666666,0.9936666666666666,0.9936666666666666,0.9936666666666666,0.9936666666666666,0.9936666666666666,0.9936666666666666,0.9936666666666666,0.9936666666666666
34,scientific,seeded,wormlike micelle,4,,,,,9.659333333333334,9.210133333333335,8.760933333333334,8.311733333333333,7.862533333333333,7.413333333333333,6.990266666666666,6.5672,6.144133333333333,5.721066666666665,5.297999999999999,4.611866666666666,3.925733333333333,3.2396000000000003,2.553466666666667,1.8673333333333335,1.7984666666666669,1.7296,1.6607333333333334,1.5918666666666668,1.523,1.4808666666666666,1.4387333333333332,1.3965999999999998,1.3544666666666667,1.3123333333333334,1.2464666666666666,1.1806,1.1147333333333334,1.0488666666666666,0.983,0.9698666666666667,0.9567333333333333,0.9436000000000001,0.9304666666666668,0.9173333333333334,0.9031333333333335,0.8889333333333335,0.8747333333333334,0.8605333333333334,0.8463333333333334,0.8463333333333334,0.8463333333333334,0.8463333333333334,0.8463333333333334,0.8463333333333334
35,scientific,unseeded,string,0,,,,,9.988333333333333,9.269466666666666,8.550600000000001,7.831733333333334,7.112866666666667,6.394000000000001,5.857333333333334,5.320666666666668,4.784000000000001,4.247333333333334,3.710666666666667,3.188533333333334,2.6664000000000003,2.1442666666666668,1.6221333333333336,1.0999999999999999,1.0033333333333332,0.9066666666666666,0.8099999999999999,0.7133333333333334,0.6166666666666667,0.5641333333333334,0.5116,0.4590666666666667,0.40653333333333336,0.35400000000000004,0.3307333333333334,0.3074666666666667,0.2842,0.26093333333333335,0.2376666666666667,0.21833333333333335,0.199,0.1796666666666667,0.16033333333333336,0.14100000000000001,0.14100000000000001,0.14100000000000001,0.14100000000000001,0.14100000000000001,0.14100000000000001,0.14100000000000001,0.14100000000000001,0.14100000000000001,0.14100000000000001,0.14100000000000001
36,scientific,unseeded,string,1,,,,,7.0889999999999995,6.640266666666666,6.191533333333333,5.7428,5.294066666666667,4.8453333333333335,4.416733333333333,3.9881333333333333,3.5595333333333334,3.130933333333333,2.7023333333333333,2.489,2.2756666666666665,2.062333333333333,1.849,1.6356666666666666,1.5211333333333332,1.4065999999999999,1.2920666666666665,1.1775333333333333,1.063,1.063,1.063,1.063,1.063,1.063,1.0187333333333333,0.9744666666666667,0.9302,0.8859333333333335,0.8416666666666668,0.8416666666666668,0.8416666666666668,0.8416666666666668,0.8416666666666668,0.8416666666666668,0.8416666666666668,0.8416666666666668,0.8416666666666668,0.8416666666666668,0.8416666666666668,0.8058666666666667,0.7700666666666667,0.7342666666666666,0.6984666666666667,0.6626666666666666
37,scientific,unseeded,string,2,,,,,9.714,9.3978,9.0816,8.765400000000001,8.449200000000001,8.133000000000001,8.133000000000001,8.133000000000001,8.133000000000001,8.133000000000001,8.133000000000001,8.133000000000001,8.133000000000001,8.133000000000001,8.133000000000001,8.133000000000001,8.0654,7.9978,7.9302,7.8626,7.794999999999999,7.692133333333333,7.589266666666666,7.486399999999999,7.383533333333332,7.280666666666666,7.2474,7.214133333333333,7.180866666666667,7.1476,7.114333333333334,7.1004000000000005,7.086466666666667,7.072533333333333,7.0586,7.044666666666667,7.024533333333333,7.0044,6.984266666666667,6.964133333333334,6.944,6.944,6.944,6.944,6.944,6.944
38,scientific,unseeded,string,3,,,,,12.219,11.5518,10.8846,10.217400000000001,9.5502,8.883000000000001,8.620533333333334,8.358066666666668,8.095600000000001,7.833133333333334,7.570666666666668,7.372133333333334,7.1736,6.975066666666667,6.776533333333333,6.577999999999999,6.416666666666666,6.255333333333333,6.094,5.932666666666667,5.771333333333334,5.271800000000001,4.772266666666667,4.272733333333333,3.7732,3.2736666666666667,3.2436666666666665,3.2136666666666667,3.1836666666666664,3.1536666666666666,3.1236666666666664,3.029533333333333,2.9354,2.841266666666667,2.747133333333333,2.653,2.502,2.351,2.2,2.049,1.898,1.6296666666666666,1.3613333333333333,1.093,0.8246666666666667,0.5563333333333333
39,scientific,unseeded,string,4,,,,,8.822333333333333,8.432083333333333,8.041833333333333,7.651583333333333,7.261333333333333,7.261333333333333,7.261333333333333,7.261333333333333,7.261333333333333,7.261333333333333,7.0107333333333335,6.760133333333333,6.509533333333334,6.258933333333333,6.008333333333334,5.9372,5.866066666666667,5.794933333333333,5.7238,5.652666666666666,5.4384,5.224133333333333,5.0098666666666665,4.795599999999999,4.581333333333333,4.4072,4.233066666666667,4.058933333333334,3.8848000000000003,3.710666666666667,3.697066666666667,3.683466666666667,3.669866666666667,3.6562666666666668,3.642666666666667,3.544,3.4453333333333336,3.3466666666666667,3.248,3.1493333333333333,3.0207333333333333,2.8921333333333332,2.763533333333333,2.6349333333333336,2.5063333333333335,2.357666666666667
40,scientific,unseeded,membrane,0,,,,,7.6290000000000004,7.207266666666667,6.785533333333333,6.3638,5.942066666666667,5.520333333333333,5.2596,4.998866666666667,4.738133333333334,4.477400000000001,4.216666666666668,4.072466666666667,3.9282666666666675,3.784066666666667,3.639866666666667,3.4956666666666667,3.284266666666667,3.0728666666666666,2.861466666666667,2.6500666666666666,2.4386666666666668,2.2596,2.0805333333333333,1.9014666666666666,1.7224,1.5433333333333332,1.4618,1.3802666666666665,1.2987333333333333,1.2172,1.1356666666666666,1.1356666666666666,1.1356666666666666,1.1356666666666666,1.1356666666666666,1.1356666666666666,1.0894,1.0431333333333332,0.9968666666666666,0.9506,0.9043333333333333,0.9043333333333333,0.9043333333333333,0.9043333333333333,0.9043333333333333,0.9043333333333333
41,scientific,unseeded,membrane,1,,,,,8.321333333333333,7.833833333333334,7.346333333333334,6.858833333333333,6.371333333333333,6.0058,5.640266666666666,5.274733333333334,4.9092,4.543666666666667,4.387266666666667,4.2308666666666666,4.074466666666667,3.918066666666667,3.7616666666666667,3.4998666666666667,3.2380666666666666,2.976266666666667,2.714466666666667,2.452666666666667,2.452666666666667,2.452666666666667,2.452666666666667,2.452666666666667,2.452666666666667,2.4186,2.3845333333333336,2.3504666666666667,2.3164000000000002,2.2823333333333333,2.234,2.1856666666666666,2.1373333333333333,2.089,2.0406666666666666,1.9794,1.9181333333333335,1.8568666666666669,1.7956,1.7343333333333335,1.5974666666666668,1.4606000000000001,1.3237333333333334,1.1868666666666667,1.05,1.0225333333333333
42,scientific,unseeded,membrane,2,,,,,5.9430000000000005,5.3276,4.7122,4.0968,3.4814000000000003,2.866,2.5088666666666666,2.1517333333333335,1.7946,1.4374666666666667,1.0803333333333334,0.9998,0.9192666666666667,0.8387333333333333,0.7582,0.6776666666666666,0.6382666666666666,0.5988666666666667,0.5594666666666667,0.5200666666666667,0.48066666666666674,0.48066666666666674,0.48066666666666674,0.48066666666666674,0.48066666666666674,0.48066666666666674,0.4539333333333334,0.4272,0.4004666666666667,0.37373333333333336,0.347,0.3422,0.3374,0.3326,0.3278,0.323,0.31093333333333334,0.29886666666666667,0.2868,0.27473333333333333,0.26266666666666666,0.26266666666666666,0.26266666666666666,0.26266666666666666,0.26266666666666666,0.26266666666666666
43,scientific,unseeded,membrane,3,,,,,9.196333333333333,8.195266666666667,7.1942,6.193133333333333,5.192066666666666,4.191,3.7817333333333334,3.3724666666666665,2.9632,2.553933333333333,2.1446666666666667,1.9245333333333334,1.7044000000000001,1.4842666666666666,1.2641333333333333,1.044,1.0286,1.0132,0.9978,0.9824,0.9670000000000001,0.9670000000000001,0.9670000000000001,0.9670000000000001,0.9670000000000001,0.9670000000000001,0.9670000000000001,0.9670000000000001,0.9670000000000001,0.9670000000000001,0.9670000000000001,0.9670000000000001,0.9670000000000001,0.9670000000000001,0.9670000000000001,0.9670000000000001,0.9670000000000001,0.9670000000000001,0.9670000000000001,0.9670000000000001,0.9670000000000001,0.9670000000000001,0.9670000000000001,0.9670000000000001,0.9670000000000001,0.9670000000000001
44,scientific,unseeded,membrane,4,,,,,5.488333333333333,5.1052,4.722066666666667,4.338933333333333,3.9558,3.5726666666666667,3.259333333333333,2.9459999999999997,2.6326666666666667,2.3193333333333332,2.006,1.8083999999999998,1.6107999999999998,1.4132,1.2156,1.018,0.923,0.8280000000000001,0.733,0.638,0.543,0.543,0.543,0.543,0.543,0.543,0.5184666666666667,0.4939333333333334,0.46940000000000004,0.44486666666666674,0.4203333333333334,0.4203333333333334,0.4203333333333334,0.4203333333333334,0.4203333333333334,0.4203333333333334,0.4203333333333334,0.4203333333333334,0.4203333333333334,0.4203333333333334,0.4203333333333334,0.4203333333333334,0.4203333333333334,0.4203333333333334,0.4203333333333334,0.4203333333333334
45,scientific,unseeded,wormlike micelle,0,,,,,7.657,7.205266666666667,6.753533333333333,6.3018,5.850066666666667,5.398333333333333,5.0524000000000004,4.706466666666667,4.360533333333334,4.0146,3.6686666666666667,3.6686666666666667,3.6686666666666667,3.6686666666666667,3.6686666666666667,3.6686666666666667,3.583066666666667,3.4974666666666665,3.4118666666666666,3.3262666666666663,3.2406666666666664,3.175,3.1093333333333333,3.043666666666667,2.9780000000000006,2.912333333333334,2.8713333333333337,2.830333333333334,2.7893333333333334,2.7483333333333335,2.707333333333333,2.6422,2.5770666666666666,2.5119333333333334,2.4468,2.381666666666667,2.3386,2.2955333333333336,2.252466666666667,2.2094000000000005,2.1663333333333337,2.1663333333333337,2.1663333333333337,2.1663333333333337,2.1663333333333337,2.1663333333333337
46,scientific,unseeded,wormlike micelle,1,,,,,10.081333333333333,10.0072,9.933066666666667,9.858933333333333,9.7848,9.710666666666667,9.5848,9.458933333333333,9.333066666666667,9.2072,9.081333333333333,8.7994,8.517466666666667,8.235533333333333,7.9536,7.671666666666667,7.5064,7.3411333333333335,7.175866666666667,7.0106,6.8453333333333335,6.708733333333333,6.572133333333333,6.435533333333333,6.298933333333333,6.162333333333333,5.912333333333333,5.662333333333333,5.412333333333333,5.162333333333334,4.912333333333334,4.746133333333334,4.579933333333334,4.413733333333333,4.247533333333333,4.081333333333333,3.8166666666666664,3.5519999999999996,3.287333333333333,3.0226666666666664,2.7579999999999996,2.654933333333333,2.5518666666666663,2.4488,2.345733333333333,2.2426666666666666
47,scientific,unseeded,wormlike micelle,2,,,,,10.602666666666666,10.012133333333333,9.4216,8.831066666666667,8.240533333333332,7.6499999999999995,7.3598,7.0696,6.779400000000001,6.4892,6.199000000000001,6.116866666666668,6.034733333333334,5.9526,5.870466666666667,5.788333333333334,5.620333333333334,5.452333333333334,5.2843333333333335,5.116333333333333,4.948333333333333,4.776133333333333,4.603933333333333,4.431733333333333,4.259533333333333,4.087333333333333,4.087333333333333,4.087333333333333,4.087333333333333,4.087333333333333,4.087333333333333,4.087333333333333,4.087333333333333,4.087333333333333,4.087333333333333,4.087333333333333,4.087333333333333,4.087333333333333,4.087333333333333,4.087333333333333,4.087333333333333,4.087333333333333,4.087333333333333,4.087333333333333,4.087333333333333,4.087333333333333
48,scientific,unseeded,wormlike micelle,3,,,,,3.321,3.321,3.321,3.321,3.321,3.321,3.321,3.321,3.321,3.321,3.321,3.2396000000000003,3.1582000000000003,3.0768,2.9954,2.914,2.8471333333333333,2.780266666666667,2.7134,2.6465333333333336,2.5796666666666668,2.5488,2.517933333333333,2.4870666666666668,2.4562,2.425333333333333,2.425333333333333,2.425333333333333,2.425333333333333,2.425333333333333,2.425333333333333,2.3714,2.3174666666666663,2.263533333333333,2.2095999999999996,2.1556666666666664,2.1091333333333333,2.0625999999999998,2.0160666666666667,1.9695333333333334,1.923,1.923,1.923,1.923,1.923,1.923
49,scientific,unseeded,wormlike micelle,4,,,,,8.502,8.502,8.502,8.502,8.502,8.502,8.502,8.502,8.502,8.502,8.502,8.354600000000001,8.2072,8.059800000000001,7.912400000000001,7.765000000000001,7.466,7.167,6.868,6.569,6.27,5.695399999999999,5.120799999999999,4.5462,3.9715999999999996,3.397,3.3184666666666667,3.2399333333333336,3.1614,3.082866666666667,3.0043333333333337,2.862333333333334,2.7203333333333335,2.5783333333333336,2.4363333333333337,2.2943333333333333,2.1879333333333335,2.0815333333333332,1.9751333333333334,1.8687333333333336,1.7623333333333335,1.6976000000000002,1.632866666666667,1.5681333333333336,1.5034000000000003,1.438666666666667
50,active,seeded,liquid,0,,,,,11.443999999999997,10.846666666666664,10.24933333333333,9.651999999999997,9.054666666666666,8.457333333333333,7.831266666666666,7.2052,6.579133333333332,5.953066666666666,5.326999999999999,4.236999999999999,3.1469999999999994,2.0569999999999995,0.967,0.9117333333333333,0.8564666666666666,0.8011999999999999,0.7459333333333333,0.6906666666666667,0.6906666666666667,0.6906666666666667,0.6906666666666667,0.6906666666666667,0.6906666666666667,0.6906666666666667,0.6906666666666667,0.6906666666666667,0.6906666666666667,0.6906666666666667,0.6906666666666667,0.6906666666666667,0.6906666666666667,0.6906666666666667,0.6906666666666667,0.6906666666666667,0.6906666666666667,0.6906666666666667,0.6906666666666667,0.6906666666666667,0.6906666666666667,0.6906666666666667,0.6906666666666667,0.6906666666666667,0.6906666666666667,
51,active,seeded,liquid,1,,,,,15.639666666666665,14.067999999999998,12.496333333333332,10.924666666666667,9.353,7.781333333333333,7.653533333333334,7.525733333333333,7.3979333333333335,7.270133333333333,7.142333333333333,6.9948,6.847266666666666,6.6997333333333335,6.5522,6.4046666666666665,5.982666666666667,5.560666666666667,5.138666666666667,4.716666666666667,4.294666666666667,4.294666666666667,4.294666666666667,4.294666666666667,4.294666666666667,4.294666666666667,4.106400000000001,3.9181333333333335,3.729866666666667,3.5416000000000003,3.3533333333333335,3.3533333333333335,3.3533333333333335,3.3533333333333335,3.3533333333333335,3.3533333333333335,3.3182666666666667,3.2832,3.248133333333333,3.2130666666666663,3.1779999999999995,3.1779999999999995,3.1779999999999995,3.1779999999999995,3.1779999999999995,3.1779999999999995
52,active,seeded,liquid,2,,,,,7.6176666666666675,7.118933333333334,6.6202000000000005,6.121466666666667,5.622733333333333,5.124,5.025933333333333,4.927866666666667,4.8298,4.731733333333334,4.633666666666667,4.633666666666667,4.633666666666667,4.633666666666667,4.633666666666667,4.633666666666667,4.1677333333333335,3.7018,3.2358666666666664,2.7699333333333334,2.304,2.304,2.304,2.304,2.304,2.304,2.2005999999999997,2.0972,1.9937999999999998,1.8903999999999999,1.787,1.7542,1.7214,1.6885999999999999,1.6558,1.623,1.5584,1.4938,1.4291999999999998,1.3645999999999998,1.2999999999999998,1.2999999999999998,1.2999999999999998,1.2999999999999998,1.2999999999999998,1.2999999999999998
53,active,seeded,liquid,3,,,,,9.373666666666667,9.097866666666667,8.822066666666666,8.546266666666668,8.270466666666668,7.994666666666667,7.994666666666667,7.994666666666667,7.994666666666667,7.994666666666667,7.994666666666667,7.804333333333334,7.614000000000001,7.4236666666666675,7.233333333333333,7.043,6.4828,5.9226,5.3624,4.8022,4.242,3.90375,3.5655,3.2272499999999997,2.889,2.889,2.889,2.889,2.889,2.889,2.6003333333333334,2.3116666666666665,2.0229999999999997,1.7343333333333333,1.4456666666666667,1.4456666666666667,1.4456666666666667,1.4456666666666667,1.4456666666666667,1.4456666666666667,1.4456666666666667,1.4456666666666667,1.4456666666666667,1.4456666666666667,1.4456666666666667,
54,active,seeded,liquid,4,,,,,9.472333333333333,9.2834,9.094466666666667,8.905533333333333,8.7166,8.527666666666667,8.111733333333333,7.6958,7.279866666666667,6.863933333333334,6.448,5.863866666666667,5.279733333333334,4.695600000000001,4.111466666666667,3.5273333333333334,3.5273333333333334,3.5273333333333334,3.5273333333333334,3.5273333333333334,2.9062,2.285066666666667,1.6639333333333335,1.0428000000000002,0.4216666666666667,0.4216666666666667,0.4216666666666667,0.4216666666666667,0.4216666666666667,0.4216666666666667,0.4216666666666667,0.4216666666666667,0.4216666666666667,0.4216666666666667,0.4216666666666667,0.4216666666666667,0.4216666666666667,0.4216666666666667,0.4216666666666667,0.4216666666666667,0.4216666666666667,0.4216666666666667,0.4216666666666667,0.4216666666666667,0.4216666666666667,
55,active,seeded,string,0,,,,,6.743666666666667,6.3784,6.013133333333333,5.647866666666667,5.2826,4.917333333333334,4.5984,4.279466666666667,3.9605333333333332,3.6416,3.3226666666666667,3.2966,3.2705333333333333,3.244466666666667,3.2184,3.1923333333333335,3.1122666666666667,3.0322,2.9521333333333333,2.8720666666666665,2.792,2.776333333333333,2.7606666666666664,2.745,2.7293333333333334,2.7136666666666667,2.7136666666666667,2.7136666666666667,2.7136666666666667,2.7136666666666667,2.7136666666666667,2.7124,2.711133333333333,2.7098666666666666,2.7085999999999997,2.707333333333333,2.4898666666666665,2.2723999999999998,2.0549333333333335,1.8374666666666666,1.6199999999999999,1.521,1.422,1.323,1.224,1.125
56,active,seeded,string,1,,,,,3.669333333333333,3.669333333333333,3.669333333333333,3.669333333333333,3.669333333333333,3.669333333333333,3.6184,3.5674666666666663,3.5165333333333333,3.4656,3.4146666666666667,3.4146666666666667,3.4146666666666667,3.4146666666666667,3.4146666666666667,3.4146666666666667,3.0166666666666666,2.618666666666667,2.220666666666667,1.8226666666666667,1.7194,1.6161333333333332,1.5128666666666666,1.4095999999999997,1.3063333333333331,1.3063333333333331,1.3063333333333331,1.3063333333333331,1.3063333333333331,1.3063333333333331,1.1263333333333332,0.9463333333333331,0.7663333333333331,0.5863333333333332,0.40633333333333327,0.40633333333333327,0.40633333333333327,0.40633333333333327,0.40633333333333327,0.40633333333333327,0.40633333333333327,0.40633333333333327,0.40633333333333327,0.40633333333333327,0.40633333333333327,
57,active,seeded,string,2,,,,,7.3806666666666665,6.2914666666666665,5.202266666666667,4.113066666666667,3.0238666666666667,1.9346666666666668,1.9346666666666668,1.9346666666666668,1.9346666666666668,1.9346666666666668,1.9346666666666668,1.8451333333333333,1.7556,1.6660666666666666,1.5765333333333333,1.4869999999999999,1.4869999999999999,1.4869999999999999,1.4869999999999999,1.4869999999999999,1.4869999999999999,1.4869999999999999,1.4869999999999999,1.4869999999999999,1.4869999999999999,1.359,1.2309999999999999,1.103,0.9750000000000001,0.8470000000000001,0.7470666666666668,0.6471333333333333,0.5472,0.4472666666666667,0.3473333333333333,0.3473333333333333,0.3473333333333333,0.3473333333333333,0.3473333333333333,0.3473333333333333,0.3473333333333333,0.3473333333333333,0.3473333333333333,0.3473333333333333,0.3473333333333333,
58,active,seeded,string,3,,,,,7.906999999999999,6.623933333333333,5.340866666666666,4.057799999999999,2.774733333333333,1.4916666666666665,1.3000833333333333,1.1084999999999998,0.9169166666666666,0.7253333333333334,0.7253333333333334,0.7253333333333334,0.7253333333333334,0.7253333333333334,0.7253333333333334,0.674,0.6226666666666667,0.5713333333333332,0.52,0.4686666666666666,0.4686666666666666,0.4686666666666666,0.4686666666666666,0.4686666666666666,0.4686666666666666,0.4686666666666666,0.4686666666666666,0.4686666666666666,0.4686666666666666,0.4686666666666666,0.4686666666666666,0.4686666666666666,0.4686666666666666,0.4686666666666666,0.4686666666666666,0.42579999999999996,0.38293333333333335,0.3400666666666667,0.2972,0.25433333333333336,0.25433333333333336,0.25433333333333336,0.25433333333333336,0.25433333333333336,0.25433333333333336,
59,active,seeded,string,4,,,,,5.104333333333333,4.349333333333333,3.594333333333333,2.8393333333333333,2.0843333333333334,1.3293333333333333,1.2885,1.2476666666666667,1.2068333333333334,1.1660000000000001,1.1344666666666667,1.1029333333333333,1.0714000000000001,1.0398666666666667,1.0083333333333333,0.9324666666666667,0.8566,0.7807333333333333,0.7048666666666666,0.629,0.5408000000000001,0.4526,0.36440000000000006,0.27620000000000006,0.18800000000000003,0.18800000000000003,0.18800000000000003,0.18800000000000003,0.18800000000000003,0.18800000000000003,0.18800000000000003,0.18800000000000003,0.18800000000000003,0.18800000000000003,0.18800000000000003,0.18800000000000003,0.18800000000000003,0.18800000000000003,0.18800000000000003,0.18800000000000003,0.18800000000000003,0.18800000000000003,0.18800000000000003,0.18800000000000003,0.18800000000000003,
60,active,seeded,membrane,0,,,,,7.82,7.239800000000001,6.6596,6.079400000000001,5.4992,4.9190000000000005,4.3740000000000006,3.8290000000000006,3.2840000000000003,2.7390000000000003,2.6838,2.6286,2.5734000000000004,2.5182,2.463,2.463,2.463,2.463,2.463,2.463,2.1574,1.8518000000000001,1.5462000000000002,1.2406000000000001,0.935,0.9106666666666667,0.8863333333333334,0.8620000000000001,0.8376666666666668,0.8133333333333335,0.7500000000000001,0.6866666666666668,0.6233333333333333,0.56,0.49666666666666665,0.46659999999999996,0.43653333333333333,0.40646666666666664,0.37639999999999996,0.3463333333333333,0.3463333333333333,0.3463333333333333,0.3463333333333333,0.3463333333333333,0.3463333333333333,
61,active,seeded,membrane,1,,,,,8.726666666666667,8.709866666666667,8.693066666666667,8.676266666666665,8.659466666666665,8.642666666666665,8.185733333333332,7.728799999999999,7.271866666666666,6.814933333333332,6.358,5.717,5.076,4.4350000000000005,3.794,3.153,2.9422,2.7314000000000003,2.5206,2.3098,2.099,1.9178000000000002,1.7366000000000001,1.5554,1.3741999999999999,1.1929999999999998,1.1929999999999998,1.1929999999999998,1.1929999999999998,1.1929999999999998,1.1929999999999998,1.1929999999999998,1.1929999999999998,1.1929999999999998,1.1929999999999998,1.1929999999999998,1.1602,1.1274,1.0945999999999998,1.0617999999999999,1.029,1.029,1.029,1.029,1.029,1.029
62,active,seeded,membrane,2,,,,,9.667333333333334,8.2286,6.789866666666667,5.351133333333333,3.9124,2.4736666666666665,2.2960833333333333,2.1185,1.9409166666666666,1.7633333333333334,1.7633333333333334,1.7633333333333334,1.7633333333333334,1.7633333333333334,1.7633333333333334,1.6078000000000001,1.4522666666666666,1.2967333333333333,1.1412,0.9856666666666666,0.9487333333333333,0.9117999999999999,0.8748666666666667,0.8379333333333334,0.801,0.7548,0.7086,0.6624,0.6162,0.57,0.57,0.57,0.57,0.57,0.57,0.5482,0.5264,0.5045999999999999,0.4828,0.461,0.461,0.461,0.461,0.461,0.461,
63,active,seeded,membrane,3,,,,,10.298,8.633866666666666,6.969733333333334,5.3056,3.641466666666667,1.9773333333333334,1.9620666666666666,1.9467999999999999,1.9315333333333333,1.9162666666666666,1.9009999999999998,1.7600666666666664,1.619133333333333,1.4782,1.3372666666666666,1.1963333333333332,1.0954,0.9944666666666666,0.8935333333333334,0.7926000000000001,0.6916666666666668,0.683,0.6743333333333333,0.6656666666666667,0.657,0.6483333333333333,0.6483333333333333,0.6483333333333333,0.6483333333333333,0.6483333333333333,0.6483333333333333,0.616,0.5836666666666667,0.5513333333333333,0.5189999999999999,0.48666666666666664,0.4732666666666666,0.45986666666666665,0.4464666666666666,0.43306666666666666,0.41966666666666663,0.41966666666666663,0.41966666666666663,0.41966666666666663,0.41966666666666663,0.41966666666666663
64,active,seeded,membrane,4,,,,,5.488333333333333,4.913666666666667,4.339,3.764333333333333,3.1896666666666667,2.6149999999999998,2.6149999999999998,2.6149999999999998,2.6149999999999998,2.6149999999999998,2.6149999999999998,2.3342,2.0534,1.7726,1.4918,1.211,1.211,1.211,1.211,1.211,1.211,1.211,1.211,1.211,1.211,1.211,1.211,1.211,1.211,1.211,1.211,1.2013333333333334,1.1916666666666667,1.1820000000000002,1.1723333333333334,1.1626666666666667,1.1626666666666667,1.1626666666666667,1.1626666666666667,1.1626666666666667,1.1626666666666667,1.1626666666666667,1.1626666666666667,1.1626666666666667,1.1626666666666667,1.1626666666666667
65,active,seeded,vesicle,0,,,,,6.516666666666667,5.4338,4.350933333333334,3.268066666666667,2.1852,1.1023333333333334,1.1023333333333334,1.1023333333333334,1.1023333333333334,1.1023333333333334,1.1023333333333334,1.1023333333333334,1.1023333333333334,1.1023333333333334,1.1023333333333334,1.1023333333333334,1.1023333333333334,1.1023333333333334,1.1023333333333334,1.1023333333333334,1.1023333333333334,1.0416,0.9808666666666667,0.9201333333333334,0.8593999999999999,0.7986666666666666,0.7456666666666666,0.6926666666666667,0.6396666666666666,0.5866666666666667,0.5336666666666666,0.5336666666666666,0.5336666666666666,0.5336666666666666,0.5336666666666666,0.5336666666666666,0.5261333333333333,0.5186,0.5110666666666667,0.5035333333333333,0.496,0.496,0.496,0.496,0.496,0.496
66,active,seeded,vesicle,1,,,,,10.893666666666666,9.6074,8.321133333333332,7.034866666666666,5.7486,4.4623333333333335,4.2596,4.056866666666667,3.8541333333333334,3.6513999999999998,3.4486666666666665,3.3192,3.1897333333333333,3.0602666666666667,2.9308,2.8013333333333335,2.7017333333333333,2.602133333333333,2.502533333333333,2.4029333333333334,2.3033333333333332,2.3033333333333332,2.3033333333333332,2.3033333333333332,2.3033333333333332,2.3033333333333332,2.2123999999999997,2.1214666666666666,2.030533333333333,1.9395999999999998,1.8486666666666665,1.7944666666666664,1.7402666666666664,1.6860666666666666,1.6318666666666666,1.5776666666666666,1.5382,1.4987333333333333,1.4592666666666667,1.4198,1.3803333333333334,1.3803333333333334,1.3803333333333334,1.3803333333333334,1.3803333333333334,1.3803333333333334
67,active,seeded,vesicle,2,,,,,7.623,6.997066666666667,6.371133333333333,5.7452,5.119266666666666,4.493333333333333,4.029,3.5646666666666667,3.100333333333333,2.6359999999999997,2.6359999999999997,2.6359999999999997,2.6359999999999997,2.6359999999999997,2.6359999999999997,2.6359999999999997,2.6359999999999997,2.6359999999999997,2.6359999999999997,2.6359999999999997,2.4604,2.2847999999999997,2.1092,1.9336,1.758,1.758,1.758,1.758,1.758,1.758,1.6225333333333334,1.4870666666666668,1.3516,1.2161333333333333,1.0806666666666667,1.0262,0.9717333333333333,0.9172666666666667,0.8627999999999999,0.8083333333333332,0.8083333333333332,0.8083333333333332,0.8083333333333332,0.8083333333333332,0.8083333333333332,
68,active,seeded,vesicle,3,,,,,7.689666666666667,7.3444666666666665,6.999266666666666,6.654066666666666,6.308866666666666,5.963666666666666,5.607266666666666,5.250866666666666,4.894466666666666,4.5380666666666665,4.181666666666667,4.181666666666667,4.181666666666667,4.181666666666667,4.181666666666667,4.181666666666667,3.9757333333333333,3.7698,3.5638666666666667,3.357933333333333,3.1519999999999997,2.7726666666666664,2.393333333333333,2.0140000000000002,1.6346666666666667,1.2553333333333334,1.1914,1.1274666666666666,1.0635333333333334,0.9996,0.9356666666666666,0.9356666666666666,0.9356666666666666,0.9356666666666666,0.9356666666666666,0.9356666666666666,0.9356666666666666,0.9356666666666666,0.9356666666666666,0.9356666666666666,0.9356666666666666,0.9356666666666666,0.9356666666666666,0.9356666666666666,0.9356666666666666,0.9356666666666666
69,active,seeded,vesicle,4,,,,,4.519333333333333,4.1774,3.8354666666666666,3.493533333333333,3.1516,2.8096666666666668,2.8096666666666668,2.8096666666666668,2.8096666666666668,2.8096666666666668,2.8096666666666668,2.6449333333333334,2.4802,2.3154666666666666,2.150733333333333,1.986,1.8275333333333335,1.6690666666666667,1.5106000000000002,1.3521333333333336,1.1936666666666669,1.1936666666666669,1.1936666666666669,1.1936666666666669,1.1936666666666669,1.1936666666666669,1.1936666666666669,1.1936666666666669,1.1936666666666669,1.1936666666666669,1.1936666666666669,1.0372500000000002,0.8808333333333335,0.7244166666666667,0.5680000000000001,0.5680000000000001,0.5680000000000001,0.5680000000000001,0.5680000000000001,0.5680000000000001,0.5680000000000001,0.5680000000000001,0.5680000000000001,0.5680000000000001,0.5680000000000001,
70,active,seeded,wormlike micelle,0,,,,,9.193333333333333,8.054266666666667,6.9152,5.776133333333332,4.637066666666666,3.4979999999999998,2.9964666666666666,2.494933333333333,1.9933999999999998,1.4918666666666667,0.9903333333333334,0.8504666666666667,0.7106000000000001,0.5707333333333334,0.43086666666666673,0.291,0.2796666666666667,0.2683333333333333,0.257,0.2456666666666667,0.23433333333333337,0.23433333333333337,0.23433333333333337,0.23433333333333337,0.23433333333333337,0.23433333333333337,0.23433333333333337,0.23433333333333337,0.23433333333333337,0.23433333333333337,0.23433333333333337,0.23433333333333337,0.23433333333333337,0.23433333333333337,0.23433333333333337,0.23433333333333337,0.23433333333333337,0.23433333333333337,0.23433333333333337,0.23433333333333337,0.2172666666666667,0.20020000000000002,0.18313333333333334,0.16606666666666667,0.149,
71,active,seeded,wormlike micelle,1,,,,,3.321,3.1253333333333333,2.929666666666667,2.734,2.538333333333333,2.3426666666666667,2.3426666666666667,2.3426666666666667,2.3426666666666667,2.3426666666666667,2.3426666666666667,2.3126,2.2825333333333333,2.252466666666667,2.2224,2.1923333333333335,2.1923333333333335,2.1923333333333335,2.1923333333333335,2.1923333333333335,2.1923333333333335,2.1923333333333335,2.1923333333333335,2.1923333333333335,2.1923333333333335,2.1923333333333335,2.1923333333333335,2.1923333333333335,2.1923333333333335,2.1923333333333335,2.1416666666666666,2.091,2.0403333333333333,1.9896666666666667,1.939,1.939,1.939,1.939,1.939,1.939,1.939,1.939,1.939,1.939,1.939,
72,active,seeded,wormlike micelle,2,,,,,11.299000000000001,9.7736,8.2482,6.722799999999999,5.197399999999999,3.6719999999999993,3.3074166666666662,2.9428333333333327,2.5782499999999997,2.2136666666666667,1.8910666666666667,1.5684666666666667,1.2458666666666667,0.9232666666666667,0.6006666666666667,0.6006666666666667,0.6006666666666667,0.6006666666666667,0.6006666666666667,0.6006666666666667,0.5898,0.5789333333333333,0.5680666666666667,0.5572,0.5463333333333333,0.5384,0.5304666666666666,0.5225333333333334,0.5146000000000001,0.5066666666666667,0.4743333333333334,0.442,0.4096666666666667,0.3773333333333333,0.345,0.31686666666666663,0.28873333333333334,0.2606,0.23246666666666665,0.20433333333333334,0.18106666666666668,0.1578,0.13453333333333334,0.11126666666666668,0.08800000000000001,
73,active,seeded,wormlike micelle,3,,,,,10.602666666666666,8.426833333333333,6.2509999999999994,4.075166666666666,1.8993333333333335,1.86,1.8206666666666669,1.7813333333333334,1.7420000000000002,1.7026666666666668,1.5966666666666667,1.4906666666666666,1.3846666666666665,1.2786666666666666,1.1726666666666665,1.1147999999999998,1.0569333333333333,0.9990666666666667,0.9412,0.8833333333333334,0.8067333333333334,0.7301333333333333,0.6535333333333333,0.5769333333333333,0.5003333333333333,0.5003333333333333,0.5003333333333333,0.5003333333333333,0.5003333333333333,0.5003333333333333,0.4580666666666666,0.41579999999999995,0.37353333333333333,0.33126666666666665,0.289,0.289,0.289,0.289,0.289,0.289,0.2879333333333333,0.28686666666666666,0.2858,0.28473333333333334,0.2836666666666667,
74,active,seeded,wormlike micelle,4,,,,,9.659333333333334,9.257933333333334,8.856533333333335,8.455133333333334,8.053733333333334,7.652333333333334,6.584266666666667,5.5162,4.448133333333334,3.380066666666667,2.312,1.9300666666666664,1.5481333333333331,1.1662,0.7842666666666664,0.40233333333333327,0.40233333333333327,0.40233333333333327,0.40233333333333327,0.40233333333333327,0.40233333333333327,0.40233333333333327,0.40233333333333327,0.40233333333333327,0.40233333333333327,0.40233333333333327,0.3600666666666666,0.31779999999999997,0.2755333333333333,0.23326666666666662,0.19099999999999998,0.19099999999999998,0.19099999999999998,0.19099999999999998,0.19099999999999998,0.19099999999999998,0.19099999999999998,0.19099999999999998,0.19099999999999998,0.19099999999999998,0.19099999999999998,0.19099999999999998,0.19099999999999998,0.19099999999999998,0.19099999999999998,0.19099999999999998
75,active,seeded,spherical micelle,0,,,,,6.540666666666667,5.6286,4.7165333333333335,3.8044666666666664,2.8924,1.9803333333333333,1.9803333333333333,1.9803333333333333,1.9803333333333333,1.9803333333333333,1.9803333333333333,1.9803333333333333,1.9803333333333333,1.9803333333333333,1.9803333333333333,1.9803333333333333,1.8572666666666666,1.7342,1.6111333333333333,1.4880666666666666,1.365,1.3619999999999999,1.359,1.3559999999999999,1.353,1.3499999999999999,1.3394,1.3288,1.3181999999999998,1.3075999999999999,1.297,1.297,1.297,1.297,1.297,1.297,1.297,1.297,1.297,1.297,1.297,1.297,1.297,1.297,1.297,1.297
76,active,seeded,spherical micelle,1,,,,,5.720666666666666,5.2763333333333335,4.832,4.387666666666666,3.9433333333333334,3.499,3.3627333333333334,3.2264666666666666,3.0902,2.953933333333333,2.8176666666666663,2.6565999999999996,2.495533333333333,2.3344666666666667,2.1734,2.0123333333333333,2.0123333333333333,2.0123333333333333,2.0123333333333333,2.0123333333333333,2.0123333333333333,2.0123333333333333,2.0123333333333333,2.0123333333333333,2.0123333333333333,2.0123333333333333,2.0123333333333333,2.0123333333333333,2.0123333333333333,2.0123333333333333,2.0123333333333333,2.0123333333333333,2.0123333333333333,2.0123333333333333,2.0123333333333333,2.0123333333333333,1.9519333333333333,1.8915333333333333,1.8311333333333333,1.7707333333333335,1.7103333333333335,1.7103333333333335,1.7103333333333335,1.7103333333333335,1.7103333333333335,1.7103333333333335
77,active,seeded,spherical micelle,2,,,,,7.448333333333333,6.320933333333333,5.193533333333333,4.066133333333333,2.9387333333333325,1.811333333333333,1.590583333333333,1.3698333333333332,1.1490833333333332,0.9283333333333333,0.8482666666666667,0.7682,0.6881333333333334,0.6080666666666668,0.528,0.45880000000000004,0.38960000000000006,0.3204,0.25120000000000003,0.18200000000000002,0.18200000000000002,0.18200000000000002,0.18200000000000002,0.18200000000000002,0.18200000000000002,0.18200000000000002,0.18200000000000002,0.18200000000000002,0.18200000000000002,0.18200000000000002,0.18200000000000002,0.18200000000000002,0.18200000000000002,0.18200000000000002,0.18200000000000002,0.18200000000000002,0.18200000000000002,0.18200000000000002,0.18200000000000002,0.18200000000000002,0.18200000000000002,0.18200000000000002,0.18200000000000002,0.18200000000000002,0.18200000000000002,
78,active,seeded,spherical micelle,3,,,,,5.917333333333333,5.463933333333333,5.010533333333333,4.557133333333333,4.1037333333333335,3.6503333333333337,3.1253333333333337,2.6003333333333334,2.0753333333333335,1.5503333333333336,1.0253333333333334,1.0253333333333334,1.0253333333333334,1.0253333333333334,1.0253333333333334,1.0253333333333334,0.9742666666666667,0.9232,0.8721333333333334,0.8210666666666667,0.77,0.7314,0.6928000000000001,0.6542000000000001,0.6156,0.5770000000000001,0.5770000000000001,0.5770000000000001,0.5770000000000001,0.5770000000000001,0.5770000000000001,0.5770000000000001,0.5770000000000001,0.5770000000000001,0.5770000000000001,0.5770000000000001,0.5770000000000001,0.5770000000000001,0.5770000000000001,0.5770000000000001,0.5770000000000001,0.5770000000000001,0.5770000000000001,0.5770000000000001,0.5770000000000001,
79,active,seeded,spherical micelle,4,,,,,9.670333333333332,9.052333333333332,8.434333333333333,7.816333333333333,7.198333333333332,6.580333333333333,5.6685,4.756666666666666,3.844833333333333,2.933,2.723133333333333,2.5132666666666665,2.3034,2.0935333333333332,1.8836666666666666,1.8386,1.7935333333333332,1.7484666666666666,1.7033999999999998,1.6583333333333332,1.5469333333333333,1.4355333333333333,1.3241333333333332,1.2127333333333332,1.1013333333333333,1.0236,0.9458666666666666,0.8681333333333333,0.7904,0.7126666666666667,0.6172666666666666,0.5218666666666667,0.42646666666666666,0.3310666666666667,0.2356666666666667,0.2356666666666667,0.2356666666666667,0.2356666666666667,0.2356666666666667,0.2356666666666667,0.2356666666666667,0.2356666666666667,0.2356666666666667,0.2356666666666667,0.2356666666666667,
80,active,unseeded,liquid,0,,,,,11.443999999999997,11.163533333333332,10.883066666666664,10.602599999999999,10.322133333333332,10.041666666666666,10.041666666666666,10.041666666666666,10.041666666666666,10.041666666666666,10.041666666666666,9.111866666666666,8.182066666666666,7.252266666666666,6.322466666666666,5.392666666666666,4.632,3.871333333333333,3.110666666666666,2.3499999999999996,1.5893333333333333,1.569,1.5486666666666666,1.5283333333333333,1.508,1.4876666666666667,1.3725333333333334,1.2574,1.1422666666666665,1.0271333333333332,0.9119999999999999,0.8547333333333332,0.7974666666666667,0.7402,0.6829333333333334,0.6256666666666667,0.6066666666666667,0.5876666666666667,0.5686666666666667,0.5496666666666666,0.5306666666666666,0.5306666666666666,0.5306666666666666,0.5306666666666666,0.5306666666666666,0.5306666666666666
81,active,unseeded,liquid,1,,,,,12.865666666666664,11.443466666666664,10.021266666666666,8.599066666666666,7.176866666666665,5.754666666666666,5.754666666666666,5.754666666666666,5.754666666666666,5.754666666666666,5.754666666666666,5.530266666666666,5.305866666666666,5.081466666666666,4.857066666666666,4.632666666666666,3.924733333333333,3.2167999999999997,2.508866666666666,1.800933333333333,1.093,1.093,1.093,1.093,1.093,1.093,1.093,1.093,1.093,1.093,1.093,1.0342,0.9753999999999999,0.9166,0.8577999999999999,0.7989999999999999,0.7860666666666666,0.7731333333333332,0.7602,0.7472666666666666,0.7343333333333333,0.7243333333333333,0.7143333333333333,0.7043333333333334,0.6943333333333334,0.6843333333333333
82,active,unseeded,liquid,2,,,,,7.6176666666666675,7.6176666666666675,7.6176666666666675,7.6176666666666675,7.6176666666666675,7.6176666666666675,7.338800000000001,7.059933333333334,6.781066666666668,6.5022,6.223333333333334,6.079666666666667,5.936,5.792333333333334,5.648666666666666,5.505,5.505,5.505,5.505,5.505,5.505,5.505,5.505,5.505,5.505,5.505,5.505,5.505,5.505,5.505,5.505,5.505,5.505,5.505,5.505,5.505,5.505,5.505,5.505,5.505,5.505,5.0334,4.5618,4.090199999999999,3.6186,3.147
83,active,unseeded,liquid,3,,,,,8.752333333333333,8.752333333333333,8.752333333333333,8.752333333333333,8.752333333333333,8.752333333333333,8.417666666666666,8.083,7.748333333333333,7.413666666666667,7.079000000000001,6.900666666666667,6.722333333333334,6.5440000000000005,6.365666666666668,6.187333333333334,6.187333333333334,6.187333333333334,6.187333333333334,6.187333333333334,6.187333333333334,5.966333333333334,5.745333333333334,5.524333333333334,5.303333333333334,5.082333333333334,5.082333333333334,5.082333333333334,5.082333333333334,5.082333333333334,5.082333333333334,5.082333333333334,5.082333333333334,5.082333333333334,5.082333333333334,5.082333333333334,5.070266666666667,5.0582,5.0461333333333345,5.034066666666668,5.022000000000001,5.022000000000001,5.022000000000001,5.022000000000001,5.022000000000001,5.022000000000001
84,active,unseeded,liquid,4,,,,,9.075666666666667,8.189466666666666,7.303266666666667,6.417066666666667,5.530866666666666,4.644666666666667,4.644666666666667,4.644666666666667,4.644666666666667,4.644666666666667,4.644666666666667,4.644666666666667,4.644666666666667,4.644666666666667,4.644666666666667,4.644666666666667,4.487466666666666,4.330266666666667,4.173066666666667,4.015866666666667,3.8586666666666667,3.8586666666666667,3.8586666666666667,3.8586666666666667,3.8586666666666667,3.8586666666666667,3.517333333333333,3.176,2.8346666666666667,2.493333333333333,2.1519999999999997,2.1519999999999997,2.1519999999999997,2.1519999999999997,2.1519999999999997,2.1519999999999997,2.0026666666666664,1.853333333333333,1.704,1.5546666666666666,1.4053333333333333,1.4053333333333333,1.4053333333333333,1.4053333333333333,1.4053333333333333,1.4053333333333333
85,active,unseeded,string,0,,,,,9.988333333333333,9.895466666666666,9.8026,9.709733333333332,9.616866666666667,9.524,8.3384,7.152799999999999,5.9672,4.7816,3.596,3.4114666666666666,3.226933333333333,3.0423999999999998,2.8578666666666668,2.6733333333333333,2.5928,2.5122666666666666,2.4317333333333333,2.3512,2.2706666666666666,2.2706666666666666,2.2706666666666666,2.2706666666666666,2.2706666666666666,2.2706666666666666,2.2131333333333334,2.1555999999999997,2.0980666666666665,2.0405333333333333,1.9829999999999999,1.9678666666666664,1.9527333333333332,1.9375999999999998,1.9224666666666665,1.907333333333333,1.8928666666666665,1.8783999999999998,1.8639333333333332,1.8494666666666666,1.835,1.8235999999999999,1.8121999999999998,1.8008,1.7893999999999999,1.7779999999999998
86,active,unseeded,string,1,,,,,7.0889999999999995,7.0889999999999995,7.0889999999999995,7.0889999999999995,7.0889999999999995,7.0889999999999995,6.625866666666666,6.162733333333333,5.699599999999999,5.236466666666666,4.7733333333333325,4.7733333333333325,4.7733333333333325,4.7733333333333325,4.7733333333333325,4.7733333333333325,4.7733333333333325,4.7733333333333325,4.7733333333333325,4.7733333333333325,4.7733333333333325,4.7733333333333325,4.7733333333333325,4.7733333333333325,4.7733333333333325,4.7733333333333325,4.7733333333333325,4.7733333333333325,4.7733333333333325,4.7733333333333325,4.7733333333333325,4.7733333333333325,4.7733333333333325,4.7733333333333325,4.7733333333333325,4.7733333333333325,4.7733333333333325,4.7733333333333325,4.7733333333333325,4.7733333333333325,4.7733333333333325,4.7733333333333325,4.7733333333333325,4.7733333333333325,4.7733333333333325,4.7733333333333325
87,active,unseeded,string,2,,,,,9.714,9.266133333333334,8.818266666666666,8.3704,7.922533333333334,7.474666666666667,7.344666666666667,7.214666666666667,7.084666666666666,6.954666666666666,6.824666666666666,6.824666666666666,6.824666666666666,6.824666666666666,6.824666666666666,6.824666666666666,6.824666666666666,6.824666666666666,6.824666666666666,6.824666666666666,6.824666666666666,6.404533333333333,5.9844,5.564266666666667,5.1441333333333334,4.724,4.724,4.724,4.724,4.724,4.724,4.413133333333334,4.102266666666667,3.7914,3.4805333333333333,3.1696666666666666,3.1696666666666666,3.1696666666666666,3.1696666666666666,3.1696666666666666,3.1696666666666666,2.9704,2.7711333333333332,2.5718666666666667,2.3726000000000003,2.1733333333333333
88,active,unseeded,string,3,,,,,12.219,10.7544,9.2898,7.8252,6.3606,4.896,4.174666666666667,3.453333333333333,2.732,2.010666666666667,1.2893333333333332,1.2893333333333332,1.2893333333333332,1.2893333333333332,1.2893333333333332,1.2893333333333332,1.232,1.1746666666666665,1.1173333333333333,1.0599999999999998,1.0026666666666666,1.0026666666666666,1.0026666666666666,1.0026666666666666,1.0026666666666666,1.0026666666666666,0.9755999999999999,0.9485333333333333,0.9214666666666667,0.8944000000000001,0.8673333333333334,0.7575333333333334,0.6477333333333334,0.5379333333333334,0.42813333333333337,0.31833333333333336,0.31833333333333336,0.31833333333333336,0.31833333333333336,0.31833333333333336,0.31833333333333336,0.31833333333333336,0.31833333333333336,0.31833333333333336,0.31833333333333336,0.31833333333333336
89,active,unseeded,string,4,,,,,8.822333333333333,8.6714,8.520466666666666,8.369533333333333,8.218599999999999,8.067666666666666,8.067666666666666,8.067666666666666,8.067666666666666,8.067666666666666,8.067666666666666,8.033466666666666,7.999266666666665,7.965066666666666,7.930866666666666,7.896666666666666,7.896666666666666,7.896666666666666,7.896666666666666,7.896666666666666,7.896666666666666,7.896666666666666,7.896666666666666,7.896666666666666,7.896666666666666,7.896666666666666,7.691199999999999,7.485733333333333,7.280266666666666,7.0748,6.8693333333333335,6.806933333333333,6.744533333333333,6.682133333333334,6.6197333333333335,6.557333333333333,6.402266666666667,6.2472,6.092133333333333,5.9370666666666665,5.782,5.782,5.782,5.782,5.782,5.782
90,active,unseeded,membrane,0,,,,,7.6290000000000004,7.562066666666667,7.495133333333334,7.4282,7.361266666666667,7.294333333333334,6.6302,5.966066666666667,5.301933333333333,4.6378,3.9736666666666665,3.9736666666666665,3.9736666666666665,3.9736666666666665,3.9736666666666665,3.9736666666666665,3.8196,3.6655333333333333,3.5114666666666663,3.3573999999999997,3.203333333333333,3.203333333333333,3.203333333333333,3.203333333333333,3.203333333333333,3.203333333333333,3.203333333333333,3.203333333333333,3.203333333333333,3.203333333333333,3.203333333333333,3.203333333333333,3.203333333333333,3.203333333333333,3.203333333333333,3.203333333333333,3.203333333333333,3.203333333333333,3.203333333333333,3.203333333333333,3.203333333333333,2.9667999999999997,2.7302666666666666,2.493733333333333,2.2572,2.0206666666666666
91,active,unseeded,membrane,1,,,,,8.321333333333333,8.124266666666667,7.927200000000001,7.730133333333335,7.5330666666666675,7.336000000000001,7.096000000000001,6.856000000000001,6.6160000000000005,6.376,6.136,6.136,6.136,6.136,6.136,6.136,5.457533333333333,4.779066666666667,4.1006,3.422133333333333,2.7436666666666665,2.6000666666666663,2.4564666666666666,2.3128666666666664,2.1692666666666662,2.0256666666666665,1.9353333333333331,1.845,1.7546666666666666,1.6643333333333334,1.574,1.4672,1.3604,1.2536,1.1468,1.04,1.04,1.04,1.04,1.04,1.04,1.04,1.04,1.04,1.04,1.04
92,active,unseeded,membrane,2,,,,,5.9430000000000005,5.378533333333333,4.814066666666667,4.2496,3.6851333333333334,3.1206666666666667,3.0038,2.8869333333333334,2.7700666666666667,2.6532,2.5363333333333333,2.5363333333333333,2.5363333333333333,2.5363333333333333,2.5363333333333333,2.5363333333333333,2.5363333333333333,2.5363333333333333,2.5363333333333333,2.5363333333333333,2.5363333333333333,2.5363333333333333,2.5363333333333333,2.5363333333333333,2.5363333333333333,2.5363333333333333,2.4198,2.3032666666666666,2.186733333333333,2.0702,1.9536666666666667,1.9536666666666667,1.9536666666666667,1.9536666666666667,1.9536666666666667,1.9536666666666667,1.9536666666666667,1.9536666666666667,1.9536666666666667,1.9536666666666667,1.9536666666666667,1.9536666666666667,1.9536666666666667,1.9536666666666667,1.9536666666666667,1.9536666666666667
93,active,unseeded,membrane,3,,,,,9.196333333333333,8.200800000000001,7.205266666666667,6.209733333333333,5.2142,4.218666666666667,4.1408,4.0629333333333335,3.9850666666666665,3.9071999999999996,3.829333333333333,3.7674,3.7054666666666662,3.643533333333333,3.5815999999999995,3.5196666666666663,3.2443999999999997,2.9691333333333327,2.693866666666666,2.4185999999999996,2.143333333333333,2.059733333333333,1.9761333333333333,1.8925333333333332,1.8089333333333333,1.7253333333333334,1.7253333333333334,1.7253333333333334,1.7253333333333334,1.7253333333333334,1.7253333333333334,1.7253333333333334,1.7253333333333334,1.7253333333333334,1.7253333333333334,1.7253333333333334,1.7202666666666666,1.7152,1.7101333333333333,1.7050666666666667,1.7,1.6715333333333333,1.6430666666666667,1.6146,1.5861333333333334,1.5576666666666668
94,active,unseeded,membrane,4,,,,,5.488333333333333,5.304733333333333,5.121133333333333,4.937533333333333,4.753933333333333,4.570333333333333,4.570333333333333,4.570333333333333,4.570333333333333,4.570333333333333,4.570333333333333,4.430133333333333,4.289933333333333,4.149733333333334,4.009533333333334,3.8693333333333335,3.8693333333333335,3.8693333333333335,3.8693333333333335,3.8693333333333335,3.8693333333333335,3.8693333333333335,3.8693333333333335,3.8693333333333335,3.8693333333333335,3.8693333333333335,3.8693333333333335,3.8693333333333335,3.8693333333333335,3.8693333333333335,3.8693333333333335,3.7574666666666667,3.6456,3.533733333333333,3.421866666666667,3.31,3.31,3.31,3.31,3.31,3.31,3.31,3.31,3.31,3.31,3.31
95,active,unseeded,vesicle,0,,,,,6.516666666666667,6.2532,5.989733333333333,5.726266666666666,5.4628,5.199333333333333,5.199333333333333,5.199333333333333,5.199333333333333,5.199333333333333,5.199333333333333,5.199333333333333,5.199333333333333,5.199333333333333,5.199333333333333,5.199333333333333,5.199333333333333,5.199333333333333,5.199333333333333,5.199333333333333,5.199333333333333,4.948799999999999,4.698266666666666,4.447733333333333,4.1972000000000005,3.9466666666666668,3.7383333333333333,3.53,3.3216666666666663,3.1133333333333333,2.905,2.8501999999999996,2.7954,2.7405999999999997,2.6858,2.631,2.5556666666666663,2.4803333333333333,2.405,2.3296666666666668,2.2543333333333333,2.2543333333333333,2.2543333333333333,2.2543333333333333,2.2543333333333333,2.2543333333333333
96,active,unseeded,vesicle,1,,,,,9.397333333333334,8.788733333333333,8.180133333333334,7.571533333333334,6.962933333333334,6.354333333333334,6.0187333333333335,5.683133333333333,5.347533333333333,5.011933333333333,4.676333333333333,4.6197333333333335,4.563133333333333,4.5065333333333335,4.449933333333333,4.3933333333333335,4.275133333333334,4.156933333333334,4.038733333333333,3.920533333333333,3.8023333333333333,3.8023333333333333,3.8023333333333333,3.8023333333333333,3.8023333333333333,3.8023333333333333,3.5952,3.388066666666667,3.180933333333334,2.9738,2.766666666666667,2.7161333333333335,2.6656,2.615066666666667,2.5645333333333333,2.514,2.4048666666666665,2.295733333333333,2.1866,2.0774666666666666,1.968333333333333,1.8379333333333332,1.7075333333333331,1.5771333333333333,1.4467333333333334,1.3163333333333334
97,active,unseeded,vesicle,2,,,,,5.409,5.409,5.409,5.409,5.409,5.409,5.099066666666666,4.789133333333333,4.4792,4.169266666666667,3.8593333333333333,3.8593333333333333,3.8593333333333333,3.8593333333333333,3.8593333333333333,3.8593333333333333,3.8589333333333333,3.8585333333333334,3.858133333333333,3.857733333333333,3.857333333333333,3.6706,3.4838666666666667,3.2971333333333335,3.1104000000000003,2.923666666666667,2.878466666666667,2.833266666666667,2.788066666666667,2.7428666666666666,2.6976666666666667,2.6976666666666667,2.6976666666666667,2.6976666666666667,2.6976666666666667,2.6976666666666667,2.6217333333333332,2.5458,2.469866666666667,2.3939333333333335,2.318,2.1255333333333333,1.9330666666666667,1.7406000000000001,1.5481333333333334,1.3556666666666668
98,active,unseeded,vesicle,3,,,,,6.0553333333333335,6.0156,5.975866666666667,5.936133333333333,5.8964,5.8566666666666665,5.624933333333333,5.3932,5.161466666666667,4.929733333333334,4.698,4.4134,4.1288,3.8442000000000003,3.5596,3.275,3.275,3.275,3.275,3.275,3.275,3.208133333333333,3.1412666666666667,3.0744,3.0075333333333334,2.9406666666666665,2.8858666666666664,2.8310666666666666,2.7762666666666664,2.7214666666666667,2.6666666666666665,2.6560666666666664,2.6454666666666666,2.6348666666666665,2.6242666666666667,2.6136666666666666,2.5366666666666666,2.4596666666666667,2.3826666666666667,2.3056666666666668,2.228666666666667,2.1222666666666665,2.0158666666666667,1.9094666666666666,1.8030666666666666,1.6966666666666665
99,active,unseeded,vesicle,4,,,,,4.519333333333333,4.357866666666666,4.1964,4.034933333333333,3.8734666666666664,3.7119999999999997,3.7119999999999997,3.7119999999999997,3.7119999999999997,3.7119999999999997,3.7119999999999997,3.7119999999999997,3.7119999999999997,3.7119999999999997,3.7119999999999997,3.7119999999999997,3.7119999999999997,3.7119999999999997,3.7119999999999997,3.7119999999999997,3.7119999999999997,3.4502666666666664,3.188533333333333,2.9268,2.6650666666666667,2.4033333333333333,2.4033333333333333,2.4033333333333333,2.4033333333333333,2.4033333333333333,2.4033333333333333,2.4033333333333333,2.4033333333333333,2.4033333333333333,2.4033333333333333,2.4033333333333333,2.390066666666667,2.3768000000000002,2.3635333333333333,2.3502666666666667,2.337,2.337,2.337,2.337,2.337,2.337
100,active,unseeded,wormlike micelle,0,,,,,7.657,7.561,7.465,7.369,7.273,7.177,7.028866666666667,6.880733333333333,6.7326,6.584466666666666,6.436333333333333,6.436333333333333,6.436333333333333,6.436333333333333,6.436333333333333,6.436333333333333,5.391266666666667,4.3462,3.301133333333333,2.2560666666666664,1.211,1.1081333333333334,1.0052666666666668,0.9024,0.7995333333333333,0.6966666666666667,0.6966666666666667,0.6966666666666667,0.6966666666666667,0.6966666666666667,0.6966666666666667,0.6941333333333334,0.6916,0.6890666666666667,0.6865333333333333,0.684,0.6589333333333334,0.6338666666666667,0.6088,0.5837333333333333,0.5586666666666666,0.5586666666666666,0.5586666666666666,0.5586666666666666,0.5586666666666666,0.5586666666666666
101,active,unseeded,wormlike micelle,1,,,,,3.321,3.321,3.321,3.321,3.321,3.321,3.228266666666667,3.1355333333333335,3.0427999999999997,2.9500666666666664,2.857333333333333,2.6937333333333333,2.530133333333333,2.3665333333333334,2.202933333333333,2.0393333333333334,2.0065333333333335,1.9737333333333333,1.9409333333333332,1.9081333333333332,1.875333333333333,1.875333333333333,1.875333333333333,1.875333333333333,1.875333333333333,1.875333333333333,1.875333333333333,1.875333333333333,1.875333333333333,1.875333333333333,1.875333333333333,1.875333333333333,1.875333333333333,1.875333333333333,1.875333333333333,1.875333333333333,1.875333333333333,1.875333333333333,1.875333333333333,1.875333333333333,1.875333333333333,1.875333333333333,1.875333333333333,1.875333333333333,1.875333333333333,1.875333333333333
102,active,unseeded,wormlike micelle,2,,,,,10.081333333333333,9.971,9.860666666666667,9.750333333333332,9.639999999999999,9.529666666666666,9.529666666666666,9.529666666666666,9.529666666666666,9.529666666666666,9.529666666666666,9.4606,9.391533333333333,9.322466666666665,9.2534,9.184333333333333,9.184333333333333,9.184333333333333,9.184333333333333,9.184333333333333,9.184333333333333,9.180533333333333,9.176733333333333,9.172933333333335,9.169133333333335,9.165333333333335,8.987266666666669,8.8092,8.631133333333334,8.453066666666667,8.275,7.373733333333334,6.472466666666667,5.5712,4.669933333333333,3.768666666666667,3.481866666666667,3.1950666666666665,2.9082666666666666,2.6214666666666666,2.3346666666666667,2.3182,2.3017333333333334,2.2852666666666663,2.2687999999999997,2.252333333333333
103,active,unseeded,wormlike micelle,3,,,,,10.602666666666666,9.216466666666665,7.830266666666667,6.444066666666666,5.0578666666666665,3.671666666666667,3.671666666666667,3.671666666666667,3.671666666666667,3.671666666666667,3.671666666666667,3.671666666666667,3.671666666666667,3.671666666666667,3.671666666666667,3.671666666666667,3.4992,3.3267333333333333,3.1542666666666666,2.9818000000000002,2.8093333333333335,2.7372666666666667,2.6652,2.5931333333333333,2.5210666666666666,2.449,2.449,2.449,2.449,2.449,2.449,2.449,2.449,2.449,2.449,2.449,2.449,2.449,2.449,2.449,2.449,2.449,2.449,2.449,2.449,2.449
104,active,unseeded,wormlike micelle,4,,,,,8.502,8.3492,8.1964,8.0436,7.8908,7.7379999999999995,7.7379999999999995,7.7379999999999995,7.7379999999999995,7.7379999999999995,7.7379999999999995,7.7379999999999995,7.7379999999999995,7.7379999999999995,7.7379999999999995,7.7379999999999995,7.7372,7.7364,7.735599999999999,7.734799999999999,7.733999999999999,7.733999999999999,7.733999999999999,7.733999999999999,7.733999999999999,7.733999999999999,7.733999999999999,7.733999999999999,7.733999999999999,7.733999999999999,7.733999999999999,7.733999999999999,7.733999999999999,7.733999999999999,7.733999999999999,7.733999999999999,7.733999999999999,7.733999999999999,7.733999999999999,7.733999999999999,7.733999999999999,7.733999999999999,7.733999999999999,7.733999999999999,7.733999999999999,7.733999999999999
105,active,unseeded,spherical micelle,0,,,,,5.045000000000001,5.045000000000001,5.045000000000001,5.045000000000001,5.045000000000001,5.045000000000001,4.957200000000001,4.869400000000001,4.781600000000001,4.6938,4.606000000000001,4.5692,4.532400000000001,4.4956000000000005,4.458800000000001,4.422000000000001,4.3306000000000004,4.2392,4.1478,4.0564,3.965,3.8878666666666666,3.8107333333333333,3.7335999999999996,3.6564666666666663,3.579333333333333,3.548533333333333,3.517733333333333,3.486933333333333,3.4561333333333333,3.425333333333333,3.313133333333333,3.200933333333333,3.088733333333333,2.9765333333333333,2.864333333333333,2.8548666666666667,2.8454,2.835933333333333,2.8264666666666667,2.817,2.768666666666667,2.7203333333333335,2.672,2.623666666666667,2.5753333333333335
106,active,unseeded,spherical micelle,1,,,,,5.519666666666667,5.519666666666667,5.519666666666667,5.519666666666667,5.519666666666667,5.519666666666667,5.519666666666667,5.519666666666667,5.519666666666667,5.519666666666667,5.519666666666667,5.2640666666666664,5.008466666666666,4.752866666666666,4.4972666666666665,4.241666666666666,4.230733333333333,4.2198,4.208866666666666,4.197933333333333,4.187,4.1114,4.0358,3.9602,3.8846,3.8089999999999997,3.8089999999999997,3.8089999999999997,3.8089999999999997,3.8089999999999997,3.8089999999999997,3.8089999999999997,3.8089999999999997,3.8089999999999997,3.8089999999999997,3.8089999999999997,3.8089999999999997,3.8089999999999997,3.8089999999999997,3.8089999999999997,3.8089999999999997,3.6236666666666664,3.438333333333333,3.2529999999999997,3.0676666666666663,2.882333333333333
107,active,unseeded,spherical micelle,2,,,,,7.448333333333333,6.653333333333333,5.858333333333333,5.063333333333333,4.268333333333333,3.473333333333333,3.4565333333333332,3.4397333333333333,3.422933333333333,3.406133333333333,3.389333333333333,3.3828,3.3762666666666665,3.3697333333333335,3.3632,3.356666666666667,3.3174,3.278133333333334,3.238866666666667,3.1996000000000007,3.160333333333334,3.160333333333334,3.160333333333334,3.160333333333334,3.160333333333334,3.160333333333334,3.160333333333334,3.160333333333334,3.160333333333334,3.160333333333334,3.160333333333334,3.160333333333334,3.160333333333334,3.160333333333334,3.160333333333334,3.160333333333334,3.160333333333334,3.160333333333334,3.160333333333334,3.160333333333334,3.160333333333334,3.160333333333334,3.160333333333334,3.160333333333334,3.160333333333334,3.160333333333334
108,active,unseeded,spherical micelle,3,,,,,5.917333333333333,5.8995999999999995,5.881866666666666,5.864133333333333,5.8464,5.828666666666667,5.698933333333334,5.5692,5.439466666666666,5.309733333333333,5.18,5.18,5.18,5.18,5.18,5.18,5.18,5.18,5.18,5.18,5.18,5.18,5.18,5.18,5.18,5.18,5.18,5.18,5.18,5.18,5.18,4.768133333333333,4.3562666666666665,3.9444,3.5325333333333333,3.1206666666666667,3.1206666666666667,3.1206666666666667,3.1206666666666667,3.1206666666666667,3.1206666666666667,3.107666666666667,3.094666666666667,3.0816666666666666,3.0686666666666667,3.0556666666666668
109,active,unseeded,spherical micelle,4,,,,,7.7203333333333335,7.490666666666667,7.261,7.031333333333333,6.801666666666667,6.572,6.572,6.572,6.572,6.572,6.572,6.5134,6.4548,6.3962,6.3376,6.279,6.1575999999999995,6.0362,5.9148,5.7934,5.672,5.651866666666666,5.631733333333333,5.611599999999999,5.591466666666666,5.571333333333333,5.571333333333333,5.571333333333333,5.571333333333333,5.571333333333333,5.571333333333333,5.437733333333333,5.304133333333333,5.170533333333333,5.036933333333333,4.903333333333333,4.836666666666667,4.7700000000000005,4.703333333333333,4.636666666666667,4.57,4.5675333333333334,4.565066666666667,4.562600000000001,4.560133333333334,4.557666666666667
110,evolutionary,seeded,liquid,0,,,,,11.443999999999997,10.714444444444442,9.984888888888888,9.255333333333333,8.197416666666665,7.1395,6.081583333333333,5.023666666666666,4.254888888888889,3.4861111111111107,2.717333333333333,2.717333333333333,2.717333333333333,2.5998333333333328,2.482333333333333,2.1214999999999997,1.7606666666666666,1.4675,1.1743333333333335,1.0761666666666667,0.9779999999999999,0.9779999999999999,0.9779999999999999,0.9779999999999999,0.9779999999999999,0.9779999999999999,0.9779999999999999,0.9779999999999999,0.9779999999999999,0.9779999999999999,0.9779999999999999,0.9779999999999999,0.9779999999999999,0.9779999999999999,0.8788333333333332,0.7796666666666666,0.7796666666666666,0.7796666666666666,0.638,0.638,0.638,0.638,0.638,0.638,0.638,0.638
111,evolutionary,seeded,liquid,1,,,,,15.639666666666665,10.296999999999999,5.486999999999999,5.486999999999999,5.486999999999999,3.732666666666667,2.3063333333333333,1.2233333333333334,1.0518333333333334,0.8803333333333333,0.8803333333333333,0.8803333333333333,0.8803333333333333,0.8803333333333333,0.8803333333333333,0.8803333333333333,0.8803333333333333,0.8803333333333333,0.8803333333333333,0.7853333333333333,0.7853333333333333,0.7000000000000001,0.7000000000000001,0.7000000000000001,0.7000000000000001,0.7000000000000001,0.7000000000000001,0.7000000000000001,0.7000000000000001,0.7000000000000001,0.7000000000000001,0.7000000000000001,0.7000000000000001,0.7000000000000001,0.7000000000000001,0.7000000000000001,0.7000000000000001,0.7000000000000001,0.7000000000000001,,,,,,,
112,evolutionary,seeded,liquid,2,,,,,7.6176666666666675,7.024111111111112,6.430555555555555,5.837,3.1799999999999997,1.7363333333333333,1.5723333333333334,1.4083333333333332,1.2443333333333333,1.2443333333333333,1.2443333333333333,1.2443333333333333,1.2443333333333333,1.2443333333333333,1.2443333333333333,1.2443333333333333,1.2443333333333333,1.2443333333333333,0.93,0.93,0.93,0.93,0.93,0.93,0.93,0.781,0.632,0.632,0.632,0.632,0.632,0.632,0.632,0.632,0.632,0.632,0.632,0.632,0.632,0.632,0.632,0.632,0.632,0.632,0.632,
113,evolutionary,seeded,liquid,3,,,,,9.373666666666667,8.879111111111111,8.384555555555556,7.890000000000001,6.175111111111112,4.460222222222223,2.7453333333333334,1.9138333333333333,1.0823333333333334,0.9158333333333334,0.7493333333333334,0.7493333333333334,0.7043333333333334,0.7043333333333334,0.7043333333333334,0.7043333333333334,0.7043333333333334,0.7043333333333334,0.7043333333333334,0.7043333333333334,0.7043333333333334,0.6343333333333333,0.6343333333333333,0.6343333333333333,0.6343333333333333,0.6343333333333333,0.6343333333333333,0.6343333333333333,0.6343333333333333,0.6343333333333333,0.6343333333333333,0.6343333333333333,0.6343333333333333,0.6343333333333333,0.6343333333333333,0.6343333333333333,0.6343333333333333,0.6343333333333333,0.6343333333333333,0.6343333333333333,0.6343333333333333,0.6343333333333333,,,,
114,evolutionary,seeded,liquid,4,,,,,9.472333333333333,9.472333333333333,7.056333333333334,5.495666666666667,3.935,2.1203333333333334,2.0285,1.9366666666666668,1.7956666666666665,1.4806666666666668,1.4371666666666667,1.3936666666666666,1.3936666666666666,1.2271666666666665,1.0606666666666664,1.016333333333333,0.9719999999999999,0.9276666666666666,0.9276666666666666,0.885,0.8423333333333334,0.8423333333333334,0.7113333333333333,0.7113333333333333,0.7113333333333333,0.7113333333333333,0.7113333333333333,0.7113333333333333,0.501,0.501,0.501,0.501,0.501,0.501,0.501,0.501,0.501,0.501,0.501,0.501,0.501,0.501,,,,
115,evolutionary,seeded,string,0,,,,,6.743666666666667,6.622888888888889,6.502111111111111,6.381333333333333,6.21425,6.0471666666666675,5.880083333333334,5.713000000000001,5.713000000000001,5.713000000000001,5.713000000000001,5.622444444444445,5.531888888888889,5.441333333333333,5.441333333333333,5.220166666666666,4.999,4.999,4.999,4.98,4.961,4.942500000000001,4.924,4.924,4.709444444444445,4.494888888888889,4.280333333333334,4.010000000000001,3.7396666666666674,3.4693333333333336,3.1990000000000003,3.1990000000000003,3.1990000000000003,2.986333333333333,2.986333333333333,2.986333333333333,2.986333333333333,2.986333333333333,2.9545,2.9226666666666667,2.9226666666666667,2.9226666666666667,2.9226666666666667,2.9226666666666667,2.9226666666666667,2.9226666666666667
116,evolutionary,seeded,string,1,,,,,3.669333333333333,1.7146666666666668,1.7146666666666668,1.7146666666666668,1.7146666666666668,1.7146666666666668,0.3986666666666667,0.3986666666666667,0.3986666666666667,0.3986666666666667,0.38466666666666666,0.38466666666666666,0.38466666666666666,0.38466666666666666,0.38466666666666666,0.38466666666666666,0.3415,0.29833333333333334,0.29833333333333334,0.29833333333333334,0.29833333333333334,0.29833333333333334,0.23466666666666666,0.23466666666666666,0.23466666666666666,0.23466666666666666,0.23466666666666666,0.23466666666666666,0.23466666666666666,0.165,0.165,0.165,0.165,0.165,0.165,0.165,0.165,0.165,0.165,,,,,,,
117,evolutionary,seeded,string,2,,,,,7.3806666666666665,6.593,5.8053333333333335,4.722222222222222,3.639111111111111,2.556,2.556,2.0493333333333332,1.5388888888888888,1.0284444444444445,0.518,0.518,0.5053333333333333,0.49266666666666664,0.49266666666666664,0.49266666666666664,0.49266666666666664,0.49266666666666664,0.49266666666666664,0.49266666666666664,0.49266666666666664,0.49266666666666664,0.49266666666666664,0.49266666666666664,0.49266666666666664,0.49266666666666664,0.49266666666666664,0.49266666666666664,0.49266666666666664,0.49266666666666664,0.49266666666666664,0.49266666666666664,0.49266666666666664,0.49266666666666664,0.49266666666666664,0.49266666666666664,0.49266666666666664,0.49266666666666664,0.49266666666666664,0.49266666666666664,0.49266666666666664,0.49266666666666664,0.49266666666666664,0.49266666666666664,0.3406666666666667,0.3406666666666667
118,evolutionary,seeded,string,3,,,,,7.906999999999999,7.906999999999999,7.411333333333334,6.163833333333335,4.916333333333334,3.2485000000000004,1.5806666666666667,1.5806666666666667,0.49833333333333335,0.49833333333333335,0.49833333333333335,0.49833333333333335,0.49833333333333335,0.49833333333333335,0.49833333333333335,0.49833333333333335,0.49833333333333335,0.49833333333333335,0.49833333333333335,0.4043333333333334,0.4043333333333334,0.4043333333333334,0.4043333333333334,0.4043333333333334,0.4043333333333334,0.4043333333333334,0.4043333333333334,0.4043333333333334,0.38033333333333336,0.38033333333333336,0.38033333333333336,0.38033333333333336,0.38033333333333336,0.38033333333333336,0.38033333333333336,0.38033333333333336,0.38033333333333336,0.38033333333333336,,,,,,,,
119,evolutionary,seeded,string,4,,,,,5.104333333333333,4.323666666666667,3.5430000000000006,3.5430000000000006,3.5430000000000006,1.7843333333333333,1.3118333333333334,0.8393333333333333,0.8393333333333333,0.8393333333333333,0.8393333333333333,0.8393333333333333,0.8393333333333333,0.8393333333333333,0.8393333333333333,0.8393333333333333,0.8393333333333333,0.8393333333333333,0.8393333333333333,0.6568333333333333,0.47433333333333333,0.47433333333333333,0.4343333333333333,0.4343333333333333,0.4343333333333333,0.4343333333333333,0.4343333333333333,0.4343333333333333,0.4343333333333333,0.42733333333333334,0.4203333333333334,0.4203333333333334,0.4203333333333334,0.4203333333333334,0.4203333333333334,0.4203333333333334,0.3771666666666667,0.334,0.334,0.334,0.334,0.334,0.334,,,
120,evolutionary,seeded,membrane,0,,,,,7.82,7.291888888888889,6.763777777777778,6.235666666666667,6.202416666666667,6.169166666666667,6.135916666666667,6.102666666666667,6.102666666666667,6.102666666666667,5.035,4.908166666666666,4.781333333333333,4.655333333333333,4.529333333333334,3.767333333333333,3.005333333333333,2.7991666666666664,2.593,2.5292222222222223,2.4654444444444445,2.401666666666667,2.401666666666667,2.401666666666667,2.401666666666667,2.1016666666666666,2.1016666666666666,1.9116666666666664,1.9116666666666664,1.9116666666666664,1.9116666666666664,1.9116666666666664,1.9116666666666664,1.9116666666666664,1.7426666666666666,1.7426666666666666,1.6333333333333335,1.5279999999999998,1.5279999999999998,1.5279999999999998,1.5279999999999998,1.5279999999999998,1.5279999999999998,1.5279999999999998,1.5279999999999998,1.5279999999999998
121,evolutionary,seeded,membrane,1,,,,,8.726666666666667,6.965666666666667,4.909666666666666,4.204833333333333,3.5,3.5,3.1176666666666666,2.827666666666667,2.6661666666666672,2.504666666666667,2.504666666666667,2.504666666666667,2.504666666666667,2.1435,1.782333333333333,1.782333333333333,1.6604999999999999,1.5386666666666666,1.5386666666666666,1.5386666666666666,1.5386666666666666,1.3016666666666667,1.3016666666666667,1.3016666666666667,1.3016666666666667,1.3016666666666667,1.3016666666666667,1.3016666666666667,0.908,0.908,0.908,0.908,0.908,0.908,0.908,0.908,0.908,0.908,0.6236666666666667,,,,,,,
122,evolutionary,seeded,membrane,2,,,,,9.667333333333334,8.054833333333333,6.442333333333333,5.831333333333333,5.2203333333333335,4.609333333333334,4.609333333333334,4.442,4.386,4.33,4.274,4.075666666666667,4.075666666666667,4.075666666666667,3.560666666666667,3.045666666666667,3.045666666666667,3.045666666666667,2.846,2.646333333333333,1.4996666666666665,1.4996666666666665,1.4996666666666665,1.4996666666666665,1.4996666666666665,1.4996666666666665,1.4996666666666665,1.2798333333333332,1.0599999999999998,1.0599999999999998,1.0599999999999998,1.0599999999999998,1.0599999999999998,1.0439999999999998,1.0439999999999998,1.0439999999999998,1.0439999999999998,1.0439999999999998,1.0439999999999998,0.8609999999999999,0.6779999999999999,0.6779999999999999,0.6779999999999999,0.6779999999999999,0.4713333333333333,0.4713333333333333
123,evolutionary,seeded,membrane,3,,,,,10.298,8.796999999999999,8.699333333333334,8.104833333333334,7.510333333333333,6.717499999999999,5.924666666666667,5.924666666666667,4.075,3.270666666666667,3.270666666666667,3.270666666666667,3.270666666666667,3.270666666666667,3.270666666666667,3.270666666666667,2.587,2.587,1.9526666666666668,1.9526666666666668,1.9526666666666668,1.9526666666666668,1.9526666666666668,1.9526666666666668,1.9224999999999999,1.8923333333333332,1.8923333333333332,1.8923333333333332,1.8923333333333332,1.8923333333333332,1.3713333333333333,1.3713333333333333,1.3713333333333333,1.3713333333333333,1.3713333333333333,1.3713333333333333,1.3713333333333333,1.3713333333333333,,,,,,,,
124,evolutionary,seeded,membrane,4,,,,,5.488333333333333,4.984,4.984,4.9765,4.969,4.0569999999999995,3.830666666666666,3.604333333333333,2.8473333333333333,2.609,2.429666666666667,2.2503333333333333,2.2503333333333333,2.2503333333333333,2.2503333333333333,1.9955555555555555,1.7407777777777778,1.486,1.1749999999999998,1.1749999999999998,1.1749999999999998,1.1749999999999998,1.1749999999999998,1.1749999999999998,1.1749999999999998,1.1749999999999998,1.1749999999999998,1.1749999999999998,1.1749999999999998,1.1749999999999998,1.1749999999999998,1.1749999999999998,1.1749999999999998,1.1749999999999998,1.1749999999999998,0.9476666666666667,0.9476666666666667,0.9476666666666667,0.9476666666666667,0.9476666666666667,0.9476666666666667,0.9476666666666667,,,,
125,evolutionary,seeded,vesicle,0,,,,,6.516666666666667,5.619777777777777,4.722888888888889,3.826,3.5010833333333333,3.176166666666667,2.8512500000000003,2.5263333333333335,2.5263333333333335,2.5263333333333335,2.5263333333333335,2.5263333333333335,2.5263333333333335,2.5263333333333335,2.5263333333333335,2.5263333333333335,2.5263333333333335,2.5263333333333335,2.5263333333333335,2.5263333333333335,2.5263333333333335,2.5263333333333335,2.5263333333333335,2.5263333333333335,2.5263333333333335,2.5263333333333335,2.5263333333333335,2.5263333333333335,2.5263333333333335,2.1013333333333333,2.1013333333333333,2.1013333333333333,2.1013333333333333,2.1013333333333333,2.1013333333333333,2.1013333333333333,2.1013333333333333,1.8836666666666666,1.8836666666666666,1.8836666666666666,1.7730000000000004,1.717166666666667,1.6613333333333333,1.6030000000000002,1.5446666666666669,1.5446666666666669
126,evolutionary,seeded,vesicle,1,,,,,10.893666666666666,7.062333333333332,6.403666666666666,5.0905,3.7773333333333334,3.7773333333333334,3.1316666666666664,3.114333333333333,2.6601666666666666,2.206,1.375,1.375,1.375,1.375,1.375,1.375,0.9105,0.44599999999999995,0.18933333333333335,0.18933333333333335,0.18933333333333335,0.18933333333333335,0.18933333333333335,0.18933333333333335,0.18933333333333335,0.18933333333333335,0.18933333333333335,0.18933333333333335,0.18933333333333335,0.18933333333333335,0.18933333333333335,0.18933333333333335,0.18933333333333335,0.18933333333333335,0.18933333333333335,0.18933333333333335,0.18933333333333335,0.18933333333333335,0.18933333333333335,,,,,,,
127,evolutionary,seeded,vesicle,2,,,,,7.623,6.511666666666667,5.400333333333333,5.400333333333333,5.400333333333333,5.400333333333333,5.400333333333333,5.400333333333333,4.739222222222223,4.078111111111111,3.4170000000000003,3.4170000000000003,3.0018333333333334,2.5866666666666664,2.538,2.489333333333333,2.489333333333333,2.489333333333333,1.9445,1.3996666666666666,1.3996666666666666,1.3996666666666666,1.3996666666666666,1.3996666666666666,1.3996666666666666,1.3996666666666666,1.3996666666666666,1.1451666666666667,0.8906666666666666,0.8906666666666666,0.8906666666666666,0.8906666666666666,0.8906666666666666,0.8906666666666666,0.8906666666666666,0.8906666666666666,0.8906666666666666,0.8906666666666666,0.8906666666666666,0.8906666666666666,0.8906666666666666,0.8906666666666666,0.8906666666666666,0.8906666666666666,0.8453333333333334,0.8453333333333334
128,evolutionary,seeded,vesicle,3,,,,,7.689666666666667,7.689666666666667,7.059,6.428333333333334,5.797666666666667,5.797666666666667,5.797666666666667,5.566833333333333,5.335999999999999,5.335999999999999,4.625333333333334,3.048,3.048,3.048,3.048,3.048,3.048,2.4633333333333334,2.4633333333333334,1.7416666666666665,1.4626666666666666,0.8666666666666667,0.8666666666666667,0.8666666666666667,0.8666666666666667,0.8666666666666667,0.8666666666666667,0.8666666666666667,0.8666666666666667,0.8666666666666667,0.7450000000000001,0.7450000000000001,0.7450000000000001,0.7450000000000001,0.7450000000000001,0.7450000000000001,0.7450000000000001,0.7450000000000001,0.7450000000000001,0.7450000000000001,,,,,,
129,evolutionary,seeded,vesicle,4,,,,,4.519333333333333,4.124833333333333,3.730333333333333,3.730333333333333,3.730333333333333,3.730333333333333,2.1790000000000003,2.1013333333333337,2.0236666666666667,2.0236666666666667,2.0236666666666667,2.0236666666666667,2.0236666666666667,2.0236666666666667,2.0236666666666667,2.0236666666666667,1.8782222222222222,1.732777777777778,1.5873333333333335,1.5873333333333335,1.5873333333333335,1.5873333333333335,1.5873333333333335,1.5873333333333335,1.5873333333333335,1.5873333333333335,1.5873333333333335,1.5873333333333335,1.5873333333333335,1.5873333333333335,1.435,1.2826666666666666,1.2826666666666666,1.2826666666666666,1.2826666666666666,1.2826666666666666,1.2826666666666666,1.2826666666666666,1.2826666666666666,1.2826666666666666,1.2826666666666666,1.2826666666666666,1.2826666666666666,1.2826666666666666,,
130,evolutionary,seeded,wormlike micelle,0,,,,,9.193333333333333,7.984,6.774666666666667,5.565333333333334,5.122416666666667,4.679500000000001,4.236583333333334,3.7936666666666667,2.598666666666667,2.598666666666667,2.598666666666667,2.598666666666667,2.529,2.529,2.529,2.5225,2.516,2.516,2.516,2.516,2.516,2.516,2.3804444444444446,2.2448888888888887,2.1093333333333333,2.1093333333333333,2.1093333333333333,2.1093333333333333,2.1093333333333333,2.1093333333333333,2.1093333333333333,2.1093333333333333,2.1093333333333333,2.1093333333333333,2.1093333333333333,2.1093333333333333,2.1093333333333333,2.1093333333333333,1.8896666666666668,1.8896666666666668,1.8896666666666668,1.8896666666666668,1.8896666666666668,1.8896666666666668,1.8896666666666668,1.8896666666666668
131,evolutionary,seeded,wormlike micelle,1,,,,,3.321,1.2963333333333333,1.1853333333333333,1.1853333333333333,1.1853333333333333,1.1853333333333333,1.1853333333333333,1.1853333333333333,0.958,0.7306666666666667,0.7306666666666667,0.7306666666666667,0.7306666666666667,0.7306666666666667,0.7306666666666667,0.7306666666666667,0.7306666666666667,0.7306666666666667,0.5756666666666667,0.5756666666666667,0.5756666666666667,0.5756666666666667,0.5756666666666667,0.5678888888888889,0.5601111111111111,0.5523333333333333,0.5523333333333333,0.5523333333333333,0.5523333333333333,0.5523333333333333,0.5523333333333333,0.5523333333333333,0.5492222222222223,0.5461111111111111,0.543,0.45166666666666666,0.45166666666666666,0.45166666666666666,0.23033333333333336,,,,,,,
132,evolutionary,seeded,wormlike micelle,2,,,,,11.299000000000001,10.510166666666667,9.721333333333334,8.619444444444445,7.517555555555555,6.415666666666667,5.160666666666667,5.160666666666667,4.3581111111111115,3.5555555555555554,2.753,2.7079999999999997,2.4021666666666666,2.0963333333333334,2.0756666666666668,2.055,1.9456666666666669,1.8363333333333334,1.6491666666666667,1.462,1.462,1.462,1.462,1.462,1.462,1.3611666666666666,1.2603333333333333,1.0528333333333333,0.8453333333333334,0.8453333333333334,0.8453333333333334,0.8453333333333334,0.8453333333333334,0.8453333333333334,0.8453333333333334,0.8453333333333334,0.8453333333333334,0.7063333333333333,0.7063333333333333,0.7063333333333333,0.7063333333333333,0.7063333333333333,0.7063333333333333,0.7063333333333333,0.4623333333333333,0.4623333333333333
133,evolutionary,seeded,wormlike micelle,3,,,,,10.602666666666666,7.28,5.4606666666666674,4.425166666666668,3.389666666666667,3.2154999999999996,3.0413333333333328,3.0413333333333328,2.1213333333333333,1.5276666666666667,1.5276666666666667,1.5276666666666667,1.5276666666666667,1.5276666666666667,1.5276666666666667,1.263,0.8733333333333334,0.8733333333333334,0.8733333333333334,0.7479999999999999,0.7479999999999999,0.7479999999999999,0.6953333333333332,0.6426666666666666,0.6426666666666666,0.6426666666666666,0.6426666666666666,0.6426666666666666,0.6426666666666666,0.6426666666666666,0.4026666666666667,0.4026666666666667,0.4026666666666667,0.4026666666666667,0.4026666666666667,0.4026666666666667,0.4026666666666667,0.4026666666666667,,,,,,,,
134,evolutionary,seeded,wormlike micelle,4,,,,,9.659333333333334,7.776666666666666,7.776666666666666,7.179,6.581333333333333,4.503,3.8068333333333335,3.110666666666667,2.0233333333333334,1.2873333333333334,1.2873333333333334,1.2873333333333334,1.2873333333333334,1.2873333333333334,1.2873333333333334,1.2873333333333334,1.2873333333333334,1.2873333333333334,1.2873333333333334,1.2371666666666667,1.187,1.187,1.187,1.187,1.187,1.187,1.187,1.187,0.8166666666666668,0.8166666666666668,0.8166666666666668,0.8166666666666668,0.8166666666666668,0.8166666666666668,0.8166666666666668,0.438,0.3763333333333333,0.31466666666666665,0.31466666666666665,0.31466666666666665,0.31466666666666665,0.31466666666666665,,,,
135,evolutionary,seeded,spherical micelle,0,,,,,6.540666666666667,5.502888888888889,4.465111111111112,3.4273333333333333,3.1318333333333332,2.836333333333333,2.5408333333333335,2.2453333333333334,2.2453333333333334,2.2453333333333334,2.2453333333333334,2.2453333333333334,2.2453333333333334,2.2453333333333334,2.2453333333333334,2.2453333333333334,2.2453333333333334,2.2453333333333334,2.2453333333333334,2.2453333333333334,2.2453333333333334,2.2453333333333334,2.2453333333333334,2.2453333333333334,2.2453333333333334,2.2453333333333334,2.1313333333333335,2.1313333333333335,2.1313333333333335,2.1313333333333335,2.1313333333333335,2.1313333333333335,1.9921666666666669,1.853,1.853,1.853,1.853,1.853,1.853,1.853,1.853,1.853,1.853,1.853,1.853,1.853
136,evolutionary,seeded,spherical micelle,1,,,,,5.720666666666666,3.622333333333333,1.6566666666666665,1.4926666666666666,1.3286666666666667,1.2816666666666665,1.2816666666666665,1.2816666666666665,1.19,1.0983333333333334,0.9499999999999998,0.9499999999999998,0.9499999999999998,0.9453333333333332,0.9406666666666667,0.9406666666666667,0.9406666666666667,0.9406666666666667,0.8076666666666666,0.61,0.61,0.61,0.5716666666666667,0.5274444444444444,0.4832222222222222,0.439,0.439,0.439,0.439,0.439,0.439,0.439,0.439,0.439,0.439,0.39166666666666666,0.39166666666666666,0.3543333333333334,0.3543333333333334,,,,,,,
137,evolutionary,seeded,spherical micelle,2,,,,,7.448333333333333,6.7075555555555555,5.966777777777778,5.226,4.261,4.261,3.555,2.849,2.1430000000000002,1.4506666666666668,1.2391666666666667,1.0276666666666667,1.0276666666666667,1.0276666666666667,1.012,0.9963333333333333,0.8546666666666667,0.7130000000000001,0.7130000000000001,0.7130000000000001,0.7130000000000001,0.7130000000000001,0.7130000000000001,0.7130000000000001,0.7130000000000001,0.7130000000000001,0.7130000000000001,0.7130000000000001,0.7130000000000001,0.7130000000000001,0.7130000000000001,0.7130000000000001,0.7130000000000001,0.7130000000000001,0.7130000000000001,0.4663333333333333,0.4663333333333333,0.4663333333333333,0.4663333333333333,0.4663333333333333,0.4663333333333333,0.4663333333333333,0.4626666666666666,0.4626666666666666,0.4626666666666666,
138,evolutionary,seeded,spherical micelle,3,,,,,5.917333333333333,3.864333333333333,3.4506666666666668,2.7758333333333334,2.101,2.101,2.101,2.101,2.101,1.218,1.1243333333333334,1.1243333333333334,1.1243333333333334,1.1243333333333334,1.1243333333333334,1.028,1.028,1.028,1.028,0.7633333333333333,0.7633333333333333,0.7633333333333333,0.5868333333333333,0.41033333333333327,0.41033333333333327,0.41033333333333327,0.41033333333333327,0.41033333333333327,0.338,0.338,0.338,0.338,0.338,0.338,0.32233333333333336,0.30666666666666664,0.291,0.291,,,,,,,,
139,evolutionary,seeded,spherical micelle,4,,,,,9.670333333333332,7.926499999999999,6.182666666666666,6.119,4.338333333333334,2.1866666666666665,1.8203333333333331,1.454,1.454,0.754,0.7398333333333333,0.7256666666666667,0.7256666666666667,0.6711666666666667,0.6166666666666666,0.6166666666666666,0.6166666666666666,0.6166666666666666,0.6166666666666666,0.6166666666666666,0.6166666666666666,0.6166666666666666,0.6166666666666666,0.6166666666666666,0.5846666666666667,0.5846666666666667,0.5846666666666667,0.5846666666666667,0.5593333333333332,0.5339999999999999,0.5339999999999999,0.361,0.361,0.361,0.361,0.361,0.361,0.361,0.361,0.3456666666666666,0.3456666666666666,0.3456666666666666,,,,
140,evolutionary,unseeded,liquid,0,,,,,11.443999999999997,11.287666666666667,10.457166666666666,9.626666666666667,9.121222222222222,8.615777777777778,8.110333333333333,6.187,6.187,6.187,6.187,5.535666666666667,4.884333333333333,4.884333333333333,4.884333333333333,4.3375,3.7906666666666666,3.7906666666666666,3.5621111111111112,3.333555555555556,3.1050000000000004,2.5573333333333332,2.0096666666666665,2.0096666666666665,1.2826666666666666,0.7286666666666667,0.7286666666666667,0.7286666666666667,0.7286666666666667,0.7286666666666667,0.7286666666666667,0.7286666666666667,0.7286666666666667,0.7286666666666667,0.5916666666666667,0.5916666666666667,0.5916666666666667,0.5916666666666667,0.5916666666666667,0.5916666666666667,0.5718333333333333,0.5519999999999999,0.5519999999999999,0.5519999999999999,0.5519999999999999,0.5519999999999999
141,evolutionary,unseeded,liquid,1,,,,,12.865666666666664,10.713666666666668,9.028666666666666,9.028666666666666,9.028666666666666,7.426333333333335,4.602,2.9026666666666667,2.2465,1.5903333333333334,1.5903333333333334,1.5776666666666668,1.563,1.5385,1.514,1.514,1.514,1.514,1.276,1.2676666666666667,1.2676666666666667,1.2676666666666667,1.2676666666666667,1.2676666666666667,1.2676666666666667,1.2676666666666667,1.2676666666666667,1.2676666666666667,1.2676666666666667,1.2676666666666667,1.2676666666666667,1.2676666666666667,1.2676666666666667,1.2676666666666667,1.2676666666666667,1.2676666666666667,1.2676666666666667,1.2676666666666667,1.2676666666666667,1.2676666666666667,1.2650000000000001,1.2623333333333333,,,,
142,evolutionary,unseeded,liquid,2,,,,,7.6176666666666675,7.413444444444445,7.209222222222222,7.005,7.005,5.763333333333333,5.149444444444444,4.535555555555556,3.921666666666667,2.6999999999999997,2.6999999999999997,2.6999999999999997,2.1106666666666665,1.5213333333333334,1.5213333333333334,1.5213333333333334,1.4228333333333334,1.3243333333333334,1.3243333333333334,1.3243333333333334,1.1381666666666668,0.952,0.952,0.8094999999999999,0.6669999999999999,0.6669999999999999,0.6669999999999999,0.6518888888888889,0.6367777777777778,0.6216666666666667,0.6216666666666667,0.6216666666666667,0.6216666666666667,0.6216666666666667,0.6216666666666667,0.6216666666666667,0.6216666666666667,0.6216666666666667,0.6216666666666667,0.6216666666666667,0.6216666666666667,0.6216666666666667,0.6216666666666667,0.6216666666666667,0.5928333333333333,0.564
143,evolutionary,unseeded,liquid,3,,,,,8.752333333333333,8.410222222222222,8.06811111111111,7.725999999999999,4.791666666666667,4.244222222222223,3.696777777777778,3.1493333333333333,2.442833333333333,1.7363333333333333,1.4008333333333334,1.0653333333333332,0.7856666666666666,0.506,0.39733333333333337,0.39733333333333337,0.39733333333333337,0.39733333333333337,0.39733333333333337,0.39733333333333337,0.39733333333333337,0.39733333333333337,0.39733333333333337,0.39733333333333337,0.39733333333333337,0.39733333333333337,0.39733333333333337,0.39733333333333337,0.39733333333333337,0.39733333333333337,0.39733333333333337,0.39733333333333337,0.39733333333333337,0.39733333333333337,0.39733333333333337,0.39733333333333337,0.39733333333333337,0.39733333333333337,0.37066666666666664,0.37066666666666664,0.37066666666666664,0.37066666666666664,0.37066666666666664,0.37066666666666664,0.37066666666666664,0.37066666666666664
144,evolutionary,unseeded,liquid,4,,,,,9.075666666666667,6.769166666666667,4.462666666666666,3.6533333333333333,2.8440000000000003,2.034666666666667,2.034666666666667,2.034666666666667,1.6445,1.2543333333333333,0.864,0.864,0.864,0.864,0.864,0.864,0.864,0.864,0.864,0.864,0.864,0.864,0.864,0.864,0.864,0.864,0.864,0.7378333333333333,0.6116666666666667,0.548,0.548,0.548,0.5396666666666667,0.5313333333333333,0.5313333333333333,0.5313333333333333,0.5313333333333333,0.5313333333333333,0.5313333333333333,0.5313333333333333,0.5313333333333333,0.5313333333333333,0.5313333333333333,0.5126666666666667,0.5126666666666667,0.5126666666666667
145,evolutionary,unseeded,string,0,,,,,9.988333333333333,9.759777777777778,9.531222222222222,9.302666666666667,9.152583333333334,9.002500000000001,8.852416666666667,8.702333333333334,8.702333333333334,8.702333333333334,8.702333333333334,8.611777777777778,8.521222222222223,8.430666666666667,8.430666666666667,8.112833333333333,7.794999999999999,7.794999999999999,7.794999999999999,7.700166666666666,7.605333333333334,7.5678333333333345,7.530333333333334,7.530333333333334,7.303444444444445,7.076555555555556,6.849666666666667,6.418416666666666,5.987166666666667,5.555916666666667,5.124666666666666,5.124666666666666,5.020666666666667,4.585333333333334,4.585333333333334,4.585333333333334,4.585333333333334,4.585333333333334,4.5535,4.5216666666666665,4.5216666666666665,4.5216666666666665,4.499666666666666,4.4879999999999995,4.4879999999999995,4.4879999999999995
146,evolutionary,unseeded,string,1,,,,,7.0889999999999995,6.916333333333334,6.506333333333334,6.096333333333333,5.686333333333333,5.686333333333333,5.686333333333333,5.686333333333333,5.301666666666667,5.301666666666667,5.301666666666667,5.301666666666667,5.301666666666667,5.301666666666667,5.301666666666667,4.9398333333333335,4.578,4.578,4.578,4.578,4.578,4.578,4.578,4.578,4.578,4.578,4.578,4.578,4.578,4.578,4.476666666666667,4.476666666666667,4.472833333333334,4.469,4.469,4.469,4.469,4.469,4.469,4.469,4.469,4.469,4.457666666666666,4.4463333333333335,,
147,evolutionary,unseeded,string,2,,,,,9.714,8.926333333333334,8.138666666666667,7.081777777777778,6.0248888888888885,4.968,4.418666666666667,3.8693333333333335,3.8693333333333335,3.220666666666667,2.572,1.9233333333333331,1.9233333333333331,1.9233333333333331,1.9233333333333331,1.9233333333333331,1.9233333333333331,1.9233333333333331,1.9233333333333331,1.9233333333333331,1.9233333333333331,1.9233333333333331,1.6946666666666665,1.6946666666666665,1.6946666666666665,1.5380000000000003,1.5380000000000003,1.5380000000000003,1.1905000000000001,0.843,0.843,0.843,0.843,0.843,0.843,0.843,0.843,0.843,0.843,0.843,0.6881666666666666,0.5333333333333333,0.5333333333333333,0.5333333333333333,0.5333333333333333,0.38266666666666665
148,evolutionary,unseeded,string,3,,,,,12.219,12.027666666666667,11.471333333333334,11.068444444444445,10.665555555555557,10.262666666666668,10.262666666666668,10.262666666666668,10.262666666666668,10.262666666666668,10.101,9.931777777777778,9.762555555555556,9.593333333333334,9.593333333333334,9.593333333333334,9.593333333333334,9.593333333333334,8.553666666666667,8.149666666666667,7.745666666666668,7.745666666666668,7.2123333333333335,6.678999999999999,6.678999999999999,6.437333333333333,6.195666666666667,5.959444444444444,5.723222222222222,5.486999999999999,5.486999999999999,5.486999999999999,5.486999999999999,5.486999999999999,4.698666666666667,4.202500000000001,3.7063333333333333,3.7063333333333333,3.7063333333333333,3.7063333333333333,3.511333333333333,3.511333333333333,3.511333333333333,3.511333333333333,3.511333333333333,3.511333333333333
149,evolutionary,unseeded,string,4,,,,,8.822333333333333,8.185,7.547666666666667,7.547666666666667,7.547666666666667,7.374333333333333,7.374333333333333,7.374333333333333,6.2860000000000005,6.2860000000000005,6.2860000000000005,6.2860000000000005,6.2860000000000005,6.120000000000001,5.954000000000001,5.954000000000001,5.954000000000001,5.954000000000001,5.954000000000001,5.7325,5.511,5.511,5.511,5.511,5.511,5.511,5.018666666666667,5.018666666666667,5.018666666666667,5.018666666666667,5.018666666666667,5.018666666666667,4.458,4.458,4.458,4.458,4.458,4.458,4.285333333333334,4.112666666666667,4.112666666666667,4.112666666666667,,,,
150,evolutionary,unseeded,membrane,0,,,,,7.6290000000000004,7.617222222222223,7.605444444444445,7.5936666666666675,7.361000000000001,7.128333333333334,6.895666666666667,6.663,6.663,6.663,5.8950000000000005,5.8950000000000005,5.8950000000000005,5.6165,5.338,5.338,5.338,5.101333333333334,4.864666666666667,4.864666666666667,4.864666666666667,4.864666666666667,4.864666666666667,4.864666666666667,4.864666666666667,4.864666666666667,4.864666666666667,4.595666666666666,4.595666666666666,4.595666666666666,4.595666666666666,4.595666666666666,4.595666666666666,4.595666666666666,4.595666666666666,4.595666666666666,4.595666666666666,4.595666666666666,4.595666666666666,4.595666666666666,4.1273333333333335,3.969666666666667,3.812,3.812,3.812,3.812
151,evolutionary,unseeded,membrane,1,,,,,8.321333333333333,8.139333333333333,7.751,7.751,7.751,7.751,6.0616666666666665,5.903333333333333,4.360166666666666,2.817,2.817,2.817,1.765,1.765,1.765,1.765,1.765,1.765,1.765,1.765,1.765,1.7293333333333332,1.7293333333333332,1.7293333333333332,1.7293333333333332,1.7293333333333332,1.7293333333333332,1.7293333333333332,1.5719999999999998,1.5719999999999998,1.2623333333333333,0.9526666666666666,0.9526666666666666,0.9526666666666666,0.9526666666666666,0.9526666666666666,0.9526666666666666,0.9526666666666666,0.9526666666666666,0.9526666666666666,0.9526666666666666,0.9526666666666666,0.8140000000000001,,,
152,evolutionary,unseeded,membrane,2,,,,,5.9430000000000005,5.009833333333334,4.076666666666667,3.991666666666667,3.9066666666666667,3.8216666666666668,3.8216666666666668,3.8216666666666668,3.3693333333333335,2.917,2.4646666666666666,2.4646666666666666,2.1196666666666664,1.7746666666666666,1.7746666666666666,1.7746666666666666,1.7746666666666666,1.7746666666666666,1.7746666666666666,1.7746666666666666,1.7746666666666666,1.7746666666666666,1.7746666666666666,1.7746666666666666,1.7746666666666666,1.7746666666666666,1.7746666666666666,1.7746666666666666,1.7746666666666666,1.7746666666666666,1.7746666666666666,1.7746666666666666,1.7746666666666666,1.7746666666666666,1.7746666666666666,1.7746666666666666,1.7746666666666666,1.7746666666666666,1.7746666666666666,1.7746666666666666,1.7746666666666666,1.7746666666666666,1.7746666666666666,1.7746666666666666,1.7746666666666666,1.7746666666666666
153,evolutionary,unseeded,membrane,3,,,,,9.196333333333333,8.586333333333334,8.231666666666667,8.13588888888889,8.040111111111111,7.944333333333333,7.944333333333333,7.438,7.438,7.438,7.135333333333333,6.837999999999999,6.540666666666667,5.759166666666667,4.977666666666667,3.4726666666666666,2.0690000000000004,2.0690000000000004,2.0690000000000004,2.0690000000000004,1.4006666666666667,1.4006666666666667,1.4006666666666667,1.4006666666666667,1.4006666666666667,1.4006666666666667,1.4006666666666667,1.3251666666666666,1.2496666666666665,1.2496666666666665,1.2496666666666665,1.2496666666666665,1.2496666666666665,1.2496666666666665,1.2496666666666665,1.2496666666666665,1.2496666666666665,1.2496666666666665,1.2496666666666665,1.2496666666666665,1.2496666666666665,1.2496666666666665,1.2496666666666665,1.2496666666666665,1.2496666666666665,1.2496666666666665
154,evolutionary,unseeded,membrane,4,,,,,5.488333333333333,4.845166666666667,4.202,4.202,4.202,3.4776666666666665,3.4776666666666665,3.4776666666666665,2.3203333333333336,2.3203333333333336,2.3203333333333336,2.3203333333333336,2.3203333333333336,2.3203333333333336,2.3203333333333336,2.3203333333333336,2.3203333333333336,2.3203333333333336,2.3203333333333336,2.3203333333333336,2.3203333333333336,2.3203333333333336,2.3203333333333336,2.3203333333333336,2.3203333333333336,2.3203333333333336,2.3203333333333336,2.3203333333333336,2.3203333333333336,2.3203333333333336,2.3203333333333336,2.3203333333333336,2.3203333333333336,2.3203333333333336,2.3203333333333336,2.3203333333333336,2.3203333333333336,1.9720000000000002,1.6236666666666668,1.6236666666666668,1.6236666666666668,1.1556666666666666,1.1556666666666666,1.1556666666666666,,
155,evolutionary,unseeded,vesicle,0,,,,,6.516666666666667,5.721444444444445,4.926222222222222,4.131,3.930916666666667,3.730833333333334,3.5307500000000003,3.330666666666667,3.330666666666667,3.330666666666667,3.173,3.173,3.173,2.9973333333333336,2.8216666666666668,2.8216666666666668,2.8216666666666668,2.2161666666666666,1.6106666666666667,1.427,1.2433333333333334,1.0596666666666668,1.0596666666666668,1.0596666666666668,1.0596666666666668,1.0596666666666668,1.0596666666666668,1.0596666666666668,1.0596666666666668,1.0596666666666668,1.0596666666666668,1.0596666666666668,1.0596666666666668,1.0596666666666668,1.0596666666666668,1.0596666666666668,1.0596666666666668,1.0596666666666668,1.0596666666666668,1.0596666666666668,1.0596666666666668,0.8460000000000001,0.8460000000000001,0.8460000000000001,0.8203333333333334,0.7946666666666667
156,evolutionary,unseeded,vesicle,1,,,,,9.397333333333334,8.536666666666667,8.414666666666667,7.898666666666667,7.382666666666666,7.382666666666666,7.382666666666666,5.870666666666668,5.597333333333333,5.324,4.571000000000001,4.571000000000001,4.571000000000001,4.169666666666667,3.768333333333333,3.768333333333333,3.768333333333333,3.701333333333333,3.701333333333333,3.4753333333333334,3.4753333333333334,3.4753333333333334,3.406,3.3366666666666664,3.267333333333333,3.267333333333333,3.267333333333333,3.267333333333333,3.267333333333333,3.267333333333333,2.5113333333333334,2.5113333333333334,2.5113333333333334,2.5113333333333334,2.5113333333333334,2.3036666666666665,2.096,2.0606666666666666,2.0606666666666666,,,,,,,
157,evolutionary,unseeded,vesicle,2,,,,,5.409,4.863833333333333,4.318666666666666,4.039111111111111,3.7595555555555555,3.4800000000000004,3.4800000000000004,3.3083333333333336,3.106666666666667,2.905,2.703333333333333,2.703333333333333,2.4493333333333336,2.1953333333333336,2.1953333333333336,2.1953333333333336,2.1043333333333334,2.013333333333333,2.013333333333333,2.013333333333333,1.9331666666666667,1.853,1.853,1.853,1.853,1.853,1.853,1.853,1.853,1.853,1.853,1.853,1.853,1.853,1.853,1.853,1.853,1.853,1.8470000000000002,1.8470000000000002,1.8470000000000002,1.8470000000000002,1.8470000000000002,1.8470000000000002,1.7257777777777779,1.6045555555555557
158,evolutionary,unseeded,vesicle,3,,,,,6.0553333333333335,5.3373333333333335,5.3373333333333335,5.3373333333333335,5.3373333333333335,5.3373333333333335,5.3373333333333335,5.3373333333333335,5.3373333333333335,4.732666666666667,4.217333333333333,4.217333333333333,4.217333333333333,4.217333333333333,4.217333333333333,4.217333333333333,4.217333333333333,4.217333333333333,4.217333333333333,4.217333333333333,4.217333333333333,4.217333333333333,4.217333333333333,4.217333333333333,4.217333333333333,4.217333333333333,4.217333333333333,4.217333333333333,4.217333333333333,4.217333333333333,4.217333333333333,4.217333333333333,4.217333333333333,4.217333333333333,4.217333333333333,4.217333333333333,4.217333333333333,4.217333333333333,4.217333333333333,4.217333333333333,4.217333333333333,,,,,
159,evolutionary,unseeded,vesicle,4,,,,,4.519333333333333,4.124833333333333,3.730333333333333,3.730333333333333,3.5891666666666664,3.4480000000000004,2.899666666666667,2.8136666666666668,2.7276666666666665,2.7276666666666665,2.7276666666666665,2.3631666666666664,1.9986666666666668,1.9986666666666668,1.8005,1.6023333333333334,1.6023333333333334,1.6023333333333334,1.6023333333333334,1.6023333333333334,1.6023333333333334,1.6023333333333334,1.6023333333333334,1.6023333333333334,1.6023333333333334,1.6023333333333334,1.6023333333333334,1.6023333333333334,1.6023333333333334,1.594,1.594,1.594,1.594,1.594,1.594,1.594,1.594,1.594,1.594,1.594,1.594,1.594,1.594,1.594,,
160,evolutionary,unseeded,wormlike micelle,0,,,,,7.657,7.220444444444444,6.78388888888889,6.347333333333334,6.347333333333334,6.347333333333334,6.189333333333333,6.189333333333333,6.189333333333333,6.189333333333333,6.189333333333333,6.189333333333333,6.189333333333333,6.189333333333333,6.189333333333333,6.169833333333333,6.150333333333333,6.150333333333333,6.150333333333333,5.987666666666667,5.824999999999999,5.662333333333333,5.662333333333333,5.662333333333333,5.662333333333333,5.662333333333333,5.260666666666666,4.857333333333333,4.763000000000001,4.763000000000001,4.335333333333334,3.9576666666666664,3.5799999999999996,3.3685,3.157,3.157,3.0285555555555557,2.900111111111111,2.7716666666666665,2.0563333333333333,1.5433333333333332,1.5433333333333332,1.5433333333333332,1.5433333333333332,1.3293333333333333,1.1153333333333333
161,evolutionary,unseeded,wormlike micelle,1,,,,,3.321,3.321,2.6701111111111113,2.019222222222222,1.3683333333333334,1.3683333333333334,1.3683333333333334,1.3683333333333334,1.0646666666666667,1.0476666666666665,1.0476666666666665,1.0476666666666665,1.0476666666666665,1.0476666666666665,1.0476666666666665,1.025,1.0023333333333333,1.0023333333333333,1.0023333333333333,1.0023333333333333,1.0023333333333333,1.0023333333333333,1.0023333333333333,1.0023333333333333,1.0023333333333333,1.0023333333333333,1.0023333333333333,1.0023333333333333,0.9968333333333333,0.9913333333333334,0.9913333333333334,0.723,0.723,0.723,0.723,0.723,0.723,0.723,0.723,0.723,0.723,0.6023333333333334,0.4816666666666667,0.4816666666666667,,
162,evolutionary,unseeded,wormlike micelle,2,,,,,10.081333333333333,9.778500000000001,9.475666666666667,9.475666666666667,9.475666666666667,9.475666666666667,9.251666666666667,9.251666666666667,9.251666666666667,9.251666666666667,8.168666666666667,7.0856666666666674,6.910166666666667,6.734666666666667,6.3575,5.980333333333333,5.514166666666666,5.048,5.048,5.048,3.3486666666666665,2.5953333333333335,2.5953333333333335,2.5953333333333335,2.4036666666666666,2.4036666666666666,2.4036666666666666,2.114333333333333,1.825,1.825,1.825,1.825,1.825,1.825,1.825,1.825,1.825,1.825,1.825,1.5911666666666666,1.357333333333333,1.357333333333333,1.351111111111111,1.3448888888888888,1.3386666666666667,0.9493333333333333
163,evolutionary,unseeded,wormlike micelle,3,,,,,10.602666666666666,9.142000000000001,8.799,8.634,8.469,7.474499999999999,6.4799999999999995,6.4799999999999995,6.001333333333332,5.715,5.715,5.715,5.715,5.715,5.715,5.715,5.715,5.715,5.535666666666667,5.535666666666667,5.535666666666667,5.535666666666667,5.535666666666667,5.535666666666667,5.535666666666667,5.535666666666667,5.535666666666667,5.535666666666667,5.535666666666667,5.535666666666667,5.535666666666667,5.535666666666667,5.535666666666667,5.535666666666667,5.535666666666667,5.535666666666667,5.535666666666667,5.535666666666667,5.535666666666667,5.535666666666667,,,,,,
164,evolutionary,unseeded,wormlike micelle,4,,,,,8.502,8.491,8.479999999999999,8.479999999999999,8.479999999999999,8.479999999999999,8.479999999999999,8.479999999999999,7.390666666666667,7.303333333333334,7.303333333333334,7.303333333333334,7.303333333333334,6.835833333333333,6.368333333333333,6.368333333333333,6.368333333333333,6.032999999999999,5.964222222222221,5.895444444444444,5.826666666666667,5.826666666666667,5.826666666666667,5.826666666666667,5.826666666666667,5.826666666666667,5.5393333333333326,5.5393333333333326,5.5393333333333326,5.5393333333333326,5.5393333333333326,5.5393333333333326,5.5393333333333326,5.5393333333333326,5.5393333333333326,5.5393333333333326,5.5393333333333326,5.5393333333333326,5.5393333333333326,5.5393333333333326,5.5393333333333326,5.5393333333333326,5.5393333333333326,5.5393333333333326,5.5393333333333326,5.5393333333333326
165,evolutionary,unseeded,spherical micelle,0,,,,,5.045000000000001,4.621222222222223,4.197444444444445,3.773666666666667,3.773666666666667,3.773666666666667,3.773666666666667,3.773666666666667,3.773666666666667,3.7588333333333335,3.744,3.744,3.744,3.744,3.744,3.744,3.744,3.744,3.744,3.744,3.744,3.744,3.744,3.647,3.5043333333333333,3.5043333333333333,3.5043333333333333,3.5043333333333333,3.4749999999999996,3.4456666666666664,3.400833333333333,3.356,3.356,3.189,3.189,3.189,3.116833333333333,3.0446666666666666,3.0446666666666666,3.0446666666666666,3.0446666666666666,3.0003333333333333,2.956,2.956,2.956,2.956
166,evolutionary,unseeded,spherical micelle,1,,,,,5.519666666666667,4.964666666666667,4.286555555555556,3.6084444444444443,2.9303333333333335,2.8306666666666667,2.731,2.731,2.6009999999999995,2.6009999999999995,2.6009999999999995,2.6009999999999995,2.6009999999999995,2.5376666666666665,2.5376666666666665,2.5229999999999997,2.5083333333333333,2.5083333333333333,2.5083333333333333,2.5083333333333333,2.5083333333333333,2.5083333333333333,2.5083333333333333,2.5083333333333333,2.5083333333333333,2.5083333333333333,2.5083333333333333,2.5083333333333333,2.5083333333333333,2.5083333333333333,2.5083333333333333,2.2226666666666666,2.1068333333333333,1.9910000000000003,1.9910000000000003,1.9910000000000003,1.9910000000000003,1.9910000000000003,1.9910000000000003,1.9910000000000003,1.9910000000000003,1.9910000000000003,1.9910000000000003,1.9459999999999997,,
167,evolutionary,unseeded,spherical micelle,2,,,,,7.448333333333333,7.297499999999999,7.146666666666666,7.146666666666666,6.619666666666667,6.380222222222223,6.140777777777778,5.9013333333333335,5.560333333333333,5.560333333333333,5.458166666666667,5.356000000000001,5.229333333333334,5.102666666666667,4.8213333333333335,4.54,4.093,3.6459999999999995,3.6459999999999995,3.6459999999999995,3.6459999999999995,3.6459999999999995,3.5841666666666665,3.5223333333333335,2.9019999999999997,2.9019999999999997,2.877333333333333,2.8526666666666665,2.5203333333333333,2.5203333333333333,2.5203333333333333,2.357333333333333,2.1943333333333332,2.1943333333333332,2.1943333333333332,2.1943333333333332,2.1943333333333332,2.1943333333333332,2.1943333333333332,2.1943333333333332,2.1943333333333332,2.1943333333333332,2.1943333333333332,2.1943333333333332,2.1943333333333332,2.0693333333333332
168,evolutionary,unseeded,spherical micelle,3,,,,,5.917333333333333,3.8333333333333335,2.703333333333333,2.593,2.4826666666666664,2.4826666666666664,2.4826666666666664,2.4826666666666664,2.4103333333333334,2.3906666666666667,2.2543333333333333,2.2543333333333333,2.2543333333333333,2.2543333333333333,2.2543333333333333,1.6789999999999996,1.6789999999999996,1.6789999999999996,1.6789999999999996,1.5946666666666667,1.5526666666666664,1.5526666666666664,1.2766666666666664,1.0006666666666666,1.0006666666666666,1.0006666666666666,1.0006666666666666,1.0006666666666666,0.7813333333333334,0.7813333333333334,0.7813333333333334,0.6686666666666667,0.6276666666666667,0.6276666666666667,0.6276666666666667,0.6276666666666667,0.6276666666666667,0.6276666666666667,0.6276666666666667,,,,,,,
169,evolutionary,unseeded,spherical micelle,4,,,,,7.7203333333333335,7.321166666666667,6.922,6.922,6.326833333333333,5.7316666666666665,5.558,5.558,5.558,5.558,5.558,5.558,5.558,5.413833333333333,5.269666666666667,5.091222222222222,4.9127777777777775,4.734333333333333,4.734333333333333,4.734333333333333,4.734333333333333,4.734333333333333,4.734333333333333,4.734333333333333,4.734333333333333,4.734333333333333,4.734333333333333,4.273,3.764333333333333,3.6834999999999996,3.6026666666666665,3.2596666666666665,3.2596666666666665,2.9583333333333335,2.9583333333333335,2.9583333333333335,2.9583333333333335,2.580666666666667,2.580666666666667,2.580666666666667,2.580666666666667,2.555666666666667,2.530666666666667,2.530666666666667,2.530666666666667,2.434
170,random,seeded,liquid,0,,,,,11.443999999999997,10.92613333333333,10.408266666666664,9.8904,9.372533333333333,8.854666666666667,8.4448,8.034933333333333,7.625066666666666,7.215199999999999,6.805333333333333,6.637133333333333,6.468933333333333,6.3007333333333335,6.132533333333333,5.964333333333333,5.3274,4.690466666666667,4.053533333333334,3.4166000000000003,2.779666666666667,2.779666666666667,2.779666666666667,2.779666666666667,2.779666666666667,2.779666666666667,2.779666666666667,2.779666666666667,2.779666666666667,2.779666666666667,2.779666666666667,2.779666666666667,2.779666666666667,2.779666666666667,2.779666666666667,2.779666666666667,2.779666666666667,2.779666666666667,2.779666666666667,2.779666666666667,2.779666666666667,2.5169333333333337,2.2542,1.9914666666666667,1.7287333333333335,1.466
171,random,seeded,liquid,1,,,,,15.639666666666665,14.885666666666665,14.131666666666666,13.377666666666666,12.623666666666665,11.869666666666665,11.423333333333332,10.976999999999999,10.530666666666665,10.084333333333333,9.638,8.7058,7.7736,6.8414,5.9092,4.977,4.731466666666667,4.4859333333333336,4.2404,3.9948666666666663,3.749333333333333,3.749333333333333,3.749333333333333,3.749333333333333,3.749333333333333,3.749333333333333,3.5918666666666663,3.4343999999999997,3.276933333333333,3.1194666666666664,2.9619999999999997,2.776133333333333,2.5902666666666665,2.4044,2.2185333333333332,2.0326666666666666,2.0326666666666666,2.0326666666666666,2.0326666666666666,2.0326666666666666,2.0326666666666666,2.0326666666666666,2.0326666666666666,2.0326666666666666,2.0326666666666666,2.0326666666666666
172,random,seeded,liquid,2,,,,,7.6176666666666675,6.868400000000001,6.119133333333334,5.369866666666667,4.6206000000000005,3.8713333333333337,3.8713333333333337,3.8713333333333337,3.8713333333333337,3.8713333333333337,3.8713333333333337,3.8713333333333337,3.8713333333333337,3.8713333333333337,3.8713333333333337,3.8713333333333337,3.8713333333333337,3.8713333333333337,3.8713333333333337,3.8713333333333337,3.8713333333333337,3.628666666666667,3.386,3.1433333333333335,2.900666666666667,2.658,2.6333333333333333,2.6086666666666667,2.5839999999999996,2.559333333333333,2.5346666666666664,2.5346666666666664,2.5346666666666664,2.5346666666666664,2.5346666666666664,2.5346666666666664,2.5346666666666664,2.5346666666666664,2.5346666666666664,2.5346666666666664,2.5346666666666664,2.5346666666666664,2.5346666666666664,2.5346666666666664,2.5346666666666664,2.5346666666666664
173,random,seeded,liquid,3,,,,,9.373666666666667,9.251933333333334,9.1302,9.008466666666667,8.886733333333334,8.765,8.7332,8.7014,8.6696,8.6378,8.606,8.606,8.606,8.606,8.606,8.606,8.290533333333332,7.975066666666667,7.659599999999999,7.344133333333333,7.028666666666666,6.891866666666666,6.755066666666666,6.618266666666666,6.481466666666666,6.344666666666666,6.344666666666666,6.344666666666666,6.344666666666666,6.344666666666666,6.344666666666666,5.9262,5.507733333333333,5.089266666666667,4.6708,4.2523333333333335,4.2523333333333335,4.2523333333333335,4.2523333333333335,4.2523333333333335,4.2523333333333335,4.2523333333333335,4.2523333333333335,4.2523333333333335,4.2523333333333335,4.2523333333333335
174,random,seeded,liquid,4,,,,,9.472333333333333,9.132533333333333,8.792733333333333,8.452933333333334,8.113133333333334,7.773333333333333,7.537066666666667,7.3008,7.064533333333333,6.828266666666666,6.592,5.783533333333333,4.975066666666667,4.1666,3.358133333333333,2.5496666666666665,2.5496666666666665,2.5496666666666665,2.5496666666666665,2.5496666666666665,2.5496666666666665,2.5496666666666665,2.5496666666666665,2.5496666666666665,2.5496666666666665,2.5496666666666665,2.5496666666666665,2.5496666666666665,2.5496666666666665,2.5496666666666665,2.5496666666666665,2.5496666666666665,2.5496666666666665,2.5496666666666665,2.5496666666666665,2.5496666666666665,2.5496666666666665,2.5496666666666665,2.5496666666666665,2.5496666666666665,2.5496666666666665,2.5496666666666665,2.5496666666666665,2.5496666666666665,2.5496666666666665,2.5496666666666665
175,random,seeded,string,0,,,,,6.743666666666667,6.383933333333333,6.0242,5.664466666666667,5.304733333333333,4.945,4.397,3.849,3.301,2.753,2.205,2.039066666666667,1.8731333333333335,1.7072,1.5412666666666668,1.3753333333333335,1.3753333333333335,1.3753333333333335,1.3753333333333335,1.3753333333333335,1.3753333333333335,1.3753333333333335,1.3753333333333335,1.3753333333333335,1.3753333333333335,1.3753333333333335,1.3753333333333335,1.3753333333333335,1.3753333333333335,1.3753333333333335,1.3753333333333335,1.3753333333333335,1.3753333333333335,1.3753333333333335,1.3753333333333335,1.3753333333333335,1.3753333333333335,1.3753333333333335,1.3753333333333335,1.3753333333333335,1.3753333333333335,1.3753333333333335,1.3753333333333335,1.3753333333333335,1.3753333333333335,1.3753333333333335
176,random,seeded,string,1,,,,,3.669333333333333,3.669333333333333,3.669333333333333,3.669333333333333,3.669333333333333,3.669333333333333,3.5604666666666662,3.4515999999999996,3.3427333333333333,3.2338666666666667,3.125,3.125,3.125,3.125,3.125,3.125,3.125,3.125,3.125,3.125,3.125,3.125,3.125,3.125,3.125,3.125,3.125,3.125,3.125,3.125,3.125,3.125,3.125,3.125,3.125,3.125,3.125,3.125,3.125,3.125,3.125,3.0837333333333334,3.042466666666667,3.0012,2.9599333333333333,2.9186666666666667
177,random,seeded,string,2,,,,,7.3806666666666665,7.056066666666666,6.731466666666666,6.406866666666666,6.0822666666666665,5.757666666666666,5.471866666666666,5.186066666666666,4.900266666666667,4.614466666666667,4.328666666666667,4.286133333333334,4.2436,4.201066666666667,4.158533333333333,4.116,4.116,4.116,4.116,4.116,4.116,4.116,4.116,4.116,4.116,4.116,4.116,4.116,4.116,4.116,4.116,4.116,4.116,4.116,4.116,4.116,4.116,4.116,4.116,4.116,4.116,3.924133333333333,3.7322666666666664,3.5403999999999995,3.348533333333333,3.1566666666666663
178,random,seeded,string,3,,,,,7.906999999999999,7.195533333333333,6.484066666666666,5.7726,5.061133333333333,4.349666666666667,3.8863333333333334,3.423,2.9596666666666667,2.4963333333333333,2.033,1.9631999999999998,1.8934,1.8235999999999999,1.7538,1.684,1.684,1.684,1.684,1.684,1.684,1.684,1.684,1.684,1.684,1.684,1.684,1.684,1.684,1.684,1.684,1.684,1.684,1.684,1.684,1.684,1.684,1.684,1.684,1.684,1.684,1.684,1.684,1.684,1.684,1.684
179,random,seeded,string,4,,,,,5.104333333333333,4.976999999999999,4.849666666666667,4.722333333333333,4.595000000000001,4.467666666666667,4.199533333333334,3.9314000000000004,3.663266666666667,3.395133333333334,3.1270000000000002,3.1270000000000002,3.1270000000000002,3.1270000000000002,3.1270000000000002,3.1270000000000002,2.9764000000000004,2.8258,2.6752000000000002,2.5246000000000004,2.374,2.374,2.374,2.374,2.374,2.374,2.2468666666666666,2.1197333333333335,1.9926,1.8654666666666666,1.7383333333333333,1.6369333333333334,1.5355333333333334,1.4341333333333335,1.3327333333333333,1.2313333333333334,1.2313333333333334,1.2313333333333334,1.2313333333333334,1.2313333333333334,1.2313333333333334,1.2313333333333334,1.2313333333333334,1.2313333333333334,1.2313333333333334,1.2313333333333334
180,random,seeded,membrane,0,,,,,7.82,7.101533333333333,6.383066666666667,5.6646,4.946133333333334,4.227666666666667,4.127866666666667,4.028066666666667,3.9282666666666666,3.828466666666667,3.728666666666667,3.710866666666667,3.6930666666666667,3.675266666666667,3.6574666666666666,3.639666666666667,3.639666666666667,3.639666666666667,3.639666666666667,3.639666666666667,3.639666666666667,3.597933333333333,3.5562,3.5144666666666664,3.4727333333333332,3.4309999999999996,3.2878,3.1445999999999996,3.0014,2.8582,2.715,2.715,2.715,2.715,2.715,2.715,2.679,2.643,2.607,2.571,2.535,2.523,2.511,2.499,2.487,2.475
181,random,seeded,membrane,1,,,,,8.726666666666667,8.057733333333333,7.3888,6.719866666666667,6.050933333333334,5.382000000000001,5.158666666666667,4.935333333333333,4.712,4.488666666666667,4.265333333333333,4.265333333333333,4.265333333333333,4.265333333333333,4.265333333333333,4.265333333333333,4.265333333333333,4.265333333333333,4.265333333333333,4.265333333333333,4.265333333333333,4.099866666666667,3.9344,3.7689333333333335,3.603466666666667,3.438,3.4170000000000003,3.3960000000000004,3.375,3.354,3.333,3.333,3.333,3.333,3.333,3.333,3.333,3.333,3.333,3.333,3.333,3.138666666666667,2.9443333333333332,2.75,2.5556666666666663,2.361333333333333
182,random,seeded,membrane,2,,,,,9.667333333333334,8.897400000000001,8.127466666666667,7.357533333333334,6.587600000000001,5.817666666666668,5.4430000000000005,5.068333333333334,4.693666666666667,4.319,3.9443333333333332,3.6884,3.4324666666666666,3.1765333333333334,2.9206000000000003,2.6646666666666667,2.6646666666666667,2.6646666666666667,2.6646666666666667,2.6646666666666667,2.6646666666666667,2.6646666666666667,2.6646666666666667,2.6646666666666667,2.6646666666666667,2.6646666666666667,2.6646666666666667,2.6646666666666667,2.6646666666666667,2.6646666666666667,2.6646666666666667,2.6646666666666667,2.6646666666666667,2.6646666666666667,2.6646666666666667,2.6646666666666667,2.6646666666666667,2.6646666666666667,2.6646666666666667,2.6646666666666667,2.6646666666666667,2.6646666666666667,2.6646666666666667,2.6646666666666667,2.6646666666666667,2.6646666666666667
183,random,seeded,membrane,3,,,,,10.298,9.4526,8.6072,7.7618,6.9164,6.071000000000001,5.6504,5.2298,4.809200000000001,4.3886,3.968,3.7862666666666667,3.6045333333333334,3.4228,3.2410666666666668,3.0593333333333335,2.8862666666666668,2.7132,2.5401333333333334,2.3670666666666667,2.194,2.194,2.194,2.194,2.194,2.194,2.163866666666667,2.1337333333333333,2.1036,2.0734666666666666,2.0433333333333334,2.0433333333333334,2.0433333333333334,2.0433333333333334,2.0433333333333334,2.0433333333333334,2.0433333333333334,2.0433333333333334,2.0433333333333334,2.0433333333333334,2.0433333333333334,1.9716666666666667,1.9,1.8283333333333331,1.7566666666666666,1.6849999999999998
184,random,seeded,membrane,4,,,,,5.488333333333333,5.2702,5.052066666666667,4.833933333333333,4.6158,4.397666666666667,4.091933333333333,3.7862,3.4804666666666666,3.174733333333333,2.8689999999999998,2.8689999999999998,2.8689999999999998,2.8689999999999998,2.8689999999999998,2.8689999999999998,2.8689999999999998,2.8689999999999998,2.8689999999999998,2.8689999999999998,2.8689999999999998,2.8689999999999998,2.8689999999999998,2.8689999999999998,2.8689999999999998,2.8689999999999998,2.7789333333333333,2.6888666666666663,2.5987999999999998,2.508733333333333,2.4186666666666663,2.4186666666666663,2.4186666666666663,2.4186666666666663,2.4186666666666663,2.4186666666666663,2.402733333333333,2.3867999999999996,2.3708666666666667,2.3549333333333333,2.339,2.339,2.339,2.339,2.339,2.339
185,random,seeded,vesicle,0,,,,,6.516666666666667,6.0107333333333335,5.5047999999999995,4.998866666666666,4.492933333333333,3.987,3.987,3.987,3.987,3.987,3.987,3.7443333333333335,3.501666666666667,3.2590000000000003,3.0163333333333338,2.773666666666667,2.773666666666667,2.773666666666667,2.773666666666667,2.773666666666667,2.773666666666667,2.773666666666667,2.773666666666667,2.773666666666667,2.773666666666667,2.773666666666667,2.6312666666666673,2.488866666666667,2.346466666666667,2.204066666666667,2.061666666666667,1.9321333333333335,1.8026000000000002,1.6730666666666667,1.5435333333333334,1.414,1.414,1.414,1.414,1.414,1.414,1.414,1.414,1.414,1.414,1.414
186,random,seeded,vesicle,1,,,,,10.893666666666666,9.6552,8.416733333333333,7.178266666666667,5.9398,4.701333333333333,4.360333333333333,4.019333333333334,3.6783333333333337,3.3373333333333335,2.9963333333333337,2.8014666666666668,2.6066000000000003,2.4117333333333333,2.2168666666666663,2.022,2.022,2.022,2.022,2.022,2.022,2.022,2.022,2.022,2.022,2.022,1.9662666666666666,1.9105333333333332,1.8548,1.7990666666666666,1.7433333333333334,1.7433333333333334,1.7433333333333334,1.7433333333333334,1.7433333333333334,1.7433333333333334,1.7433333333333334,1.7433333333333334,1.7433333333333334,1.7433333333333334,1.7433333333333334,1.7433333333333334,1.7433333333333334,1.7433333333333334,1.7433333333333334,1.7433333333333334
187,random,seeded,vesicle,2,,,,,7.623,7.0069333333333335,6.390866666666667,5.7748,5.158733333333333,4.542666666666666,4.540133333333333,4.5376,4.535066666666666,4.532533333333333,4.53,4.373733333333334,4.217466666666667,4.0612,3.9049333333333336,3.748666666666667,3.748666666666667,3.748666666666667,3.748666666666667,3.748666666666667,3.748666666666667,3.748666666666667,3.748666666666667,3.748666666666667,3.748666666666667,3.748666666666667,3.7169333333333334,3.6852,3.6534666666666666,3.6217333333333332,3.59,3.4590666666666663,3.328133333333333,3.1971999999999996,3.0662666666666665,2.935333333333333,2.935333333333333,2.935333333333333,2.935333333333333,2.935333333333333,2.935333333333333,2.935333333333333,2.935333333333333,2.935333333333333,2.935333333333333,2.935333333333333
188,random,seeded,vesicle,3,,,,,7.689666666666667,6.9566,6.223533333333334,5.490466666666667,4.7574000000000005,4.024333333333334,4.008066666666667,3.9918000000000005,3.9755333333333334,3.9592666666666667,3.943,3.943,3.943,3.943,3.943,3.943,3.6732,3.4034,3.1336,2.8638,2.594,2.594,2.594,2.594,2.594,2.594,2.5531333333333333,2.5122666666666666,2.4713999999999996,2.430533333333333,2.3896666666666664,2.1670666666666665,1.9444666666666666,1.7218666666666664,1.4992666666666665,1.2766666666666666,1.256,1.2353333333333334,1.2146666666666666,1.194,1.1733333333333333,1.1733333333333333,1.1733333333333333,1.1733333333333333,1.1733333333333333,1.1733333333333333
189,random,seeded,vesicle,4,,,,,4.519333333333333,4.066599999999999,3.6138666666666666,3.161133333333333,2.7083999999999997,2.2556666666666665,2.2556666666666665,2.2556666666666665,2.2556666666666665,2.2556666666666665,2.2556666666666665,2.2556666666666665,2.2556666666666665,2.2556666666666665,2.2556666666666665,2.2556666666666665,2.247533333333333,2.2394,2.2312666666666665,2.223133333333333,2.215,2.215,2.215,2.215,2.215,2.215,2.215,2.215,2.215,2.215,2.215,2.215,2.215,2.215,2.215,2.215,2.1642666666666663,2.1135333333333333,2.0628,2.0120666666666667,1.9613333333333334,1.9613333333333334,1.9613333333333334,1.9613333333333334,1.9613333333333334,1.9613333333333334
190,random,seeded,wormlike micelle,0,,,,,9.193333333333333,8.900266666666667,8.607199999999999,8.314133333333332,8.021066666666666,7.727999999999999,7.329199999999999,6.9304,6.5316,6.1328000000000005,5.734000000000001,5.479333333333334,5.224666666666668,4.970000000000001,4.715333333333334,4.4606666666666674,4.211466666666667,3.9622666666666673,3.713066666666667,3.4638666666666666,3.2146666666666666,3.2146666666666666,3.2146666666666666,3.2146666666666666,3.2146666666666666,3.2146666666666666,3.2146666666666666,3.2146666666666666,3.2146666666666666,3.2146666666666666,3.2146666666666666,3.0005333333333333,2.7864,2.5722666666666667,2.3581333333333334,2.144,2.144,2.144,2.144,2.144,2.144,2.144,2.144,2.144,2.144,2.144
191,random,seeded,wormlike micelle,1,,,,,3.321,3.2923333333333336,3.263666666666667,3.235,3.2063333333333333,3.1776666666666666,3.1776666666666666,3.1776666666666666,3.1776666666666666,3.1776666666666666,3.1776666666666666,2.844533333333333,2.5114,2.1782666666666666,1.845133333333333,1.5119999999999998,1.5119999999999998,1.5119999999999998,1.5119999999999998,1.5119999999999998,1.5119999999999998,1.4907333333333332,1.4694666666666665,1.4482,1.4269333333333332,1.4056666666666666,1.4056666666666666,1.4056666666666666,1.4056666666666666,1.4056666666666666,1.4056666666666666,1.4056666666666666,1.4056666666666666,1.4056666666666666,1.4056666666666666,1.4056666666666666,1.4056666666666666,1.4056666666666666,1.4056666666666666,1.4056666666666666,1.4056666666666666,1.4056666666666666,1.4056666666666666,1.4056666666666666,1.4056666666666666,1.4056666666666666
192,random,seeded,wormlike micelle,2,,,,,11.299000000000001,11.130733333333335,10.962466666666668,10.794200000000002,10.625933333333334,10.457666666666668,9.910933333333334,9.3642,8.817466666666668,8.270733333333334,7.724,7.1896,6.6552,6.1208,5.586399999999999,5.052,4.792999999999999,4.534,4.275,4.016,3.757,3.498266666666667,3.239533333333333,2.9808,2.7220666666666666,2.4633333333333334,2.4633333333333334,2.4633333333333334,2.4633333333333334,2.4633333333333334,2.4633333333333334,2.4633333333333334,2.4633333333333334,2.4633333333333334,2.4633333333333334,2.4633333333333334,2.4633333333333334,2.4633333333333334,2.4633333333333334,2.4633333333333334,2.4633333333333334,2.312266666666667,2.1612,2.0101333333333335,1.8590666666666669,1.7080000000000002
193,random,seeded,wormlike micelle,3,,,,,10.602666666666666,9.979466666666667,9.356266666666667,8.733066666666666,8.109866666666667,7.486666666666667,6.992533333333334,6.4984,6.004266666666667,5.510133333333334,5.016,4.872533333333333,4.729066666666666,4.5856,4.4421333333333335,4.298666666666667,4.2842,4.269733333333334,4.2552666666666665,4.2408,4.226333333333334,4.226333333333334,4.226333333333334,4.226333333333334,4.226333333333334,4.226333333333334,4.226333333333334,4.226333333333334,4.226333333333334,4.226333333333334,4.226333333333334,4.226333333333334,4.226333333333334,4.226333333333334,4.226333333333334,4.226333333333334,4.226333333333334,4.226333333333334,4.226333333333334,4.226333333333334,4.226333333333334,4.226333333333334,4.226333333333334,4.226333333333334,4.226333333333334,4.226333333333334
194,random,seeded,wormlike micelle,4,,,,,9.659333333333334,9.2196,8.779866666666667,8.340133333333334,7.900399999999999,7.460666666666666,7.112333333333333,6.763999999999999,6.415666666666667,6.067333333333334,5.719,5.4828,5.2466,5.0104,4.7741999999999996,4.537999999999999,4.339599999999999,4.1411999999999995,3.9427999999999996,3.7443999999999997,3.546,3.546,3.546,3.546,3.546,3.546,3.546,3.546,3.546,3.546,3.546,3.4601333333333333,3.3742666666666667,3.2884,3.2025333333333332,3.1166666666666667,3.0676,3.0185333333333335,2.969466666666667,2.9204000000000003,2.8713333333333337,2.8692,2.867066666666667,2.8649333333333336,2.8628000000000005,2.860666666666667
195,random,seeded,spherical micelle,0,,,,,6.540666666666667,5.8208,5.100933333333334,4.381066666666666,3.6612,2.941333333333333,2.9118666666666666,2.8824,2.8529333333333335,2.823466666666667,2.7940000000000005,2.7940000000000005,2.7940000000000005,2.7940000000000005,2.7940000000000005,2.7940000000000005,2.632466666666667,2.4709333333333334,2.3094,2.147866666666667,1.9863333333333333,1.9863333333333333,1.9863333333333333,1.9863333333333333,1.9863333333333333,1.9863333333333333,1.9863333333333333,1.9863333333333333,1.9863333333333333,1.9863333333333333,1.9863333333333333,1.9863333333333333,1.9863333333333333,1.9863333333333333,1.9863333333333333,1.9863333333333333,1.9406666666666665,1.895,1.8493333333333333,1.8036666666666668,1.758,1.758,1.758,1.758,1.758,1.758
196,random,seeded,spherical micelle,1,,,,,5.720666666666666,5.673733333333333,5.626799999999999,5.579866666666667,5.532933333333333,5.486,5.403266666666666,5.320533333333333,5.2378,5.1550666666666665,5.072333333333333,5.072333333333333,5.072333333333333,5.072333333333333,5.072333333333333,5.072333333333333,4.9715333333333325,4.870733333333333,4.7699333333333325,4.669133333333333,4.5683333333333325,4.542133333333332,4.515933333333333,4.489733333333333,4.463533333333333,4.437333333333333,4.437333333333333,4.437333333333333,4.437333333333333,4.437333333333333,4.437333333333333,4.437333333333333,4.437333333333333,4.437333333333333,4.437333333333333,4.437333333333333,4.3784,4.319466666666667,4.260533333333333,4.2016,4.142666666666667,4.142666666666667,4.142666666666667,4.142666666666667,4.142666666666667,4.142666666666667
197,random,seeded,spherical micelle,2,,,,,7.448333333333333,7.2805333333333335,7.112733333333333,6.944933333333333,6.777133333333333,6.609333333333333,6.240866666666666,5.8724,5.503933333333333,5.135466666666667,4.767,4.495133333333333,4.2232666666666665,3.9514,3.679533333333333,3.407666666666666,3.407666666666666,3.407666666666666,3.407666666666666,3.407666666666666,3.407666666666666,3.3055999999999996,3.203533333333333,3.1014666666666666,2.9994,2.8973333333333335,2.8973333333333335,2.8973333333333335,2.8973333333333335,2.8973333333333335,2.8973333333333335,2.871666666666667,2.846,2.8203333333333336,2.7946666666666666,2.769,2.769,2.769,2.769,2.769,2.769,2.769,2.769,2.769,2.769,2.769
198,random,seeded,spherical micelle,3,,,,,5.917333333333333,5.909199999999999,5.901066666666666,5.892933333333333,5.884799999999999,5.876666666666666,5.791399999999999,5.706133333333333,5.620866666666666,5.5356,5.450333333333333,4.883533333333333,4.3167333333333335,3.749933333333333,3.183133333333333,2.6163333333333334,2.6015333333333333,2.586733333333333,2.5719333333333334,2.5571333333333333,2.542333333333333,2.542333333333333,2.542333333333333,2.542333333333333,2.542333333333333,2.542333333333333,2.4444,2.3464666666666667,2.2485333333333335,2.1506,2.0526666666666666,2.0526666666666666,2.0526666666666666,2.0526666666666666,2.0526666666666666,2.0526666666666666,2.0526666666666666,2.0526666666666666,2.0526666666666666,2.0526666666666666,2.0526666666666666,2.0526666666666666,2.0526666666666666,2.0526666666666666,2.0526666666666666,2.0526666666666666
199,random,seeded,spherical micelle,4,,,,,9.670333333333332,8.999733333333332,8.329133333333333,7.658533333333333,6.987933333333332,6.317333333333333,6.234866666666666,6.1524,6.069933333333333,5.987466666666667,5.905,5.553466666666667,5.201933333333334,4.8504000000000005,4.498866666666666,4.147333333333333,4.147333333333333,4.147333333333333,4.147333333333333,4.147333333333333,4.147333333333333,4.015,3.8826666666666667,3.7503333333333333,3.6180000000000003,3.485666666666667,3.401866666666667,3.3180666666666667,3.2342666666666666,3.1504666666666665,3.0666666666666664,3.0666666666666664,3.0666666666666664,3.0666666666666664,3.0666666666666664,3.0666666666666664,3.0666666666666664,3.0666666666666664,3.0666666666666664,3.0666666666666664,3.0666666666666664,3.0666666666666664,3.0666666666666664,3.0666666666666664,3.0666666666666664,3.0666666666666664
200,random,unseeded,liquid,0,,,,,11.443999999999997,10.92613333333333,10.408266666666664,9.8904,9.372533333333333,8.854666666666667,8.4448,8.034933333333333,7.625066666666666,7.215199999999999,6.805333333333333,6.637133333333333,6.468933333333333,6.3007333333333335,6.132533333333333,5.964333333333333,5.3274,4.690466666666667,4.053533333333334,3.4166000000000003,2.779666666666667,2.779666666666667,2.779666666666667,2.779666666666667,2.779666666666667,2.779666666666667,2.779666666666667,2.779666666666667,2.779666666666667,2.779666666666667,2.779666666666667,2.779666666666667,2.779666666666667,2.779666666666667,2.779666666666667,2.779666666666667,2.779666666666667,2.779666666666667,2.779666666666667,2.779666666666667,2.779666666666667,2.5169333333333337,2.2542,1.9914666666666667,1.7287333333333335,1.466
201,random,unseeded,liquid,1,,,,,12.865666666666664,12.520333333333332,12.174999999999999,11.829666666666666,11.484333333333334,11.139000000000001,10.8388,10.5386,10.2384,9.9382,9.638,8.7058,7.7736,6.8414,5.9092,4.977,4.731466666666667,4.4859333333333336,4.2404,3.9948666666666663,3.749333333333333,3.749333333333333,3.749333333333333,3.749333333333333,3.749333333333333,3.749333333333333,3.5918666666666663,3.4343999999999997,3.276933333333333,3.1194666666666664,2.9619999999999997,2.776133333333333,2.5902666666666665,2.4044,2.2185333333333332,2.0326666666666666,2.0326666666666666,2.0326666666666666,2.0326666666666666,2.0326666666666666,2.0326666666666666,2.0326666666666666,2.0326666666666666,2.0326666666666666,2.0326666666666666,2.0326666666666666
202,random,unseeded,liquid,2,,,,,7.6176666666666675,6.868400000000001,6.119133333333334,5.369866666666667,4.6206000000000005,3.8713333333333337,3.8713333333333337,3.8713333333333337,3.8713333333333337,3.8713333333333337,3.8713333333333337,3.8713333333333337,3.8713333333333337,3.8713333333333337,3.8713333333333337,3.8713333333333337,3.8713333333333337,3.8713333333333337,3.8713333333333337,3.8713333333333337,3.8713333333333337,3.628666666666667,3.386,3.1433333333333335,2.900666666666667,2.658,2.6333333333333333,2.6086666666666667,2.5839999999999996,2.559333333333333,2.5346666666666664,2.5346666666666664,2.5346666666666664,2.5346666666666664,2.5346666666666664,2.5346666666666664,2.5346666666666664,2.5346666666666664,2.5346666666666664,2.5346666666666664,2.5346666666666664,2.5346666666666664,2.5346666666666664,2.5346666666666664,2.5346666666666664,2.5346666666666664
203,random,unseeded,liquid,3,,,,,8.752333333333333,8.722066666666667,8.691799999999999,8.661533333333333,8.631266666666665,8.600999999999999,8.599466666666666,8.597933333333334,8.5964,8.594866666666666,8.593333333333334,8.593333333333334,8.593333333333334,8.593333333333334,8.593333333333334,8.593333333333334,8.2794,7.965466666666667,7.651533333333333,7.3376,7.023666666666666,6.887866666666667,6.752066666666666,6.616266666666666,6.480466666666666,6.344666666666666,6.344666666666666,6.344666666666666,6.344666666666666,6.344666666666666,6.344666666666666,5.9262,5.507733333333333,5.089266666666667,4.6708,4.2523333333333335,4.2523333333333335,4.2523333333333335,4.2523333333333335,4.2523333333333335,4.2523333333333335,4.2523333333333335,4.2523333333333335,4.2523333333333335,4.2523333333333335,4.2523333333333335
204,random,unseeded,liquid,4,,,,,9.075666666666667,8.8152,8.554733333333333,8.294266666666667,8.0338,7.773333333333333,7.537066666666667,7.3008,7.064533333333333,6.828266666666666,6.592,5.783533333333333,4.975066666666667,4.1666,3.358133333333333,2.5496666666666665,2.5496666666666665,2.5496666666666665,2.5496666666666665,2.5496666666666665,2.5496666666666665,2.5496666666666665,2.5496666666666665,2.5496666666666665,2.5496666666666665,2.5496666666666665,2.5496666666666665,2.5496666666666665,2.5496666666666665,2.5496666666666665,2.5496666666666665,2.5496666666666665,2.5496666666666665,2.5496666666666665,2.5496666666666665,2.5496666666666665,2.5496666666666665,2.5496666666666665,2.5496666666666665,2.5496666666666665,2.5496666666666665,2.5496666666666665,2.5496666666666665,2.5496666666666665,2.5496666666666665,2.5496666666666665
205,random,unseeded,string,0,,,,,9.988333333333333,9.5932,9.198066666666666,8.802933333333332,8.4078,8.012666666666666,7.333666666666666,6.6546666666666665,5.975666666666666,5.296666666666667,4.617666666666667,4.365066666666666,4.112466666666666,3.8598666666666666,3.607266666666667,3.3546666666666667,3.3546666666666667,3.3546666666666667,3.3546666666666667,3.3546666666666667,3.3546666666666667,3.1927333333333334,3.0308,2.8688666666666665,2.706933333333333,2.545,2.545,2.545,2.545,2.545,2.545,2.545,2.545,2.545,2.545,2.545,2.545,2.545,2.545,2.545,2.545,2.545,2.545,2.545,2.545,2.545
206,random,unseeded,string,1,,,,,7.0889999999999995,6.833466666666666,6.577933333333333,6.3224,6.066866666666666,5.811333333333333,5.698799999999999,5.586266666666666,5.473733333333333,5.361199999999999,5.248666666666666,5.248666666666666,5.248666666666666,5.248666666666666,5.248666666666666,5.248666666666666,5.22,5.191333333333333,5.1626666666666665,5.1339999999999995,5.105333333333333,5.0286,4.951866666666667,4.875133333333333,4.7984,4.721666666666667,4.721666666666667,4.721666666666667,4.721666666666667,4.721666666666667,4.721666666666667,4.721666666666667,4.721666666666667,4.721666666666667,4.721666666666667,4.721666666666667,4.721666666666667,4.721666666666667,4.721666666666667,4.721666666666667,4.721666666666667,4.676933333333333,4.6322,4.587466666666667,4.5427333333333335,4.498
207,random,unseeded,string,2,,,,,9.714,9.3894,9.0648,8.7402,8.4156,8.091,7.805199999999999,7.519399999999999,7.233599999999999,6.9478,6.662,6.619466666666667,6.576933333333333,6.5344,6.491866666666666,6.449333333333333,6.449333333333333,6.449333333333333,6.449333333333333,6.449333333333333,6.449333333333333,6.449333333333333,6.449333333333333,6.449333333333333,6.449333333333333,6.449333333333333,6.449333333333333,6.449333333333333,6.449333333333333,6.449333333333333,6.449333333333333,6.449333333333333,6.449333333333333,6.449333333333333,6.449333333333333,6.449333333333333,6.449333333333333,6.449333333333333,6.449333333333333,6.449333333333333,6.449333333333333,6.254533333333333,6.059733333333333,5.864933333333333,5.670133333333332,5.4753333333333325
208,random,unseeded,string,3,,,,,12.219,11.3272,10.4354,9.543600000000001,8.651800000000001,7.760000000000001,6.837533333333334,5.915066666666667,4.9926,4.070133333333334,3.1476666666666664,3.064533333333333,2.9814,2.8982666666666663,2.8151333333333333,2.7319999999999998,2.7319999999999998,2.7319999999999998,2.7319999999999998,2.7319999999999998,2.7319999999999998,2.7319999999999998,2.7319999999999998,2.7319999999999998,2.7319999999999998,2.7319999999999998,2.7319999999999998,2.7319999999999998,2.7319999999999998,2.7319999999999998,2.7319999999999998,2.7319999999999998,2.7319999999999998,2.7319999999999998,2.7319999999999998,2.7319999999999998,2.7319999999999998,2.7319999999999998,2.7319999999999998,2.7319999999999998,2.7319999999999998,2.7319999999999998,2.7319999999999998,2.7319999999999998,2.7319999999999998,2.7319999999999998
209,random,unseeded,string,4,,,,,8.822333333333333,8.5194,8.216466666666667,7.9135333333333335,7.6106,7.307666666666667,6.890266666666667,6.4728666666666665,6.055466666666667,5.638066666666667,5.220666666666666,5.220666666666666,5.220666666666666,5.220666666666666,5.220666666666666,5.220666666666666,4.920066666666666,4.619466666666667,4.318866666666667,4.018266666666666,3.7176666666666667,3.7176666666666667,3.7176666666666667,3.7176666666666667,3.7176666666666667,3.7176666666666667,3.5638666666666667,3.410066666666667,3.256266666666667,3.1024666666666665,2.9486666666666665,2.8377333333333334,2.7268,2.615866666666667,2.5049333333333332,2.394,2.3795333333333333,2.365066666666667,2.3506,2.3361333333333336,2.3216666666666668,2.2840000000000003,2.2463333333333333,2.208666666666667,2.171,2.1333333333333333
210,random,unseeded,membrane,0,,,,,7.6290000000000004,6.948733333333334,6.268466666666667,5.5882000000000005,4.907933333333334,4.227666666666667,4.127866666666667,4.028066666666667,3.9282666666666666,3.828466666666667,3.728666666666667,3.710866666666667,3.6930666666666667,3.675266666666667,3.6574666666666666,3.639666666666667,3.639666666666667,3.639666666666667,3.639666666666667,3.639666666666667,3.639666666666667,3.597933333333333,3.5562,3.5144666666666664,3.4727333333333332,3.4309999999999996,3.2878,3.1445999999999996,3.0014,2.8582,2.715,2.715,2.715,2.715,2.715,2.715,2.679,2.643,2.607,2.571,2.535,2.523,2.511,2.499,2.487,2.475
211,random,unseeded,membrane,1,,,,,8.321333333333333,7.733466666666667,7.1456,6.557733333333334,5.969866666666667,5.382000000000001,5.158666666666667,4.935333333333333,4.712,4.488666666666667,4.265333333333333,4.265333333333333,4.265333333333333,4.265333333333333,4.265333333333333,4.265333333333333,4.265333333333333,4.265333333333333,4.265333333333333,4.265333333333333,4.265333333333333,4.099866666666667,3.9344,3.7689333333333335,3.603466666666667,3.438,3.4170000000000003,3.3960000000000004,3.375,3.354,3.333,3.333,3.333,3.333,3.333,3.333,3.333,3.333,3.333,3.333,3.333,3.138666666666667,2.9443333333333332,2.75,2.5556666666666663,2.361333333333333
212,random,unseeded,membrane,2,,,,,5.9430000000000005,5.443133333333334,4.943266666666667,4.4434000000000005,3.9435333333333333,3.4436666666666667,3.2578,3.0719333333333334,2.8860666666666663,2.7001999999999997,2.514333333333333,2.4442666666666666,2.3742,2.304133333333333,2.2340666666666666,2.164,2.164,2.164,2.164,2.164,2.164,2.164,2.164,2.164,2.164,2.164,2.164,2.164,2.164,2.164,2.164,2.164,2.164,2.164,2.164,2.164,2.164,2.164,2.164,2.164,2.164,2.164,2.164,2.164,2.164,2.164
213,random,unseeded,membrane,3,,,,,9.196333333333333,8.571266666666666,7.9462,7.321133333333334,6.696066666666667,6.071000000000001,5.6504,5.2298,4.809200000000001,4.3886,3.968,3.7862666666666667,3.6045333333333334,3.4228,3.2410666666666668,3.0593333333333335,2.8862666666666668,2.7132,2.5401333333333334,2.3670666666666667,2.194,2.194,2.194,2.194,2.194,2.194,2.163866666666667,2.1337333333333333,2.1036,2.0734666666666666,2.0433333333333334,2.0433333333333334,2.0433333333333334,2.0433333333333334,2.0433333333333334,2.0433333333333334,2.0433333333333334,2.0433333333333334,2.0433333333333334,2.0433333333333334,2.0433333333333334,1.9716666666666667,1.9,1.8283333333333331,1.7566666666666666,1.6849999999999998
214,random,unseeded,membrane,4,,,,,5.488333333333333,5.2702,5.052066666666667,4.833933333333333,4.6158,4.397666666666667,4.091933333333333,3.7862,3.4804666666666666,3.174733333333333,2.8689999999999998,2.8689999999999998,2.8689999999999998,2.8689999999999998,2.8689999999999998,2.8689999999999998,2.8689999999999998,2.8689999999999998,2.8689999999999998,2.8689999999999998,2.8689999999999998,2.8689999999999998,2.8689999999999998,2.8689999999999998,2.8689999999999998,2.8689999999999998,2.7789333333333333,2.6888666666666663,2.5987999999999998,2.508733333333333,2.4186666666666663,2.4186666666666663,2.4186666666666663,2.4186666666666663,2.4186666666666663,2.4186666666666663,2.402733333333333,2.3867999999999996,2.3708666666666667,2.3549333333333333,2.339,2.339,2.339,2.339,2.339,2.339
215,random,unseeded,vesicle,0,,,,,6.516666666666667,6.0107333333333335,5.5047999999999995,4.998866666666666,4.492933333333333,3.987,3.987,3.987,3.987,3.987,3.987,3.7443333333333335,3.501666666666667,3.2590000000000003,3.0163333333333338,2.773666666666667,2.773666666666667,2.773666666666667,2.773666666666667,2.773666666666667,2.773666666666667,2.773666666666667,2.773666666666667,2.773666666666667,2.773666666666667,2.773666666666667,2.6312666666666673,2.488866666666667,2.346466666666667,2.204066666666667,2.061666666666667,1.9321333333333335,1.8026000000000002,1.6730666666666667,1.5435333333333334,1.414,1.414,1.414,1.414,1.414,1.414,1.414,1.414,1.414,1.414,1.414
216,random,unseeded,vesicle,1,,,,,9.397333333333334,8.458133333333334,7.518933333333334,6.579733333333333,5.640533333333334,4.701333333333333,4.360333333333333,4.019333333333334,3.6783333333333337,3.3373333333333335,2.9963333333333337,2.8014666666666668,2.6066000000000003,2.4117333333333333,2.2168666666666663,2.022,2.022,2.022,2.022,2.022,2.022,2.022,2.022,2.022,2.022,2.022,1.9662666666666666,1.9105333333333332,1.8548,1.7990666666666666,1.7433333333333334,1.7433333333333334,1.7433333333333334,1.7433333333333334,1.7433333333333334,1.7433333333333334,1.7433333333333334,1.7433333333333334,1.7433333333333334,1.7433333333333334,1.7433333333333334,1.7433333333333334,1.7433333333333334,1.7433333333333334,1.7433333333333334,1.7433333333333334
217,random,unseeded,vesicle,2,,,,,5.409,5.1235333333333335,4.838066666666666,4.5526,4.267133333333334,3.981666666666667,3.981666666666667,3.981666666666667,3.981666666666667,3.981666666666667,3.981666666666667,3.8556000000000004,3.7295333333333334,3.603466666666667,3.4774000000000003,3.3513333333333333,3.3513333333333333,3.3513333333333333,3.3513333333333333,3.3513333333333333,3.3513333333333333,3.3513333333333333,3.3513333333333333,3.3513333333333333,3.3513333333333333,3.3513333333333333,3.3513333333333333,3.3513333333333333,3.3513333333333333,3.3513333333333333,3.3513333333333333,3.268133333333333,3.184933333333333,3.1017333333333332,3.018533333333333,2.935333333333333,2.935333333333333,2.935333333333333,2.935333333333333,2.935333333333333,2.935333333333333,2.935333333333333,2.935333333333333,2.935333333333333,2.935333333333333,2.935333333333333
218,random,unseeded,vesicle,3,,,,,6.0553333333333335,5.590533333333333,5.125733333333334,4.660933333333333,4.196133333333333,3.731333333333333,3.731333333333333,3.731333333333333,3.731333333333333,3.731333333333333,3.731333333333333,3.731333333333333,3.731333333333333,3.731333333333333,3.731333333333333,3.731333333333333,3.5038666666666667,3.2763999999999998,3.0489333333333333,2.821466666666667,2.594,2.594,2.594,2.594,2.594,2.594,2.5531333333333333,2.5122666666666666,2.4713999999999996,2.430533333333333,2.3896666666666664,2.1670666666666665,1.9444666666666666,1.7218666666666664,1.4992666666666665,1.2766666666666666,1.256,1.2353333333333334,1.2146666666666666,1.194,1.1733333333333333,1.1733333333333333,1.1733333333333333,1.1733333333333333,1.1733333333333333,1.1733333333333333
219,random,unseeded,vesicle,4,,,,,4.519333333333333,4.066599999999999,3.6138666666666666,3.161133333333333,2.7083999999999997,2.2556666666666665,2.2556666666666665,2.2556666666666665,2.2556666666666665,2.2556666666666665,2.2556666666666665,2.2556666666666665,2.2556666666666665,2.2556666666666665,2.2556666666666665,2.2556666666666665,2.247533333333333,2.2394,2.2312666666666665,2.223133333333333,2.215,2.215,2.215,2.215,2.215,2.215,2.215,2.215,2.215,2.215,2.215,2.215,2.215,2.215,2.215,2.215,2.1642666666666663,2.1135333333333333,2.0628,2.0120666666666667,1.9613333333333334,1.9613333333333334,1.9613333333333334,1.9613333333333334,1.9613333333333334,1.9613333333333334
220,random,unseeded,wormlike micelle,0,,,,,7.657,7.543333333333333,7.429666666666666,7.316,7.202333333333333,7.088666666666666,6.772066666666666,6.455466666666666,6.138866666666666,5.822266666666666,5.5056666666666665,5.2843333333333335,5.063,4.841666666666667,4.620333333333333,4.399,4.162133333333333,3.9252666666666665,3.6883999999999997,3.4515333333333333,3.2146666666666666,3.2146666666666666,3.2146666666666666,3.2146666666666666,3.2146666666666666,3.2146666666666666,3.2146666666666666,3.2146666666666666,3.2146666666666666,3.2146666666666666,3.2146666666666666,3.0005333333333333,2.7864,2.5722666666666667,2.3581333333333334,2.144,2.144,2.144,2.144,2.144,2.144,2.144,2.144,2.144,2.144,2.144
221,random,unseeded,wormlike micelle,1,,,,,3.321,3.2923333333333336,3.263666666666667,3.235,3.2063333333333333,3.1776666666666666,3.1776666666666666,3.1776666666666666,3.1776666666666666,3.1776666666666666,3.1776666666666666,2.844533333333333,2.5114,2.1782666666666666,1.845133333333333,1.5119999999999998,1.5119999999999998,1.5119999999999998,1.5119999999999998,1.5119999999999998,1.5119999999999998,1.4907333333333332,1.4694666666666665,1.4482,1.4269333333333332,1.4056666666666666,1.4056666666666666,1.4056666666666666,1.4056666666666666,1.4056666666666666,1.4056666666666666,1.4056666666666666,1.4056666666666666,1.4056666666666666,1.4056666666666666,1.4056666666666666,1.4056666666666666,1.4056666666666666,1.4056666666666666,1.4056666666666666,1.4056666666666666,1.4056666666666666,1.4056666666666666,1.4056666666666666,1.4056666666666666,1.4056666666666666
222,random,unseeded,wormlike micelle,2,,,,,10.081333333333333,10.081333333333333,10.081333333333333,10.081333333333333,10.081333333333333,10.081333333333333,9.609866666666667,9.1384,8.666933333333333,8.195466666666666,7.724,7.1896,6.6552,6.1208,5.586399999999999,5.052,4.792999999999999,4.534,4.275,4.016,3.757,3.498266666666667,3.239533333333333,2.9808,2.7220666666666666,2.4633333333333334,2.4633333333333334,2.4633333333333334,2.4633333333333334,2.4633333333333334,2.4633333333333334,2.4633333333333334,2.4633333333333334,2.4633333333333334,2.4633333333333334,2.4633333333333334,2.4633333333333334,2.4633333333333334,2.4633333333333334,2.4633333333333334,2.4633333333333334,2.312266666666667,2.1612,2.0101333333333335,1.8590666666666669,1.7080000000000002
223,random,unseeded,wormlike micelle,3,,,,,10.602666666666666,9.979466666666667,9.356266666666667,8.733066666666666,8.109866666666667,7.486666666666667,6.992533333333334,6.4984,6.004266666666667,5.510133333333334,5.016,4.872533333333333,4.729066666666666,4.5856,4.4421333333333335,4.298666666666667,4.2842,4.269733333333334,4.2552666666666665,4.2408,4.226333333333334,4.226333333333334,4.226333333333334,4.226333333333334,4.226333333333334,4.226333333333334,4.226333333333334,4.226333333333334,4.226333333333334,4.226333333333334,4.226333333333334,4.226333333333334,4.226333333333334,4.226333333333334,4.226333333333334,4.226333333333334,4.226333333333334,4.226333333333334,4.226333333333334,4.226333333333334,4.226333333333334,4.226333333333334,4.226333333333334,4.226333333333334,4.226333333333334,4.226333333333334
224,random,unseeded,wormlike micelle,4,,,,,8.502,8.293733333333334,8.085466666666667,7.8772,7.6689333333333325,7.460666666666666,7.112333333333333,6.763999999999999,6.415666666666667,6.067333333333334,5.719,5.4828,5.2466,5.0104,4.7741999999999996,4.537999999999999,4.339599999999999,4.1411999999999995,3.9427999999999996,3.7443999999999997,3.546,3.546,3.546,3.546,3.546,3.546,3.546,3.546,3.546,3.546,3.546,3.4601333333333333,3.3742666666666667,3.2884,3.2025333333333332,3.1166666666666667,3.0676,3.0185333333333335,2.969466666666667,2.9204000000000003,2.8713333333333337,2.8692,2.867066666666667,2.8649333333333336,2.8628000000000005,2.860666666666667
225,random,unseeded,spherical micelle,0,,,,,5.045000000000001,4.567133333333334,4.089266666666667,3.6114,3.1335333333333333,2.6556666666666664,2.6556666666666664,2.6556666666666664,2.6556666666666664,2.6556666666666664,2.6556666666666664,2.6556666666666664,2.6556666666666664,2.6556666666666664,2.6556666666666664,2.6556666666666664,2.5128,2.369933333333333,2.2270666666666665,2.0842,1.9413333333333334,1.9413333333333334,1.9413333333333334,1.9413333333333334,1.9413333333333334,1.9413333333333334,1.9413333333333334,1.9413333333333334,1.9413333333333334,1.9413333333333334,1.9413333333333334,1.9413333333333334,1.9413333333333334,1.9413333333333334,1.9413333333333334,1.9413333333333334,1.9046666666666667,1.868,1.8313333333333333,1.7946666666666666,1.758,1.758,1.758,1.758,1.758,1.758
226,random,unseeded,spherical micelle,1,,,,,5.519666666666667,5.487733333333333,5.4558,5.423866666666666,5.391933333333333,5.359999999999999,5.302466666666666,5.244933333333333,5.187399999999999,5.129866666666667,5.072333333333333,5.072333333333333,5.072333333333333,5.072333333333333,5.072333333333333,5.072333333333333,4.9715333333333325,4.870733333333333,4.7699333333333325,4.669133333333333,4.5683333333333325,4.542133333333332,4.515933333333333,4.489733333333333,4.463533333333333,4.437333333333333,4.437333333333333,4.437333333333333,4.437333333333333,4.437333333333333,4.437333333333333,4.437333333333333,4.437333333333333,4.437333333333333,4.437333333333333,4.437333333333333,4.3784,4.319466666666667,4.260533333333333,4.2016,4.142666666666667,4.142666666666667,4.142666666666667,4.142666666666667,4.142666666666667,4.142666666666667
227,random,unseeded,spherical micelle,2,,,,,7.448333333333333,7.2805333333333335,7.112733333333333,6.944933333333333,6.777133333333333,6.609333333333333,6.240866666666666,5.8724,5.503933333333333,5.135466666666667,4.767,4.495133333333333,4.2232666666666665,3.9514,3.679533333333333,3.407666666666666,3.407666666666666,3.407666666666666,3.407666666666666,3.407666666666666,3.407666666666666,3.3055999999999996,3.203533333333333,3.1014666666666666,2.9994,2.8973333333333335,2.8973333333333335,2.8973333333333335,2.8973333333333335,2.8973333333333335,2.8973333333333335,2.871666666666667,2.846,2.8203333333333336,2.7946666666666666,2.769,2.769,2.769,2.769,2.769,2.769,2.769,2.769,2.769,2.769,2.769
228,random,unseeded,spherical micelle,3,,,,,5.917333333333333,5.909199999999999,5.901066666666666,5.892933333333333,5.884799999999999,5.876666666666666,5.791399999999999,5.706133333333333,5.620866666666666,5.5356,5.450333333333333,4.883533333333333,4.3167333333333335,3.749933333333333,3.183133333333333,2.6163333333333334,2.6015333333333333,2.586733333333333,2.5719333333333334,2.5571333333333333,2.542333333333333,2.542333333333333,2.542333333333333,2.542333333333333,2.542333333333333,2.542333333333333,2.4444,2.3464666666666667,2.2485333333333335,2.1506,2.0526666666666666,2.0526666666666666,2.0526666666666666,2.0526666666666666,2.0526666666666666,2.0526666666666666,2.0526666666666666,2.0526666666666666,2.0526666666666666,2.0526666666666666,2.0526666666666666,2.0526666666666666,2.0526666666666666,2.0526666666666666,2.0526666666666666,2.0526666666666666
229,random,unseeded,spherical micelle,4,,,,,7.7203333333333335,7.392133333333334,7.063933333333334,6.735733333333334,6.407533333333333,6.0793333333333335,6.006266666666667,5.9332,5.860133333333333,5.787066666666666,5.7139999999999995,5.400666666666666,5.087333333333333,4.773999999999999,4.460666666666667,4.147333333333333,4.147333333333333,4.147333333333333,4.147333333333333,4.147333333333333,4.147333333333333,4.015,3.8826666666666667,3.7503333333333333,3.6180000000000003,3.485666666666667,3.401866666666667,3.3180666666666667,3.2342666666666666,3.1504666666666665,3.0666666666666664,3.0666666666666664,3.0666666666666664,3.0666666666666664,3.0666666666666664,3.0666666666666664,3.0666666666666664,3.0666666666666664,3.0666666666666664,3.0666666666666664,3.0666666666666664,3.0666666666666664,3.0666666666666664,3.0666666666666664,3.0666666666666664,3.0666666666666664
