,Experiment,Seed Type,Morphology,Replica,topkd after 1 Labels,topkd after 2 Labels,topkd after 3 Labels,topkd after 4 Labels,topkd after 5 Labels,topkd after 6 Labels,topkd after 7 Labels,topkd after 8 Labels,topkd after 9 Labels,topkd after 10 Labels,topkd after 11 Labels,topkd after 12 Labels,topkd after 13 Labels,topkd after 14 Labels,topkd after 15 Labels,topkd after 16 Labels,topkd after 17 Labels,topkd after 18 Labels,topkd after 19 Labels,topkd after 20 Labels,topkd after 21 Labels,topkd after 22 Labels,topkd after 23 Labels,topkd after 24 Labels,topkd after 25 Labels,topkd after 26 Labels,topkd after 27 Labels,topkd after 28 Labels,topkd after 29 Labels,topkd after 30 Labels,topkd after 31 Labels,topkd after 32 Labels,topkd after 33 Labels,topkd after 34 Labels,topkd after 35 Labels,topkd after 36 Labels,topkd after 37 Labels,topkd after 38 Labels,topkd after 39 Labels,topkd after 40 Labels,topkd after 41 Labels,topkd after 42 Labels,topkd after 43 Labels,topkd after 44 Labels,topkd after 45 Labels,topkd after 46 Labels,topkd after 47 Labels,topkd after 48 Labels,topkd after 49 Labels,topkd after 50 Labels
0,oracle,seeded,liquid,0,,,,,11.443999999999997,8.90808333333333,6.372166666666665,3.836249999999999,1.3003333333333333,1.3003333333333333,1.3003333333333333,1.3003333333333333,1.3003333333333333,1.3003333333333333,1.2582,1.2160666666666666,1.1739333333333333,1.1318000000000001,1.0896666666666668,1.0534000000000001,1.0171333333333334,0.9808666666666668,0.9446,0.9083333333333333,0.8476,0.7868666666666667,0.7261333333333333,0.6654,0.6046666666666667,0.6046666666666667,0.6046666666666667,0.6046666666666667,0.6046666666666667,0.6046666666666667,0.6046666666666667,0.6046666666666667,0.6046666666666667,0.6046666666666667,0.6046666666666667,0.6046666666666667,0.6046666666666667,0.6046666666666667,0.6046666666666667,0.6046666666666667,0.5706666666666667,0.5366666666666667,0.5026666666666667,0.4686666666666667,0.4346666666666667,0.40700000000000003
1,oracle,seeded,liquid,1,,,,,15.639666666666665,12.054833333333331,8.469999999999999,4.885166666666665,1.3003333333333333,1.2068,1.1132666666666666,1.0197333333333334,0.9262000000000001,0.8326666666666668,0.7947333333333334,0.7568,0.7188666666666668,0.6809333333333334,0.643,0.5992,0.5554,0.5116,0.4678,0.424,0.4025333333333333,0.38106666666666666,0.3596,0.3381333333333333,0.31666666666666665,0.31666666666666665,0.31666666666666665,0.31666666666666665,0.31666666666666665,0.31666666666666665,0.31666666666666665,0.31666666666666665,0.31666666666666665,0.31666666666666665,0.31666666666666665,0.31666666666666665,0.31666666666666665,0.31666666666666665,0.31666666666666665,0.31666666666666665,0.31666666666666665,0.31666666666666665,0.31666666666666665,0.31666666666666665,0.31666666666666665,0.31666666666666665
2,oracle,seeded,liquid,2,,,,,7.6176666666666675,6.038333333333334,4.4590000000000005,2.879666666666667,1.3003333333333333,1.2195333333333334,1.1387333333333334,1.0579333333333334,0.9771333333333333,0.8963333333333333,0.7984,0.7004666666666667,0.6025333333333334,0.5046,0.40666666666666673,0.38920000000000005,0.37173333333333336,0.35426666666666673,0.33680000000000004,0.31933333333333336,0.31933333333333336,0.31933333333333336,0.31933333333333336,0.31933333333333336,0.31933333333333336,0.31933333333333336,0.31933333333333336,0.31933333333333336,0.31933333333333336,0.31933333333333336,0.31933333333333336,0.31933333333333336,0.31933333333333336,0.31933333333333336,0.31933333333333336,0.31933333333333336,0.31933333333333336,0.31933333333333336,0.31933333333333336,0.31933333333333336,0.31133333333333335,0.30333333333333334,0.2953333333333334,0.2873333333333334,0.2793333333333334,0.2793333333333334
3,oracle,seeded,liquid,3,,,,,9.373666666666667,7.355333333333333,5.337,3.318666666666666,1.3003333333333333,1.1492666666666667,0.9982,0.8471333333333334,0.6960666666666667,0.545,0.5264,0.5078,0.48919999999999997,0.47059999999999996,0.45199999999999996,0.45199999999999996,0.45199999999999996,0.45199999999999996,0.45199999999999996,0.45199999999999996,0.4345333333333333,0.41706666666666664,0.3996,0.3821333333333333,0.3646666666666667,0.3646666666666667,0.3646666666666667,0.3646666666666667,0.3646666666666667,0.3646666666666667,0.3646666666666667,0.3646666666666667,0.3646666666666667,0.3646666666666667,0.3646666666666667,0.3646666666666667,0.3646666666666667,0.3646666666666667,0.3646666666666667,0.3646666666666667,0.3646666666666667,0.3646666666666667,0.3646666666666667,0.3646666666666667,0.3646666666666667,0.3646666666666667
4,oracle,seeded,liquid,4,,,,,9.472333333333333,7.613416666666667,5.7545,3.8955833333333336,2.0366666666666666,1.8637333333333332,1.6907999999999999,1.5178666666666667,1.3449333333333333,1.172,1.0834,0.9948,0.9062,0.8176000000000001,0.7290000000000001,0.7220666666666667,0.7151333333333334,0.7082,0.7012666666666667,0.6943333333333334,0.6702,0.6460666666666667,0.6219333333333333,0.5978,0.5736666666666667,0.5396666666666666,0.5056666666666666,0.4716666666666666,0.43766666666666665,0.4036666666666666,0.4036666666666666,0.4036666666666666,0.4036666666666666,0.4036666666666666,0.4036666666666666,0.4036666666666666,0.4036666666666666,0.4036666666666666,0.4036666666666666,0.4036666666666666,0.3962666666666666,0.38886666666666664,0.3814666666666666,0.37406666666666666,0.36666666666666664,0.36666666666666664
5,oracle,seeded,string,0,,,,,6.743666666666667,5.646833333333333,4.55,3.4531666666666663,2.356333333333333,2.214933333333333,2.0735333333333332,1.932133333333333,1.790733333333333,1.649333333333333,1.6338666666666666,1.6183999999999998,1.6029333333333333,1.5874666666666666,1.572,1.5434,1.5148000000000001,1.4862,1.4576,1.429,1.2185333333333335,1.0080666666666667,0.7976000000000001,0.5871333333333334,0.3766666666666667,0.3766666666666667,0.3766666666666667,0.3766666666666667,0.3766666666666667,0.3766666666666667,0.3738666666666667,0.3710666666666667,0.3682666666666667,0.3654666666666667,0.3626666666666667,0.3626666666666667,0.3626666666666667,0.3626666666666667,0.3626666666666667,0.3626666666666667,0.3626666666666667,0.3626666666666667,0.3626666666666667,0.3626666666666667,0.3626666666666667,0.3626666666666667
6,oracle,seeded,string,1,,,,,3.669333333333333,3.3410833333333327,3.012833333333333,2.6845833333333333,2.356333333333333,2.3064666666666667,2.2565999999999997,2.206733333333333,2.1568666666666663,2.1069999999999998,1.9087999999999998,1.7106,1.5123999999999997,1.3141999999999998,1.1159999999999999,1.1159999999999999,1.1159999999999999,1.1159999999999999,1.1159999999999999,1.1159999999999999,0.9486666666666665,0.7813333333333333,0.6140000000000001,0.44666666666666677,0.2793333333333334,0.2793333333333334,0.2793333333333334,0.2793333333333334,0.2793333333333334,0.2793333333333334,0.2793333333333334,0.2793333333333334,0.2793333333333334,0.2793333333333334,0.2793333333333334,0.2793333333333334,0.2793333333333334,0.2793333333333334,0.2793333333333334,0.2793333333333334,0.2793333333333334,0.2793333333333334,0.2793333333333334,0.2793333333333334,0.2793333333333334,0.2793333333333334
7,oracle,seeded,string,2,,,,,7.3806666666666665,6.124583333333334,4.8685,3.612416666666667,2.356333333333333,1.9538666666666664,1.5514,1.1489333333333334,0.7464666666666666,0.34400000000000003,0.34400000000000003,0.34400000000000003,0.34400000000000003,0.34400000000000003,0.34400000000000003,0.34400000000000003,0.34400000000000003,0.34400000000000003,0.34400000000000003,0.34400000000000003,0.34400000000000003,0.34400000000000003,0.34400000000000003,0.34400000000000003,0.34400000000000003,0.33120000000000005,0.3184,0.30560000000000004,0.2928,0.28,0.28,0.28,0.28,0.28,0.28,0.28,0.28,0.28,0.28,0.28,0.28,0.28,0.28,0.28,0.28,0.2737333333333334
8,oracle,seeded,string,3,,,,,7.906999999999999,6.519333333333332,5.131666666666666,3.743999999999999,2.356333333333333,2.2666666666666666,2.177,2.0873333333333335,1.9976666666666667,1.9080000000000001,1.9080000000000001,1.9080000000000001,1.9080000000000001,1.9080000000000001,1.9080000000000001,1.6722666666666668,1.4365333333333334,1.2008,0.9650666666666667,0.7293333333333334,0.7293333333333334,0.7293333333333334,0.7293333333333334,0.7293333333333334,0.7293333333333334,0.6532666666666667,0.5772,0.5011333333333334,0.4250666666666667,0.34900000000000003,0.3168,0.2846,0.25240000000000007,0.22020000000000003,0.18800000000000003,0.18800000000000003,0.18800000000000003,0.18800000000000003,0.18800000000000003,0.18800000000000003,0.18800000000000003,0.18800000000000003,0.18800000000000003,0.18800000000000003,0.18800000000000003,0.18800000000000003
9,oracle,seeded,string,4,,,,,5.104333333333333,4.417333333333333,3.7303333333333333,3.043333333333333,2.356333333333333,2.3064666666666667,2.2565999999999997,2.206733333333333,2.1568666666666663,2.1069999999999998,2.1069999999999998,2.1069999999999998,2.1069999999999998,2.1069999999999998,2.1069999999999998,1.9240666666666664,1.7411333333333332,1.5581999999999998,1.3752666666666666,1.1923333333333332,1.1219999999999999,1.0516666666666665,0.9813333333333333,0.9109999999999999,0.8406666666666666,0.8406666666666666,0.8406666666666666,0.8406666666666666,0.8406666666666666,0.8406666666666666,0.7474666666666666,0.6542666666666666,0.5610666666666666,0.46786666666666665,0.3746666666666667,0.3746666666666667,0.3746666666666667,0.3746666666666667,0.3746666666666667,0.3746666666666667,0.3746666666666667,0.3746666666666667,0.3746666666666667,0.3746666666666667,0.3746666666666667,0.3454666666666667
10,oracle,seeded,membrane,0,,,,,7.82,6.144777777777779,4.469555555555557,2.794333333333334,2.4934000000000003,2.192466666666667,1.8915333333333335,1.5906,1.2896666666666665,1.2271333333333332,1.1645999999999999,1.1020666666666665,1.0395333333333334,0.977,0.977,0.977,0.977,0.977,0.977,0.977,0.977,0.977,0.977,0.977,0.977,0.977,0.977,0.977,0.977,0.977,0.977,0.977,0.977,0.977,0.977,0.977,0.977,0.977,0.977,0.977,0.977,0.977,0.977,0.977,0.977,0.977
11,oracle,seeded,membrane,1,,,,,8.726666666666667,7.2435833333333335,5.7605,4.277416666666667,2.794333333333334,2.395066666666667,1.9958000000000002,1.5965333333333334,1.1972666666666667,0.798,0.798,0.798,0.798,0.798,0.798,0.7128000000000001,0.6276,0.5424,0.45720000000000005,0.37200000000000005,0.37200000000000005,0.37200000000000005,0.37200000000000005,0.37200000000000005,0.37200000000000005,0.37200000000000005,0.37200000000000005,0.37200000000000005,0.37200000000000005,0.37200000000000005,0.34500000000000003,0.31800000000000006,0.29100000000000004,0.264,0.23700000000000002,0.23700000000000002,0.23700000000000002,0.23700000000000002,0.23700000000000002,0.23700000000000002,0.23700000000000002,0.23700000000000002,0.23700000000000002,0.23700000000000002,0.23700000000000002,0.23700000000000002
12,oracle,seeded,membrane,2,,,,,9.667333333333334,7.376333333333333,5.085333333333334,2.794333333333334,2.4934000000000003,2.192466666666667,1.8915333333333335,1.5906,1.2896666666666665,1.2896666666666665,1.2896666666666665,1.2896666666666665,1.2896666666666665,1.2896666666666665,1.2896666666666665,1.2896666666666665,1.2896666666666665,1.2896666666666665,1.2896666666666665,1.2896666666666665,1.2896666666666665,1.2896666666666665,1.2896666666666665,1.2896666666666665,1.2895333333333332,1.2893999999999999,1.2892666666666666,1.2891333333333332,1.289,1.1807999999999998,1.0726,0.9643999999999999,0.8561999999999999,0.7479999999999999,0.7479999999999999,0.7479999999999999,0.7479999999999999,0.7479999999999999,0.7479999999999999,0.7479999999999999,0.7479999999999999,0.7479999999999999,0.7479999999999999,0.7479999999999999,0.7479999999999999,0.7479999999999999
13,oracle,seeded,membrane,3,,,,,10.298,8.08275,5.8675,3.6522499999999996,1.437,1.4075333333333333,1.3780666666666666,1.3486,1.3191333333333333,1.2896666666666665,1.1620666666666666,1.0344666666666664,0.9068666666666665,0.7792666666666666,0.6516666666666666,0.6516666666666666,0.6516666666666666,0.6516666666666666,0.6516666666666666,0.6516666666666666,0.6516666666666666,0.6516666666666666,0.6516666666666666,0.6516666666666666,0.6516666666666666,0.6516666666666666,0.6516666666666666,0.6516666666666666,0.6516666666666666,0.6516666666666666,0.6144,0.5771333333333333,0.5398666666666666,0.5025999999999999,0.4653333333333333,0.4653333333333333,0.4653333333333333,0.4653333333333333,0.4653333333333333,0.4653333333333333,0.4569333333333333,0.44853333333333334,0.4401333333333333,0.43173333333333336,0.42333333333333334,0.42333333333333334
14,oracle,seeded,membrane,4,,,,,5.488333333333333,4.319166666666667,3.15,1.980833333333333,0.8116666666666666,0.7989333333333333,0.7861999999999999,0.7734666666666666,0.7607333333333333,0.7479999999999999,0.6946666666666665,0.6413333333333333,0.588,0.5346666666666666,0.48133333333333334,0.45326666666666665,0.42519999999999997,0.39713333333333334,0.36906666666666665,0.34099999999999997,0.34099999999999997,0.34099999999999997,0.34099999999999997,0.34099999999999997,0.34099999999999997,0.3327333333333333,0.3244666666666667,0.3162,0.30793333333333334,0.2996666666666667,0.2996666666666667,0.2996666666666667,0.2996666666666667,0.2996666666666667,0.2996666666666667,0.2996666666666667,0.2996666666666667,0.2996666666666667,0.2996666666666667,0.2996666666666667,0.2996666666666667,0.2996666666666667,0.2996666666666667,0.2996666666666667,0.2996666666666667,0.2996666666666667
15,oracle,seeded,vesicle,0,,,,,6.516666666666667,5.499666666666667,4.573333333333334,3.6470000000000002,2.7206666666666672,1.7943333333333338,0.868,0.868,0.868,0.868,0.868,0.868,0.7689333333333334,0.6698666666666666,0.5708,0.47173333333333334,0.37266666666666665,0.37266666666666665,0.37266666666666665,0.37266666666666665,0.37266666666666665,0.37266666666666665,0.3396666666666667,0.30666666666666664,0.27366666666666667,0.24066666666666667,0.20766666666666667,0.20766666666666667,0.20766666666666667,0.20766666666666667,0.20766666666666667,0.20766666666666667,0.20766666666666667,0.20766666666666667,0.20766666666666667,0.20766666666666667,0.20766666666666667,0.20766666666666667,0.20766666666666667,0.20766666666666667,0.20766666666666667,0.20766666666666667,0.19586666666666666,0.18406666666666666,0.17226666666666668,0.16046666666666667
16,oracle,seeded,vesicle,1,,,,,10.893666666666666,8.979333333333333,7.364599999999999,5.749866666666667,4.135133333333334,2.5204000000000004,0.9056666666666667,0.9056666666666667,0.9056666666666667,0.9056666666666667,0.9056666666666667,0.9056666666666667,0.9056666666666667,0.9056666666666667,0.9056666666666667,0.9056666666666667,0.9056666666666667,0.8390666666666667,0.7724666666666666,0.7058666666666666,0.6392666666666666,0.5726666666666667,0.5434,0.5141333333333333,0.48486666666666667,0.45559999999999995,0.4263333333333333,0.4263333333333333,0.4263333333333333,0.4263333333333333,0.4263333333333333,0.4263333333333333,0.4263333333333333,0.4263333333333333,0.4263333333333333,0.4263333333333333,0.4263333333333333,0.3999333333333333,0.37353333333333333,0.3471333333333333,0.3207333333333333,0.29433333333333334,0.29433333333333334,0.29433333333333334,0.29433333333333334,0.29433333333333334
17,oracle,seeded,vesicle,2,,,,,7.623,6.0953333333333335,5.013866666666667,3.9324,2.850933333333333,1.7694666666666663,0.6880000000000001,0.6880000000000001,0.6880000000000001,0.6880000000000001,0.6880000000000001,0.6880000000000001,0.6356666666666667,0.5833333333333334,0.5309999999999999,0.47866666666666663,0.4263333333333333,0.4263333333333333,0.4263333333333333,0.4263333333333333,0.4263333333333333,0.4263333333333333,0.4263333333333333,0.4263333333333333,0.4263333333333333,0.4263333333333333,0.4263333333333333,0.3999333333333333,0.37353333333333333,0.3471333333333333,0.3207333333333333,0.29433333333333334,0.29433333333333334,0.29433333333333334,0.29433333333333334,0.29433333333333334,0.29433333333333334,0.29433333333333334,0.29433333333333334,0.29433333333333334,0.29433333333333334,0.29433333333333334,0.29433333333333334,0.29433333333333334,0.29433333333333334,0.29433333333333334
18,oracle,seeded,vesicle,3,,,,,7.689666666666667,6.544,5.7509999999999994,4.958,4.165,3.372,2.579,2.2344,1.8898000000000001,1.5452,1.2006,0.856,0.856,0.856,0.856,0.856,0.856,0.8546666666666667,0.8533333333333334,0.852,0.8506666666666667,0.8493333333333334,0.8493333333333334,0.8493333333333334,0.8493333333333334,0.8493333333333334,0.8493333333333334,0.7953333333333333,0.7413333333333334,0.6873333333333334,0.6333333333333333,0.5793333333333334,0.5422,0.5050666666666667,0.46793333333333337,0.4308,0.39366666666666666,0.39366666666666666,0.39366666666666666,0.39366666666666666,0.39366666666666666,0.39366666666666666,0.3664,0.33913333333333334,0.3118666666666667,0.2846
19,oracle,seeded,vesicle,4,,,,,4.519333333333333,4.422,3.793133333333333,3.1642666666666663,2.5354,1.9065333333333334,1.2776666666666665,1.1698666666666666,1.0620666666666665,0.9542666666666666,0.8464666666666667,0.7386666666666667,0.7386666666666667,0.7386666666666667,0.7386666666666667,0.7386666666666667,0.7386666666666667,0.7386666666666667,0.7386666666666667,0.7386666666666667,0.7386666666666667,0.7386666666666667,0.7193333333333334,0.7000000000000001,0.6806666666666666,0.6613333333333333,0.642,0.642,0.642,0.642,0.642,0.642,0.6202666666666666,0.5985333333333334,0.5768,0.5550666666666667,0.5333333333333333,0.5333333333333333,0.5333333333333333,0.5333333333333333,0.5333333333333333,0.5333333333333333,0.5333333333333333,0.5333333333333333,0.5333333333333333,0.5333333333333333
20,oracle,seeded,wormlike micelle,0,,,,,9.193333333333333,8.733,8.272666666666666,7.812333333333333,7.351999999999999,7.200399999999999,7.0488,6.8972,6.7456000000000005,6.594,6.167,5.74,5.313,4.885999999999999,4.459,3.9816,3.5042,3.0267999999999997,2.5494,2.072,1.9540666666666666,1.8361333333333334,1.7182,1.6002666666666667,1.4823333333333333,1.3828,1.2832666666666666,1.1837333333333333,1.0842,0.9846666666666666,0.9378666666666666,0.8910666666666667,0.8442666666666667,0.7974666666666667,0.7506666666666667,0.6534666666666666,0.5562666666666667,0.4590666666666667,0.36186666666666667,0.26466666666666666,0.26466666666666666,0.26466666666666666,0.26466666666666666,0.26466666666666666,0.26466666666666666,0.2612
21,oracle,seeded,wormlike micelle,1,,,,,3.321,3.09,2.859,2.628,2.397,2.3068666666666666,2.2167333333333334,2.1266,2.0364666666666666,1.9463333333333335,1.8982666666666668,1.8502,1.8021333333333334,1.7540666666666669,1.7060000000000002,1.7060000000000002,1.7060000000000002,1.7060000000000002,1.7060000000000002,1.7060000000000002,1.6957333333333335,1.685466666666667,1.6752,1.6649333333333334,1.6546666666666667,1.6543333333333334,1.654,1.6536666666666666,1.653333333333333,1.6529999999999998,1.4741999999999997,1.2953999999999999,1.1166,0.9378,0.759,0.7536666666666667,0.7483333333333334,0.743,0.7376666666666667,0.7323333333333334,0.7323333333333334,0.7323333333333334,0.7323333333333334,0.7323333333333334,0.7323333333333334,0.6681333333333334
22,oracle,seeded,wormlike micelle,2,,,,,11.299000000000001,10.447166666666668,9.595333333333333,8.7435,7.891666666666666,7.358266666666666,6.824866666666666,6.2914666666666665,5.758066666666666,5.224666666666667,4.596133333333333,3.9676,3.339066666666667,2.7105333333333337,2.0820000000000003,2.0086000000000004,1.9352,1.8618000000000001,1.7884,1.7149999999999999,1.7149999999999999,1.7149999999999999,1.7149999999999999,1.7149999999999999,1.7149999999999999,1.7149999999999999,1.7149999999999999,1.7149999999999999,1.7149999999999999,1.7149999999999999,1.5788,1.4425999999999999,1.3064,1.1702,1.034,0.9078,0.7816000000000001,0.6554,0.5292,0.403,0.37620000000000003,0.3494,0.3226,0.29579999999999995,0.26899999999999996,0.26899999999999996
23,oracle,seeded,wormlike micelle,3,,,,,10.602666666666666,9.924916666666666,9.247166666666665,8.569416666666665,7.891666666666666,7.549266666666666,7.2068666666666665,6.864466666666667,6.5220666666666665,6.179666666666667,5.512933333333334,4.8462,4.179466666666666,3.5127333333333333,2.846,2.5176,2.1892,1.8608,1.5324,1.204,1.0678,0.9316,0.7954,0.6592,0.523,0.5142666666666666,0.5055333333333334,0.4968,0.48806666666666665,0.47933333333333333,0.47933333333333333,0.47933333333333333,0.47933333333333333,0.47933333333333333,0.47933333333333333,0.47933333333333333,0.47933333333333333,0.47933333333333333,0.47933333333333333,0.47933333333333333,0.42133333333333334,0.36333333333333334,0.30533333333333335,0.24733333333333335,0.18933333333333335,0.18933333333333335
24,oracle,seeded,wormlike micelle,4,,,,,9.659333333333334,8.684833333333334,7.710333333333334,6.735833333333334,5.761333333333333,5.376399999999999,4.991466666666667,4.606533333333333,4.2216,3.8366666666666664,3.4474,3.058133333333333,2.6688666666666663,2.2796,1.8903333333333332,1.7409999999999999,1.5916666666666666,1.4423333333333332,1.293,1.1436666666666666,1.0242,0.9047333333333333,0.7852666666666667,0.6658,0.5463333333333333,0.5324666666666666,0.5186000000000001,0.5047333333333334,0.4908666666666667,0.47700000000000004,0.4152,0.35340000000000005,0.2916,0.2298,0.168,0.16620000000000001,0.16440000000000002,0.1626,0.1608,0.159,0.159,0.159,0.159,0.159,0.159,0.15293333333333334
25,oracle,seeded,spherical micelle,0,,,,,6.540666666666667,5.801066666666666,5.061466666666666,4.321866666666667,3.5822666666666665,2.8426666666666667,2.670916666666667,2.4991666666666665,2.3274166666666667,2.155666666666667,2.046666666666667,1.9376666666666669,1.8286666666666669,1.7196666666666667,1.6106666666666667,1.3772666666666666,1.1438666666666668,0.9104666666666668,0.6770666666666667,0.44366666666666665,0.3988,0.3539333333333333,0.3090666666666667,0.2642,0.21933333333333335,0.21693333333333334,0.21453333333333335,0.21213333333333334,0.20973333333333335,0.20733333333333334,0.20733333333333334,0.20733333333333334,0.20733333333333334,0.20733333333333334,0.20733333333333334,0.20733333333333334,0.20733333333333334,0.20733333333333334,0.20733333333333334,0.20733333333333334,0.20733333333333334,0.20733333333333334,0.20733333333333334,0.20733333333333334,0.20733333333333334,0.20733333333333334
26,oracle,seeded,spherical micelle,1,,,,,5.720666666666666,4.703916666666666,3.6871666666666667,2.670416666666667,1.6536666666666668,1.5278,1.4019333333333335,1.2760666666666667,1.1502,1.0243333333333333,1.0168666666666666,1.0094,1.0019333333333333,0.9944666666666667,0.9870000000000001,0.9870000000000001,0.9870000000000001,0.9870000000000001,0.9870000000000001,0.9870000000000001,0.9764666666666667,0.9659333333333334,0.9554,0.9448666666666667,0.9343333333333333,0.9343333333333333,0.9343333333333333,0.9343333333333333,0.9343333333333333,0.9343333333333333,0.9343333333333333,0.9343333333333333,0.9343333333333333,0.9343333333333333,0.9343333333333333,0.9343333333333333,0.9343333333333333,0.9343333333333333,0.9343333333333333,0.9343333333333333,0.9112,0.8880666666666667,0.8649333333333333,0.8418,0.8186666666666667,0.8088
27,oracle,seeded,spherical micelle,2,,,,,7.448333333333333,6.556266666666667,5.6642,4.772133333333334,3.880066666666667,2.988,2.713416666666667,2.438833333333333,2.16425,1.8896666666666668,1.7306666666666668,1.5716666666666668,1.4126666666666667,1.2536666666666667,1.1902666666666666,1.1268666666666667,1.0634666666666668,1.0000666666666667,0.9366666666666666,0.9233333333333333,0.91,0.8966666666666667,0.8833333333333334,0.8700000000000001,0.8555333333333334,0.8410666666666667,0.8266,0.8121333333333334,0.7976666666666666,0.7976666666666666,0.7976666666666666,0.7976666666666666,0.7976666666666666,0.7976666666666666,0.7976666666666666,0.7976666666666666,0.7976666666666666,0.7976666666666666,0.7976666666666666,0.7976666666666666,0.7976666666666666,0.7976666666666666,0.7976666666666666,0.7976666666666666,0.7976666666666666,0.7976666666666666
28,oracle,seeded,spherical micelle,3,,,,,5.917333333333333,5.1175999999999995,4.317866666666666,3.518133333333333,2.7184,1.9186666666666667,1.9186666666666667,1.9186666666666667,1.9186666666666667,1.9186666666666667,1.8701333333333334,1.8216,1.7730666666666668,1.7245333333333335,1.6760000000000002,1.5746666666666669,1.4733333333333334,1.372,1.2706666666666666,1.1693333333333333,1.1693333333333333,1.1693333333333333,1.1693333333333333,1.1693333333333333,1.1693333333333333,1.1610666666666667,1.1528,1.1445333333333332,1.1362666666666665,1.128,1.128,1.128,1.128,1.128,1.128,1.0460666666666665,0.9641333333333333,0.8822,0.8002666666666667,0.7183333333333334,0.7030000000000001,0.6876666666666668,0.6723333333333333,0.657,0.6416666666666667,0.6300666666666667
29,oracle,seeded,spherical micelle,4,,,,,9.670333333333332,7.858999999999999,6.047666666666666,4.2363333333333335,2.4250000000000003,2.2356000000000003,2.0462000000000002,1.8568,1.6674,1.478,1.478,1.478,1.478,1.478,1.478,1.478,1.478,1.478,1.478,1.478,1.4203333333333332,1.3626666666666667,1.305,1.2473333333333334,1.1896666666666667,1.1129333333333333,1.0362,0.9594666666666667,0.8827333333333334,0.806,0.7294,0.6528,0.5762,0.49960000000000004,0.42300000000000004,0.42300000000000004,0.42300000000000004,0.42300000000000004,0.42300000000000004,0.42300000000000004,0.3962666666666667,0.3695333333333334,0.3428,0.31606666666666666,0.28933333333333333,0.28933333333333333
30,oracle,unseeded,liquid,0,,,,,11.443999999999997,10.679533333333332,9.915066666666664,9.150599999999999,8.386133333333333,7.621666666666667,7.5181666666666676,7.414666666666667,7.311166666666667,7.207666666666667,7.207666666666667,7.207666666666667,7.207666666666667,7.207666666666667,7.207666666666667,7.084066666666667,6.960466666666667,6.836866666666666,6.713266666666667,6.589666666666666,6.476,6.362333333333334,6.248666666666667,6.135000000000001,5.866200000000001,5.5974,5.328600000000001,5.059800000000001,4.791,4.791,4.791,4.791,4.791,4.791,4.561866666666667,4.3327333333333335,4.1036,3.8744666666666667,3.6453333333333333,3.4422,3.2390666666666665,3.0359333333333334,2.8327999999999998,2.6296666666666666,2.490866666666667,2.3520666666666665
31,oracle,unseeded,liquid,1,,,,,12.865666666666664,12.746999999999998,12.628333333333332,12.509666666666666,12.391,12.272333333333334,12.271733333333334,12.271133333333333,12.270533333333335,12.269933333333334,12.269333333333334,12.204666666666666,12.14,12.075333333333333,12.010666666666667,11.946,11.941799999999999,11.9376,11.933399999999999,11.9292,11.924999999999999,11.873,11.820999999999998,11.768999999999998,11.716999999999999,11.052,10.386999999999999,9.722,9.056999999999999,8.392,8.292733333333333,8.193466666666666,8.094199999999999,7.994933333333333,7.895666666666666,7.610533333333333,7.325399999999999,7.040266666666666,6.755133333333333,6.47,6.050933333333333,5.631866666666666,5.2128,4.793733333333334,4.374666666666667,4.012733333333333
32,oracle,unseeded,liquid,2,,,,,7.6176666666666675,7.472733333333334,7.327800000000001,7.182866666666667,7.037933333333334,6.893000000000001,6.893000000000001,6.893000000000001,6.893000000000001,6.893000000000001,6.893000000000001,6.893000000000001,6.893000000000001,6.893000000000001,6.893000000000001,6.893000000000001,6.594600000000001,6.296200000000001,5.9978,5.6994,5.401,5.075733333333333,4.750466666666666,4.425199999999999,4.0999333333333325,3.774666666666666,3.609333333333333,3.4439999999999995,3.278666666666666,3.1133333333333333,2.948,2.7592,2.5704,2.3815999999999997,2.1928,2.004,1.8937333333333333,1.7834666666666665,1.6732,1.5629333333333333,1.4526666666666666,1.408,1.3633333333333333,1.3186666666666667,1.2739999999999998,1.2293333333333332
33,oracle,unseeded,liquid,3,,,,,8.752333333333333,8.752333333333333,8.752333333333333,8.752333333333333,8.752333333333333,8.752333333333333,8.752333333333333,8.752333333333333,8.752333333333333,8.752333333333333,8.752333333333333,8.752333333333333,8.752333333333333,8.752333333333333,8.752333333333333,8.752333333333333,8.752333333333333,8.752333333333333,8.752333333333333,8.752333333333333,8.752333333333333,8.717799999999999,8.683266666666666,8.648733333333332,8.6142,8.579666666666666,8.303266666666666,8.026866666666667,7.750466666666666,7.474066666666666,7.197666666666667,6.985,6.772333333333334,6.559666666666667,6.347,6.134333333333334,5.791533333333334,5.448733333333333,5.105933333333333,4.763133333333333,4.420333333333333,3.8212666666666664,3.2221999999999995,2.6231333333333327,2.0240666666666662,1.425
34,oracle,unseeded,liquid,4,,,,,9.075666666666667,8.964133333333333,8.8526,8.741066666666667,8.629533333333335,8.518,8.428866666666668,8.339733333333333,8.2506,8.161466666666666,8.072333333333333,7.788266666666666,7.5042,7.220133333333333,6.936066666666667,6.652,6.652,6.652,6.652,6.652,6.652,6.652,6.652,6.652,6.652,6.466600000000001,6.2812,6.0958000000000006,5.9104,5.7250000000000005,5.346,4.9670000000000005,4.588,4.209,3.83,3.6690666666666667,3.5081333333333333,3.3472,3.186266666666667,3.0253333333333337,2.8226000000000004,2.619866666666667,2.4171333333333336,2.2144000000000004,2.0116666666666667,1.8191333333333335
35,oracle,unseeded,string,0,,,,,9.988333333333333,9.727666666666666,9.466999999999999,9.206333333333333,8.945666666666666,8.847533333333333,8.7494,8.651266666666666,8.553133333333333,8.455,8.306466666666667,8.157933333333334,8.0094,7.8608666666666664,7.7123333333333335,7.6508,7.589266666666667,7.527733333333333,7.4662,7.4046666666666665,7.148466666666667,6.892266666666666,6.636066666666666,6.379866666666667,6.123666666666666,6.021733333333333,5.9197999999999995,5.817866666666666,5.715933333333333,5.614,5.4008666666666665,5.187733333333333,4.9746,4.761466666666666,4.548333333333333,4.548333333333333,4.548333333333333,4.548333333333333,4.548333333333333,4.548333333333333,4.548333333333333,4.548333333333333,4.548333333333333,4.548333333333333,4.548333333333333,4.5386
36,oracle,unseeded,string,1,,,,,7.0889999999999995,6.7238,6.3586,5.993399999999999,5.6282,5.263,5.076066666666667,4.8891333333333336,4.7021999999999995,4.515266666666666,4.328333333333333,3.8889166666666664,3.4494999999999996,3.010083333333333,2.5706666666666664,2.5084999999999997,2.446333333333333,2.3841666666666663,2.3219999999999996,2.2558666666666665,2.1897333333333333,2.1235999999999997,2.0574666666666666,1.9913333333333334,1.9913333333333334,1.9913333333333334,1.9913333333333334,1.9913333333333334,1.9913333333333334,1.9913333333333334,1.9913333333333334,1.9913333333333334,1.9913333333333334,1.9913333333333334,1.9909333333333334,1.9905333333333335,1.9901333333333333,1.9897333333333334,1.9893333333333334,1.929,1.8686666666666667,1.8083333333333333,1.748,1.6876666666666666,1.5489333333333333,1.4102
37,oracle,unseeded,string,2,,,,,9.714,9.4238,9.1336,8.8434,8.5532,8.263,8.202133333333332,8.141266666666667,8.080400000000001,8.019533333333333,7.958666666666667,7.578866666666666,7.199066666666666,6.819266666666666,6.439466666666666,6.059666666666666,5.267399999999999,4.475133333333333,3.682866666666666,2.8905999999999996,2.098333333333333,1.9304666666666666,1.7626,1.5947333333333333,1.4268666666666667,1.2590000000000001,1.2072,1.1554,1.1036000000000001,1.0518,1.0,1.0,1.0,1.0,1.0,1.0,1.0,1.0,1.0,1.0,1.0,1.0,1.0,1.0,1.0,1.0
38,oracle,unseeded,string,3,,,,,12.219,12.219,12.219,12.219,12.219,12.219,12.102266666666667,11.985533333333333,11.8688,11.752066666666666,11.635333333333334,11.530866666666666,11.4264,11.321933333333334,11.217466666666667,11.113,10.987933333333332,10.862866666666667,10.7378,10.612733333333335,10.487666666666668,10.375933333333334,10.2642,10.152466666666667,10.040733333333334,9.929,9.9166,9.9042,9.8918,9.879399999999999,9.866999999999999,9.780066666666666,9.693133333333334,9.6062,9.519266666666667,9.432333333333334,8.958466666666666,8.4846,8.010733333333334,7.536866666666667,7.063,6.3652,5.6674,4.9696,4.271800000000001,3.5740000000000003
39,oracle,unseeded,string,4,,,,,8.822333333333333,8.762266666666667,8.7022,8.642133333333334,8.582066666666666,8.522,8.437733333333334,8.353466666666668,8.2692,8.184933333333333,8.100666666666667,7.899,7.697333333333334,7.495666666666667,7.2940000000000005,7.092333333333333,7.060666666666667,7.029,6.997333333333334,6.9656666666666665,6.934,6.916333333333333,6.898666666666666,6.881,6.863333333333333,6.845666666666666,6.650133333333333,6.454599999999999,6.259066666666666,6.063533333333333,5.867999999999999,5.6331999999999995,5.3984,5.1636,4.9288,4.694,4.258,3.822,3.3859999999999997,2.9499999999999997,2.514,2.4652,2.4164,2.3676,2.3188,2.27
40,oracle,unseeded,membrane,0,,,,,7.6290000000000004,7.219833333333334,6.810666666666667,6.4015,5.992333333333334,5.7081333333333335,5.423933333333333,5.139733333333334,4.855533333333334,4.5713333333333335,4.510933333333333,4.4505333333333335,4.390133333333333,4.329733333333333,4.269333333333333,4.065266666666666,3.8611999999999997,3.6571333333333333,3.4530666666666665,3.249,2.9830666666666668,2.7171333333333334,2.4512,2.1852666666666667,1.9193333333333333,1.8676,1.8158666666666665,1.764133333333333,1.7124,1.6606666666666665,1.5392666666666666,1.4178666666666666,1.2964666666666667,1.1750666666666667,1.0536666666666668,1.0536666666666668,1.0536666666666668,1.0536666666666668,1.0536666666666668,1.0536666666666668,1.0536666666666668,1.0536666666666668,1.0536666666666668,1.0536666666666668,1.0536666666666668,1.0536666666666668
41,oracle,unseeded,membrane,1,,,,,8.321333333333333,7.471333333333334,6.621333333333333,5.771333333333333,4.921333333333333,4.2985999999999995,3.675866666666667,3.0531333333333333,2.4304,1.8076666666666668,1.5876666666666668,1.3676666666666666,1.1476666666666666,0.9276666666666666,0.7076666666666668,0.7076666666666668,0.7076666666666668,0.7076666666666668,0.7076666666666668,0.7076666666666668,0.7076666666666668,0.7076666666666668,0.7076666666666668,0.7076666666666668,0.7076666666666668,0.7076666666666668,0.7076666666666668,0.7076666666666668,0.7076666666666668,0.7076666666666668,0.7076666666666668,0.7076666666666668,0.7076666666666668,0.7076666666666668,0.7076666666666668,0.7076666666666668,0.7076666666666668,0.7076666666666668,0.7076666666666668,0.7076666666666668,0.6652666666666668,0.6228666666666668,0.5804666666666667,0.5380666666666667,0.4956666666666667,0.4956666666666667
42,oracle,unseeded,membrane,2,,,,,5.9430000000000005,5.057533333333334,4.172066666666668,3.286600000000001,2.401133333333334,1.515666666666667,1.515666666666667,1.515666666666667,1.515666666666667,1.515666666666667,1.515666666666667,1.515666666666667,1.515666666666667,1.515666666666667,1.515666666666667,1.515666666666667,1.515666666666667,1.515666666666667,1.515666666666667,1.515666666666667,1.515666666666667,1.515666666666667,1.515666666666667,1.515666666666667,1.515666666666667,1.515666666666667,1.515666666666667,1.515666666666667,1.515666666666667,1.515666666666667,1.515666666666667,1.515666666666667,1.515666666666667,1.515666666666667,1.515666666666667,1.515666666666667,1.515666666666667,1.515666666666667,1.515666666666667,1.515666666666667,1.515666666666667,1.515666666666667,1.515666666666667,1.515666666666667,1.515666666666667,1.515666666666667
43,oracle,unseeded,membrane,3,,,,,9.196333333333333,9.196333333333333,9.196333333333333,9.196333333333333,9.196333333333333,9.196333333333333,7.776933333333334,6.3575333333333335,4.938133333333333,3.5187333333333335,2.0993333333333335,1.9678666666666669,1.8364000000000003,1.7049333333333334,1.5734666666666668,1.4420000000000002,1.397,1.352,1.307,1.262,1.2169999999999999,1.2169999999999999,1.2169999999999999,1.2169999999999999,1.2169999999999999,1.2169999999999999,1.2169999999999999,1.2169999999999999,1.2169999999999999,1.2169999999999999,1.2169999999999999,1.0812,0.9453999999999999,0.8095999999999999,0.6738,0.5379999999999999,0.5379999999999999,0.5379999999999999,0.5379999999999999,0.5379999999999999,0.5379999999999999,0.5379999999999999,0.5379999999999999,0.5379999999999999,0.5379999999999999,0.5379999999999999
44,oracle,unseeded,membrane,4,,,,,5.488333333333333,5.3184,5.148466666666667,4.978533333333333,4.8086,4.6386666666666665,4.048066666666666,3.4574666666666665,2.8668666666666667,2.2762666666666664,1.6856666666666664,1.6014666666666664,1.5172666666666665,1.4330666666666665,1.3488666666666664,1.2646666666666666,1.2209999999999999,1.1773333333333333,1.1336666666666666,1.09,1.0463333333333333,1.0463333333333333,1.0463333333333333,1.0463333333333333,1.0463333333333333,1.0463333333333333,1.0463333333333333,1.0463333333333333,1.0463333333333333,1.0463333333333333,1.0463333333333333,0.9742666666666666,0.9022,0.8301333333333333,0.7580666666666667,0.6859999999999999,0.6859999999999999,0.6859999999999999,0.6859999999999999,0.6859999999999999,0.6859999999999999,0.6859999999999999,0.6859999999999999,0.6859999999999999,0.6859999999999999,0.6859999999999999
45,oracle,unseeded,vesicle,0,,,,,6.516666666666667,6.189133333333333,5.8616,5.534066666666667,5.206533333333334,4.8790000000000004,4.583333333333334,4.2876666666666665,3.992,3.6963333333333335,3.4006666666666665,3.3497999999999997,3.2989333333333333,3.2480666666666664,3.1972,3.146333333333333,3.0855333333333332,3.0247333333333333,2.963933333333333,2.903133333333333,2.842333333333333,2.8093999999999997,2.7764666666666664,2.743533333333333,2.7106,2.6776666666666666,2.6776666666666666,2.6776666666666666,2.6776666666666666,2.6776666666666666,2.6290666666666667,2.5804666666666667,2.5318666666666667,2.4832666666666667,2.4346666666666668,2.429666666666667,2.424666666666667,2.4196666666666666,2.4146666666666667,2.409666666666667,2.409666666666667,2.409666666666667,2.409666666666667,2.409666666666667,2.409666666666667,2.409666666666667
46,oracle,unseeded,vesicle,1,,,,,9.397333333333334,8.502333333333334,7.607333333333334,6.7123333333333335,5.817333333333334,4.9223333333333334,4.332933333333333,3.7435333333333336,3.1541333333333332,2.5647333333333333,1.9753333333333334,1.8703333333333334,1.7653333333333334,1.6603333333333334,1.5553333333333332,1.4503333333333333,1.4503333333333333,1.4503333333333333,1.4503333333333333,1.4503333333333333,1.4503333333333333,1.3553333333333333,1.2603333333333333,1.1653333333333333,1.0703333333333334,0.9753333333333334,0.8838666666666667,0.7924,0.7009333333333333,0.6094666666666666,0.5179999999999999,0.5179999999999999,0.5179999999999999,0.5179999999999999,0.5179999999999999,0.5179999999999999,0.49213333333333326,0.4662666666666666,0.44039999999999996,0.4145333333333333,0.38866666666666666,0.38866666666666666,0.38866666666666666,0.38866666666666666,0.38866666666666666,0.38866666666666666
47,oracle,unseeded,vesicle,2,,,,,5.409,5.095933333333333,4.782866666666666,4.469799999999999,4.156733333333333,3.843666666666666,3.7560666666666664,3.6684666666666663,3.5808666666666666,3.4932666666666665,3.405666666666667,3.316466666666667,3.227266666666667,3.138066666666667,3.0488666666666666,2.9596666666666667,2.9596666666666667,2.9596666666666667,2.9596666666666667,2.9596666666666667,2.9596666666666667,2.9394666666666667,2.9192666666666667,2.8990666666666667,2.8788666666666667,2.8586666666666667,2.8586666666666667,2.8586666666666667,2.8586666666666667,2.8586666666666667,2.8586666666666667,2.8586666666666667,2.8586666666666667,2.8586666666666667,2.8586666666666667,2.8586666666666667,2.8586666666666667,2.8586666666666667,2.8586666666666667,2.8586666666666667,2.8558,2.852933333333333,2.8500666666666667,2.8472,2.844333333333333,2.739733333333333
48,oracle,unseeded,vesicle,3,,,,,6.0553333333333335,5.507533333333333,4.959733333333333,4.411933333333334,3.864133333333333,3.316333333333333,3.130533333333333,2.944733333333333,2.7589333333333332,2.5731333333333337,2.3873333333333338,2.3873333333333338,2.3873333333333338,2.3873333333333338,2.3873333333333338,2.3873333333333338,2.3469333333333338,2.3065333333333338,2.2661333333333338,2.225733333333334,2.185333333333334,2.0541333333333336,1.9229333333333336,1.7917333333333336,1.6605333333333334,1.5293333333333334,1.5293333333333334,1.5293333333333334,1.5293333333333334,1.5293333333333334,1.5293333333333334,1.5293333333333334,1.5293333333333334,1.5293333333333334,1.5293333333333334,1.5293333333333334,1.5009333333333335,1.4725333333333335,1.4441333333333333,1.4157333333333333,1.3873333333333333,1.3237333333333334,1.2601333333333333,1.1965333333333334,1.1329333333333333,1.0693333333333335
49,oracle,unseeded,vesicle,4,,,,,4.519333333333333,4.0172,3.5150666666666663,3.012933333333333,2.5107999999999997,2.0086666666666666,2.0086666666666666,2.0086666666666666,2.0086666666666666,2.0086666666666666,2.0086666666666666,2.0086666666666666,2.0086666666666666,2.0086666666666666,2.0086666666666666,2.0086666666666666,2.0086666666666666,2.0086666666666666,2.0086666666666666,2.0086666666666666,1.9912666666666667,1.9738666666666667,1.9564666666666668,1.9390666666666667,1.9216666666666669,1.7953333333333334,1.669,1.5426666666666669,1.4163333333333334,1.29,1.2495333333333334,1.2090666666666667,1.1685999999999999,1.1281333333333332,1.0876666666666666,1.0876666666666666,1.0876666666666666,1.0876666666666666,1.0876666666666666,1.0876666666666666,1.0876666666666666,1.0876666666666666,1.0876666666666666,1.0876666666666666,1.0876666666666666,1.0366666666666666
50,oracle,unseeded,wormlike micelle,0,,,,,7.657,7.2432,6.8294,6.4155999999999995,6.0018,5.588,5.505333333333334,5.422666666666667,5.34,5.257333333333333,5.174666666666667,4.811266666666667,4.447866666666667,4.084466666666667,3.7210666666666667,3.357666666666667,3.303733333333333,3.2498,3.1958666666666664,3.1419333333333332,3.0879999999999996,3.0879999999999996,3.0879999999999996,3.0879999999999996,3.0879999999999996,3.0879999999999996,3.009533333333333,2.9310666666666663,2.8526,2.774133333333333,2.6956666666666664,2.6956666666666664,2.6956666666666664,2.6956666666666664,2.6956666666666664,2.6956666666666664,2.6902666666666666,2.6848666666666667,2.6794666666666664,2.6740666666666666,2.6686666666666667,2.6686666666666667,2.6686666666666667,2.6686666666666667,2.6686666666666667,2.6686666666666667
51,oracle,unseeded,wormlike micelle,1,,,,,3.321,2.942066666666667,2.5631333333333335,2.1841999999999997,1.8052666666666666,1.4263333333333332,1.3054166666666667,1.1844999999999999,1.0635833333333333,0.9426666666666667,0.9321333333333334,0.9216,0.9110666666666667,0.9005333333333333,0.89,0.8834000000000001,0.8768,0.8702000000000001,0.8636,0.8570000000000001,0.8570000000000001,0.8570000000000001,0.8570000000000001,0.8570000000000001,0.8570000000000001,0.8570000000000001,0.8570000000000001,0.8570000000000001,0.8570000000000001,0.8570000000000001,0.8570000000000001,0.8570000000000001,0.8570000000000001,0.8570000000000001,0.8570000000000001,0.8570000000000001,0.8570000000000001,0.8570000000000001,0.8570000000000001,0.8570000000000001,0.8570000000000001,0.8570000000000001,0.8570000000000001,0.8570000000000001,0.8570000000000001,0.8294
52,oracle,unseeded,wormlike micelle,2,,,,,10.081333333333333,9.709,9.336666666666666,8.964333333333332,8.592,8.219666666666667,7.9623333333333335,7.705,7.447666666666666,7.190333333333332,7.190333333333332,7.190333333333332,7.190333333333332,7.190333333333332,7.190333333333332,7.071933333333333,6.953533333333333,6.835133333333333,6.716733333333333,6.598333333333334,6.539933333333334,6.481533333333334,6.423133333333333,6.364733333333334,6.306333333333334,6.296866666666667,6.287400000000001,6.277933333333333,6.268466666666667,6.259,5.960666666666667,5.662333333333334,5.364,5.065666666666667,4.767333333333333,4.2114666666666665,3.6556,3.099733333333334,2.543866666666667,1.9880000000000002,1.9862000000000002,1.9844000000000002,1.9826,1.9808,1.9789999999999999,1.8559999999999999
53,oracle,unseeded,wormlike micelle,3,,,,,10.602666666666666,10.2658,9.928933333333333,9.592066666666668,9.2552,8.918333333333335,8.542733333333334,8.167133333333334,7.791533333333334,7.415933333333333,7.040333333333333,6.8708,6.701266666666666,6.531733333333333,6.3622,6.192666666666667,6.0616,5.930533333333334,5.7994666666666665,5.6684,5.537333333333334,5.343866666666667,5.1504,4.956933333333334,4.763466666666667,4.57,4.5544,4.5388,4.5232,4.5076,4.492,4.474066666666666,4.456133333333334,4.4382,4.4202666666666675,4.402333333333334,4.3574,4.312466666666667,4.267533333333334,4.222600000000001,4.177666666666667,4.094133333333334,4.0106,3.9270666666666667,3.8435333333333337,3.7600000000000002
54,oracle,unseeded,wormlike micelle,4,,,,,8.502,8.502,8.502,8.502,8.502,8.502,8.104533333333334,7.707066666666667,7.3096000000000005,6.912133333333333,6.514666666666667,6.445333333333333,6.3759999999999994,6.306666666666667,6.237333333333333,6.237333333333333,6.237333333333333,6.237333333333333,6.237333333333333,6.237333333333333,6.237333333333333,6.237333333333333,6.237333333333333,6.237333333333333,6.237333333333333,6.237333333333333,6.237333333333333,6.237333333333333,6.237333333333333,6.227933333333333,6.218533333333332,6.209133333333333,6.199733333333333,6.190333333333332,6.190333333333332,6.190333333333332,6.190333333333332,6.190333333333332,6.190333333333332,6.142933333333333,6.095533333333333,6.0481333333333325,6.000733333333333,5.953333333333333,5.930866666666667,5.9084
55,oracle,unseeded,spherical micelle,0,,,,,5.045000000000001,4.796466666666667,4.547933333333334,4.2994,4.050866666666667,3.8023333333333333,3.759933333333333,3.7175333333333334,3.675133333333333,3.6327333333333334,3.590333333333333,3.590333333333333,3.590333333333333,3.590333333333333,3.590333333333333,3.590333333333333,3.5278,3.4652666666666665,3.4027333333333334,3.3402,3.2776666666666667,3.257,3.2363333333333335,3.2156666666666665,3.195,3.1743333333333332,3.1743333333333332,3.1743333333333332,3.1743333333333332,3.1743333333333332,3.1743333333333332,3.087266666666667,3.0002,2.9131333333333336,2.8260666666666667,2.7390000000000003,2.5199333333333334,2.300866666666667,2.0818,1.8627333333333331,1.6436666666666664,1.6436666666666664,1.6436666666666664,1.6436666666666664,1.6436666666666664,1.6436666666666664
56,oracle,unseeded,spherical micelle,1,,,,,5.519666666666667,4.928133333333333,4.3366,3.7450666666666668,3.1535333333333333,2.562,2.4623999999999997,2.3628,2.2632,2.1636,2.064,2.0075333333333334,1.9510666666666667,1.8946,1.8381333333333332,1.7816666666666665,1.7419333333333331,1.7022,1.6624666666666665,1.6227333333333334,1.583,1.5817333333333332,1.5804666666666665,1.5792,1.5779333333333332,1.5766666666666664,1.5599999999999998,1.5433333333333332,1.5266666666666666,1.51,1.4933333333333334,1.4933333333333334,1.4933333333333334,1.4933333333333334,1.4933333333333334,1.4933333333333334,1.4855333333333334,1.4777333333333333,1.4699333333333333,1.4621333333333333,1.4543333333333333,1.4543333333333333,1.4543333333333333,1.4543333333333333,1.4543333333333333,1.4543333333333333
57,oracle,unseeded,spherical micelle,2,,,,,7.448333333333333,7.1774,6.906466666666667,6.635533333333333,6.364599999999999,6.093666666666667,5.693,5.292333333333334,4.891666666666667,4.491,4.090333333333334,3.643266666666667,3.1962,2.749133333333333,2.3020666666666663,1.8549999999999998,1.7947999999999997,1.7346,1.6743999999999999,1.6142,1.554,1.549,1.544,1.539,1.534,1.529,1.529,1.529,1.529,1.529,1.529,1.529,1.529,1.529,1.529,1.529,1.529,1.529,1.529,1.529,1.529,1.5213999999999999,1.5137999999999998,1.5062,1.4986,1.4909999999999999
58,oracle,unseeded,spherical micelle,3,,,,,5.917333333333333,5.192066666666666,4.466799999999999,3.741533333333333,3.0162666666666667,2.2910000000000004,2.260466666666667,2.2299333333333333,2.1994000000000002,2.1688666666666667,2.138333333333333,2.104333333333333,2.070333333333333,2.0363333333333333,2.002333333333333,1.968333333333333,1.8075333333333332,1.6467333333333332,1.4859333333333333,1.3251333333333335,1.1643333333333334,1.1142666666666667,1.0642,1.0141333333333333,0.9640666666666667,0.914,0.89,0.866,0.8420000000000001,0.8180000000000001,0.794,0.7738,0.7536,0.7334,0.7132000000000001,0.6930000000000001,0.6930000000000001,0.6930000000000001,0.6930000000000001,0.6930000000000001,0.6930000000000001,0.6930000000000001,0.6930000000000001,0.6930000000000001,0.6930000000000001,0.6930000000000001
59,oracle,unseeded,spherical micelle,4,,,,,7.7203333333333335,7.5626,7.404866666666666,7.247133333333333,7.0893999999999995,6.931666666666666,6.923733333333333,6.9158,6.907866666666666,6.899933333333333,6.892,6.828200000000001,6.7644,6.7006000000000006,6.6368,6.573,6.1968000000000005,5.820600000000001,5.4444,5.0682,4.692,4.4682,4.2444,4.0206,3.7968,3.573,3.400333333333333,3.2276666666666665,3.0549999999999997,2.8823333333333334,2.7096666666666667,2.6912666666666665,2.6728666666666667,2.6544666666666665,2.636066666666667,2.6176666666666666,2.6176666666666666,2.6176666666666666,2.6176666666666666,2.6176666666666666,2.6176666666666666,2.614133333333333,2.6106,2.6070666666666664,2.603533333333333,2.5999999999999996
60,scientific,seeded,liquid,0,,,,,11.443999999999997,9.200999999999997,6.957999999999998,4.714999999999999,2.472,2.2279999999999998,1.984,1.74,1.496,1.252,1.1834666666666667,1.1149333333333333,1.0464,0.9778666666666666,0.9093333333333332,0.8615999999999999,0.8138666666666666,0.7661333333333333,0.7183999999999999,0.6706666666666666,0.6706666666666666,0.6706666666666666,0.6706666666666666,0.6706666666666666,0.6657333333333333,0.6607999999999999,0.6558666666666667,0.6509333333333334,0.646,0.6322666666666666,0.6185333333333334,0.6048,0.5910666666666667,0.5773333333333334,0.5773333333333334,0.5773333333333334,0.5773333333333334,0.5773333333333334,0.5773333333333334,0.5773333333333334,0.5773333333333334,0.5773333333333334,0.5773333333333334,0.5773333333333334,0.5773333333333334,0.5773333333333334
61,scientific,seeded,liquid,1,,,,,15.639666666666665,12.771799999999999,9.903933333333331,7.036066666666665,4.168199999999999,1.3003333333333333,1.2221333333333333,1.1439333333333332,1.0657333333333332,0.9875333333333333,0.9093333333333332,0.8468333333333333,0.7843333333333333,0.7218333333333333,0.6593333333333334,0.6352000000000001,0.6110666666666668,0.5869333333333334,0.5628000000000001,0.5386666666666667,0.5386666666666667,0.5386666666666667,0.5386666666666667,0.5386666666666667,0.5386666666666667,0.5386666666666667,0.5386666666666667,0.5386666666666667,0.5386666666666667,0.5386666666666667,0.5386666666666667,0.5386666666666667,0.5386666666666667,0.5386666666666667,0.5386666666666667,0.5386666666666667,0.5386666666666667,0.5386666666666667,0.5386666666666667,0.5386666666666667,0.5122666666666668,0.4858666666666667,0.45946666666666675,0.4330666666666667,0.40666666666666673,0.40666666666666673
62,scientific,seeded,liquid,2,,,,,7.6176666666666675,6.3542000000000005,5.090733333333334,3.8272666666666675,2.5638000000000005,1.3003333333333333,1.2582,1.2160666666666666,1.1739333333333333,1.1318000000000001,1.0896666666666668,0.9806666666666668,0.8716666666666667,0.7626666666666667,0.6536666666666666,0.5446666666666666,0.49739999999999995,0.45013333333333333,0.40286666666666665,0.3556,0.30833333333333335,0.30833333333333335,0.30833333333333335,0.30833333333333335,0.30833333333333335,0.30833333333333335,0.29086666666666666,0.27340000000000003,0.25593333333333335,0.23846666666666666,0.221,0.221,0.221,0.221,0.221,0.221,0.21993333333333334,0.21886666666666668,0.2178,0.21673333333333333,0.21566666666666667,0.21566666666666667,0.21566666666666667,0.21566666666666667,0.21566666666666667,0.21566666666666667
63,scientific,seeded,liquid,3,,,,,9.373666666666667,7.259333333333334,5.1450000000000005,3.030666666666667,0.9163333333333333,0.8649333333333333,0.8135333333333333,0.7621333333333333,0.7107333333333334,0.6593333333333334,0.6352000000000001,0.6110666666666668,0.5869333333333334,0.5628000000000001,0.5386666666666667,0.5386666666666667,0.5386666666666667,0.5386666666666667,0.5386666666666667,0.5386666666666667,0.5386666666666667,0.5386666666666667,0.5386666666666667,0.5386666666666667,0.5386666666666667,0.5157333333333334,0.4928,0.46986666666666665,0.44693333333333335,0.424,0.424,0.424,0.424,0.424,0.424,0.42206666666666665,0.4201333333333333,0.41819999999999996,0.4162666666666666,0.4143333333333333,0.4143333333333333,0.4143333333333333,0.4143333333333333,0.4143333333333333,0.4143333333333333,0.4143333333333333
64,scientific,seeded,liquid,4,,,,,9.472333333333333,7.9852,6.498066666666666,5.010933333333334,3.5238000000000005,2.0366666666666666,1.8247499999999999,1.6128333333333333,1.4009166666666668,1.189,1.1140666666666668,1.0391333333333332,0.9642,0.8892666666666666,0.8143333333333332,0.7604666666666666,0.7066,0.6527333333333334,0.5988666666666667,0.545,0.545,0.545,0.545,0.545,0.545,0.5081333333333333,0.4712666666666667,0.4344,0.39753333333333335,0.3606666666666667,0.3606666666666667,0.3606666666666667,0.3606666666666667,0.3606666666666667,0.3606666666666667,0.3606666666666667,0.3606666666666667,0.3606666666666667,0.3606666666666667,0.3606666666666667,0.3606666666666667,0.3606666666666667,0.3606666666666667,0.3606666666666667,0.3606666666666667,0.3606666666666667
65,scientific,seeded,string,0,,,,,6.743666666666667,5.6042000000000005,4.464733333333333,3.3252666666666664,2.1857999999999995,1.0463333333333333,0.8947333333333334,0.7431333333333333,0.5915333333333332,0.4399333333333333,0.28833333333333333,0.26826666666666665,0.2482,0.22813333333333335,0.20806666666666668,0.18800000000000003,0.18800000000000003,0.18800000000000003,0.18800000000000003,0.18800000000000003,0.18800000000000003,0.18800000000000003,0.18800000000000003,0.18800000000000003,0.18800000000000003,0.18800000000000003,0.18800000000000003,0.18800000000000003,0.18800000000000003,0.18800000000000003,0.18800000000000003,0.18800000000000003,0.18800000000000003,0.18800000000000003,0.18800000000000003,0.18800000000000003,0.18800000000000003,0.18800000000000003,0.18800000000000003,0.18800000000000003,0.18800000000000003,0.18800000000000003,0.18800000000000003,0.18800000000000003,0.18800000000000003,0.1766666666666667
66,scientific,seeded,string,1,,,,,3.669333333333333,3.144733333333333,2.6201333333333334,2.0955333333333335,1.5709333333333335,1.0463333333333333,0.8325833333333333,0.6188333333333333,0.40508333333333335,0.19133333333333336,0.19133333333333336,0.19133333333333336,0.19133333333333336,0.19133333333333336,0.19133333333333336,0.19066666666666668,0.19000000000000003,0.18933333333333335,0.1886666666666667,0.18800000000000003,0.18800000000000003,0.18800000000000003,0.18800000000000003,0.18800000000000003,0.18800000000000003,0.18800000000000003,0.18800000000000003,0.18800000000000003,0.18800000000000003,0.18800000000000003,0.18800000000000003,0.18800000000000003,0.18800000000000003,0.18800000000000003,0.18800000000000003,0.18800000000000003,0.18800000000000003,0.18800000000000003,0.18800000000000003,0.18800000000000003,0.18800000000000003,0.18800000000000003,0.18800000000000003,0.18800000000000003,0.18800000000000003,0.18800000000000003
67,scientific,seeded,string,2,,,,,7.3806666666666665,6.128533333333333,4.8764,3.6242666666666663,2.372133333333333,1.12,0.9571333333333334,0.7942666666666668,0.6314000000000002,0.46853333333333347,0.3056666666666667,0.3056666666666667,0.3056666666666667,0.3056666666666667,0.3056666666666667,0.3056666666666667,0.3035333333333334,0.3014,0.2992666666666667,0.2971333333333333,0.295,0.295,0.295,0.295,0.295,0.295,0.295,0.295,0.295,0.295,0.295,0.295,0.295,0.295,0.295,0.295,0.295,0.295,0.295,0.295,0.295,0.295,0.295,0.295,0.295,0.295
68,scientific,seeded,string,3,,,,,7.906999999999999,6.519333333333332,5.131666666666666,3.743999999999999,2.356333333333333,2.094333333333333,1.8323333333333331,1.5703333333333334,1.3083333333333333,1.0463333333333333,0.8947333333333334,0.7431333333333333,0.5915333333333332,0.4399333333333333,0.28833333333333333,0.26826666666666665,0.2482,0.22813333333333335,0.20806666666666668,0.18800000000000003,0.18800000000000003,0.18800000000000003,0.18800000000000003,0.18800000000000003,0.18800000000000003,0.18800000000000003,0.18800000000000003,0.18800000000000003,0.18800000000000003,0.18800000000000003,0.18106666666666668,0.17413333333333333,0.16720000000000002,0.16026666666666667,0.15333333333333332,0.15333333333333332,0.15333333333333332,0.15333333333333332,0.15333333333333332,0.15333333333333332,0.15333333333333332,0.15333333333333332,0.15333333333333332,0.15333333333333332,0.15333333333333332,0.15333333333333332
69,scientific,seeded,string,4,,,,,5.104333333333333,4.292733333333333,3.481133333333333,2.669533333333333,1.857933333333333,1.0463333333333333,0.8283333333333334,0.6103333333333334,0.3923333333333333,0.1743333333333333,0.1743333333333333,0.1743333333333333,0.1743333333333333,0.1743333333333333,0.1743333333333333,0.1743333333333333,0.1743333333333333,0.1743333333333333,0.1743333333333333,0.1743333333333333,0.1743333333333333,0.1743333333333333,0.1743333333333333,0.1743333333333333,0.1743333333333333,0.1743333333333333,0.1743333333333333,0.1743333333333333,0.1743333333333333,0.1743333333333333,0.1743333333333333,0.1743333333333333,0.1743333333333333,0.1743333333333333,0.1743333333333333,0.1743333333333333,0.1743333333333333,0.1743333333333333,0.1743333333333333,0.1743333333333333,0.1743333333333333,0.1743333333333333,0.1743333333333333,0.1743333333333333,0.1743333333333333,0.1743333333333333
70,scientific,seeded,membrane,0,,,,,7.82,7.002133333333333,6.184266666666667,5.3664,4.548533333333333,3.7306666666666666,3.134133333333333,2.5376,1.9410666666666665,1.3445333333333331,0.7479999999999999,0.7479999999999999,0.7479999999999999,0.7479999999999999,0.7479999999999999,0.7479999999999999,0.7479999999999999,0.7479999999999999,0.7479999999999999,0.7479999999999999,0.7479999999999999,0.7479999999999999,0.7479999999999999,0.7479999999999999,0.7479999999999999,0.7479999999999999,0.7479999999999999,0.7479999999999999,0.7479999999999999,0.7479999999999999,0.7193999999999999,0.6908,0.6621999999999999,0.6335999999999999,0.605,0.605,0.605,0.605,0.605,0.605,0.605,0.605,0.605,0.605,0.605,0.605
71,scientific,seeded,membrane,1,,,,,8.726666666666667,7.4814,6.236133333333333,4.990866666666667,3.7456000000000005,2.5003333333333333,2.2582,2.0160666666666667,1.7739333333333331,1.5317999999999998,1.2896666666666665,1.2896666666666665,1.2896666666666665,1.2896666666666665,1.2896666666666665,1.2885333333333333,1.2873999999999999,1.2862666666666667,1.2851333333333332,1.284,1.284,1.284,1.284,1.284,1.284,1.284,1.284,1.284,1.284,1.284,1.191,1.098,1.005,0.9119999999999999,0.819,0.8086,0.7982,0.7878,0.7774,0.767,0.767,0.767,0.767,0.767,0.767,0.7031333333333334
72,scientific,seeded,membrane,2,,,,,9.667333333333334,8.48,7.292666666666666,6.105333333333332,4.917999999999999,3.7306666666666666,3.44275,3.1548333333333334,2.8669166666666666,2.579,2.4292000000000002,2.2794000000000003,2.1296,1.9798,1.83,1.8088666666666666,1.7877333333333334,1.7666,1.7454666666666667,1.7243333333333333,1.6181333333333332,1.5119333333333334,1.4057333333333333,1.2995333333333332,1.1933333333333334,1.1922,1.1910666666666667,1.1899333333333333,1.1888,1.1876666666666666,1.1656666666666666,1.1436666666666666,1.1216666666666666,1.0996666666666666,1.0776666666666666,1.0697999999999999,1.0619333333333332,1.0540666666666667,1.0462,1.0383333333333333,1.0383333333333333,1.0383333333333333,1.0383333333333333,1.0383333333333333,1.0383333333333333,1.0383333333333333
73,scientific,seeded,membrane,3,,,,,10.298,8.984533333333333,7.6710666666666665,6.3576,5.044133333333333,3.7306666666666666,3.3109333333333333,2.8912,2.4714666666666667,2.0517333333333334,1.632,1.632,1.632,1.632,1.5519999999999998,1.472,1.392,1.3119999999999998,1.232,1.232,1.232,1.232,1.232,1.232,1.232,1.232,1.232,1.232,1.232,1.232,1.232,1.232,1.232,1.232,1.232,1.232,1.232,1.232,1.232,1.232,1.232,1.232,1.232,1.232,1.232,1.232
74,scientific,seeded,membrane,4,,,,,5.488333333333333,4.7401333333333335,3.991933333333333,3.243733333333333,2.495533333333333,1.747333333333333,1.5929166666666663,1.4385,1.2840833333333332,1.1296666666666666,1.1296666666666666,1.1296666666666666,1.1296666666666666,1.1296666666666666,1.1296666666666666,1.1296666666666666,1.1296666666666666,1.1296666666666666,1.1296666666666666,1.1296666666666666,1.1296666666666666,1.1296666666666666,1.1296666666666666,1.1296666666666666,1.1296666666666666,1.1296666666666666,1.1296666666666666,1.1296666666666666,1.1296666666666666,1.1296666666666666,1.0544666666666667,0.9792666666666666,0.9040666666666667,0.8288666666666666,0.7536666666666667,0.7443333333333334,0.735,0.7256666666666667,0.7163333333333333,0.707,0.64,0.573,0.506,0.43900000000000006,0.37200000000000005,0.37200000000000005
75,scientific,seeded,vesicle,0,,,,,6.516666666666667,5.499666666666667,4.8264000000000005,4.153133333333334,3.4798666666666667,2.8066,2.1333333333333333,2.1333333333333333,2.1333333333333333,2.1333333333333333,2.1333333333333333,1.9223333333333332,1.7113333333333334,1.5003333333333333,1.2893333333333334,1.0783333333333334,1.0406666666666666,1.0030000000000001,0.9653333333333334,0.9276666666666666,0.89,0.89,0.89,0.89,0.89,0.89,0.8415333333333334,0.7930666666666667,0.7446,0.6961333333333334,0.6476666666666667,0.6476666666666667,0.6476666666666667,0.6476666666666667,0.6476666666666667,0.6476666666666667,0.6466666666666667,0.6456666666666667,0.6446666666666666,0.6436666666666666,0.6426666666666666,0.6426666666666666,0.6426666666666666,0.6426666666666666,0.6426666666666666,0.6426666666666666
76,scientific,seeded,vesicle,1,,,,,10.893666666666666,8.979333333333333,7.999133333333333,7.018933333333333,6.038733333333333,5.058533333333333,4.078333333333333,3.687933333333333,3.297533333333333,2.9071333333333333,2.5167333333333333,2.126333333333333,1.8898666666666666,1.6534,1.4169333333333332,1.1804666666666666,0.944,0.944,0.944,0.944,0.944,0.944,0.9196,0.8952,0.8708,0.8464,0.8220000000000001,0.8220000000000001,0.8220000000000001,0.8220000000000001,0.8220000000000001,0.8220000000000001,0.8220000000000001,0.8220000000000001,0.8220000000000001,0.8220000000000001,0.8220000000000001,0.8220000000000001,0.8220000000000001,0.8220000000000001,0.8220000000000001,0.8220000000000001,0.8220000000000001,0.8220000000000001,0.8220000000000001,0.8220000000000001
77,scientific,seeded,vesicle,2,,,,,7.623,6.0953333333333335,5.6584666666666665,5.2216000000000005,4.7847333333333335,4.3478666666666665,3.911,3.5598666666666667,3.208733333333333,2.8575999999999997,2.5064666666666664,2.155333333333333,1.8639999999999999,1.5726666666666664,1.281333333333333,0.9899999999999998,0.6986666666666667,0.6986666666666667,0.6986666666666667,0.6986666666666667,0.6986666666666667,0.6986666666666667,0.6738,0.6489333333333334,0.6240666666666667,0.5992000000000001,0.5743333333333334,0.5743333333333334,0.5743333333333334,0.5743333333333334,0.5743333333333334,0.5743333333333334,0.541,0.5076666666666667,0.47433333333333333,0.44099999999999995,0.4076666666666666,0.3853333333333333,0.363,0.3406666666666667,0.3183333333333333,0.296,0.2955333333333333,0.29506666666666664,0.29460000000000003,0.29413333333333336
78,scientific,seeded,vesicle,3,,,,,7.689666666666667,6.544,5.481,4.417999999999999,3.3549999999999995,2.292,1.229,1.229,1.229,1.229,1.229,1.229,1.1036000000000001,0.9782000000000001,0.8528,0.7274,0.602,0.602,0.602,0.602,0.602,0.602,0.5562666666666667,0.5105333333333333,0.4648,0.4190666666666667,0.37333333333333335,0.37333333333333335,0.37333333333333335,0.37333333333333335,0.37333333333333335,0.37333333333333335,0.37333333333333335,0.37333333333333335,0.37333333333333335,0.37333333333333335,0.37333333333333335,0.3570666666666667,0.3408,0.32453333333333334,0.3082666666666667,0.292,0.292,0.292,0.292,0.292
79,scientific,seeded,vesicle,4,,,,,4.519333333333333,4.422,3.7749333333333333,3.1278666666666664,2.4807999999999995,1.833733333333333,1.1866666666666668,1.1498000000000002,1.1129333333333333,1.0760666666666667,1.0392,1.0023333333333333,1.0023333333333333,1.0023333333333333,1.0023333333333333,1.0023333333333333,1.0023333333333333,0.9687333333333333,0.9351333333333334,0.9015333333333333,0.8679333333333333,0.8343333333333334,0.8343333333333334,0.8343333333333334,0.8343333333333334,0.8343333333333334,0.8343333333333334,0.7858666666666667,0.7374,0.6889333333333334,0.6404666666666666,0.592,0.592,0.592,0.592,0.592,0.592,0.592,0.592,0.592,0.592,0.592,0.5588666666666666,0.5257333333333333,0.4926,0.45946666666666663
80,scientific,seeded,wormlike micelle,0,,,,,9.193333333333333,7.731333333333334,6.269333333333334,4.807333333333333,3.3453333333333335,1.8833333333333335,1.7905333333333335,1.6977333333333335,1.6049333333333333,1.5121333333333333,1.4193333333333333,1.4193333333333333,1.4193333333333333,1.4193333333333333,1.4193333333333333,1.4193333333333333,1.4193333333333333,1.4193333333333333,1.4193333333333333,1.4193333333333333,1.4193333333333333,1.4193333333333333,1.4193333333333333,1.4193333333333333,1.4193333333333333,1.4193333333333333,1.3338666666666668,1.2484,1.1629333333333334,1.0774666666666666,0.992,0.9174666666666667,0.8429333333333333,0.7684000000000001,0.6938666666666667,0.6193333333333334,0.6193333333333334,0.6193333333333334,0.6193333333333334,0.6193333333333334,0.6193333333333334,0.6193333333333334,0.6193333333333334,0.6193333333333334,0.6193333333333334,0.6193333333333334
81,scientific,seeded,wormlike micelle,1,,,,,3.321,2.778,2.2350000000000003,1.6920000000000002,1.149,0.606,0.606,0.606,0.606,0.606,0.606,0.6036666666666667,0.6013333333333333,0.599,0.5966666666666667,0.5966666666666667,0.5966666666666667,0.5966666666666667,0.5966666666666667,0.5966666666666667,0.5966666666666667,0.5966666666666667,0.5966666666666667,0.5966666666666667,0.5966666666666667,0.5966666666666667,0.5966666666666667,0.5966666666666667,0.5966666666666667,0.5966666666666667,0.5898,0.5829333333333333,0.5760666666666667,0.5692,0.5623333333333334,0.5308666666666667,0.4994,0.4679333333333333,0.43646666666666667,0.40499999999999997,0.38266666666666665,0.3603333333333333,0.33799999999999997,0.31566666666666665,0.2933333333333333,0.2887333333333333
82,scientific,seeded,wormlike micelle,2,,,,,11.299000000000001,9.415866666666668,7.532733333333334,5.6495999999999995,3.766466666666666,1.8833333333333335,1.7916,1.6998666666666669,1.6081333333333334,1.5164,1.4246666666666667,1.3381333333333334,1.2516,1.1650666666666667,1.0785333333333333,0.992,0.9879333333333333,0.9838666666666667,0.9798,0.9757333333333333,0.9716666666666667,0.9716666666666667,0.9716666666666667,0.9716666666666667,0.9716666666666667,0.9716666666666667,0.9166666666666666,0.8616666666666667,0.8066666666666666,0.7516666666666667,0.6966666666666667,0.5932666666666666,0.4898666666666667,0.3864666666666666,0.28306666666666663,0.17966666666666664,0.17966666666666664,0.17966666666666664,0.17966666666666664,0.17966666666666664,0.17966666666666664,0.17966666666666664,0.17966666666666664,0.17966666666666664,0.17966666666666664,0.17966666666666664
83,scientific,seeded,wormlike micelle,3,,,,,10.602666666666666,9.314133333333332,8.0256,6.737066666666667,5.448533333333334,4.16,3.754916666666667,3.3498333333333337,2.94475,2.5396666666666667,2.1977333333333333,1.8558000000000001,1.513866666666667,1.1719333333333335,0.8300000000000001,0.8300000000000001,0.8300000000000001,0.8300000000000001,0.8300000000000001,0.8300000000000001,0.8274,0.8248000000000001,0.8222,0.8196000000000001,0.8170000000000001,0.8170000000000001,0.8170000000000001,0.8170000000000001,0.8170000000000001,0.8170000000000001,0.7552000000000001,0.6934,0.6316,0.5698000000000001,0.508,0.508,0.508,0.508,0.508,0.508,0.508,0.508,0.508,0.508,0.508,0.508
84,scientific,seeded,wormlike micelle,4,,,,,9.659333333333334,8.506333333333334,7.353333333333334,6.200333333333335,5.047333333333334,3.8943333333333334,3.8943333333333334,3.8943333333333334,3.8943333333333334,3.8943333333333334,3.8943333333333334,3.236666666666667,2.5789999999999997,1.9213333333333331,1.2636666666666665,0.606,0.606,0.606,0.606,0.606,0.606,0.601,0.596,0.5910000000000001,0.5860000000000001,0.5810000000000001,0.5810000000000001,0.5810000000000001,0.5810000000000001,0.5810000000000001,0.5810000000000001,0.5269333333333334,0.4728666666666667,0.4188,0.36473333333333335,0.31066666666666665,0.31066666666666665,0.31066666666666665,0.31066666666666665,0.31066666666666665,0.31066666666666665,0.31066666666666665,0.31066666666666665,0.31066666666666665,0.31066666666666665,0.31066666666666665
85,scientific,seeded,spherical micelle,0,,,,,6.540666666666667,5.801066666666666,5.061466666666666,4.321866666666667,3.5822666666666665,2.8426666666666667,2.7285,2.614333333333333,2.5001666666666664,2.3859999999999997,2.177666666666666,1.9693333333333332,1.761,1.5526666666666666,1.3443333333333334,1.2686,1.1928666666666667,1.1171333333333333,1.0413999999999999,0.9656666666666666,0.9113999999999999,0.8571333333333333,0.8028666666666666,0.7485999999999999,0.6943333333333334,0.6824666666666667,0.6706,0.6587333333333334,0.6468666666666667,0.635,0.5975333333333334,0.5600666666666667,0.5226,0.4851333333333333,0.44766666666666666,0.42033333333333334,0.393,0.3656666666666667,0.3383333333333333,0.311,0.30133333333333334,0.2916666666666667,0.282,0.2723333333333333,0.26266666666666666,0.26266666666666666
86,scientific,seeded,spherical micelle,1,,,,,5.720666666666666,5.206066666666667,4.691466666666667,4.176866666666666,3.6622666666666666,3.1476666666666664,2.981333333333333,2.815,2.6486666666666663,2.482333333333333,2.316,2.316,2.316,2.316,2.316,2.2527333333333335,2.1894666666666667,2.1262,2.0629333333333335,1.999666666666667,1.9623333333333335,1.925,1.8876666666666668,1.8503333333333334,1.813,1.7449333333333332,1.6768666666666667,1.6088,1.5407333333333333,1.4726666666666668,1.3089333333333335,1.1452,0.9814666666666667,0.8177333333333334,0.654,0.6016666666666667,0.5493333333333333,0.49700000000000005,0.4446666666666667,0.39233333333333337,0.36846666666666666,0.3446,0.3207333333333333,0.2968666666666666,0.27299999999999996,0.27299999999999996
87,scientific,seeded,spherical micelle,2,,,,,7.448333333333333,6.5272,5.606066666666667,4.684933333333333,3.7638000000000003,2.8426666666666667,2.7285,2.614333333333333,2.5001666666666664,2.3859999999999997,2.329533333333333,2.2730666666666663,2.2166,2.1601333333333335,2.103666666666667,1.8798666666666668,1.6560666666666668,1.4322666666666666,1.2084666666666666,0.9846666666666667,0.9004,0.8161333333333334,0.7318666666666667,0.6476,0.5633333333333334,0.511,0.45866666666666667,0.4063333333333334,0.35400000000000004,0.3016666666666667,0.3016666666666667,0.3016666666666667,0.3016666666666667,0.3016666666666667,0.3016666666666667,0.3016666666666667,0.3016666666666667,0.3016666666666667,0.3016666666666667,0.3016666666666667,0.3016666666666667,0.3016666666666667,0.3016666666666667,0.3016666666666667,0.3016666666666667,0.3016666666666667
88,scientific,seeded,spherical micelle,3,,,,,5.917333333333333,5.269266666666666,4.6212,3.973133333333333,3.3250666666666664,2.677,2.5514666666666668,2.4259333333333335,2.3004,2.1748666666666665,2.0493333333333332,2.0493333333333332,2.0493333333333332,2.0493333333333332,2.0493333333333332,2.0493333333333332,2.0493333333333332,2.0493333333333332,2.0493333333333332,2.0493333333333332,2.0493333333333332,1.9632666666666665,1.8772,1.7911333333333332,1.7050666666666667,1.619,1.5934666666666666,1.5679333333333334,1.5424,1.5168666666666668,1.4913333333333334,1.4032,1.3150666666666666,1.2269333333333332,1.1388,1.0506666666666666,1.0506666666666666,1.0506666666666666,1.0506666666666666,1.0506666666666666,1.0506666666666666,1.0202,0.9897333333333334,0.9592666666666667,0.9288,0.8983333333333333
89,scientific,seeded,spherical micelle,4,,,,,9.670333333333332,8.070333333333332,6.470333333333333,4.870333333333333,3.2703333333333333,2.8212,2.3720666666666665,1.9229333333333334,1.4738,1.0246666666666666,0.9543333333333333,0.884,0.8136666666666666,0.7433333333333334,0.673,0.673,0.673,0.673,0.673,0.673,0.6371333333333333,0.6012666666666667,0.5654,0.5295333333333334,0.4936666666666667,0.47080000000000005,0.44793333333333335,0.4250666666666667,0.4022,0.37933333333333336,0.37433333333333335,0.36933333333333335,0.3643333333333334,0.3593333333333334,0.3543333333333334,0.3543333333333334,0.3543333333333334,0.3543333333333334,0.3543333333333334,0.3543333333333334,0.3543333333333334,0.3543333333333334,0.3543333333333334,0.3543333333333334,0.3543333333333334,0.3543333333333334
90,scientific,unseeded,liquid,0,,,,,11.443999999999997,11.07093333333333,10.697866666666664,10.324799999999998,9.951733333333332,9.578666666666665,9.275533333333332,8.972399999999999,8.669266666666667,8.366133333333334,8.063,7.861733333333334,7.660466666666667,7.459200000000001,7.257933333333334,7.0566666666666675,6.990133333333334,6.9236,6.857066666666667,6.790533333333333,6.724,6.724,6.724,6.724,6.724,6.724,6.661133333333334,6.5982666666666665,6.5354,6.472533333333333,6.409666666666666,6.3378,6.265933333333333,6.194066666666667,6.1222,6.050333333333334,6.050333333333334,6.050333333333334,6.050333333333334,6.050333333333334,6.050333333333334,5.999066666666667,5.9478,5.896533333333333,5.845266666666666,5.794
91,scientific,unseeded,liquid,1,,,,,12.865666666666664,12.65173333333333,12.437799999999998,12.223866666666666,12.009933333333333,11.796,11.781533333333332,11.767066666666667,11.7526,11.738133333333334,11.723666666666666,11.723666666666666,11.723666666666666,11.723666666666666,11.723666666666666,11.723666666666666,11.504866666666667,11.286066666666667,11.067266666666667,10.848466666666667,10.629666666666667,10.629666666666667,10.629666666666667,10.629666666666667,10.629666666666667,10.629666666666667,10.214533333333334,9.7994,9.384266666666667,8.969133333333334,8.554,8.356733333333334,8.159466666666667,7.9622,7.7649333333333335,7.567666666666667,7.283266666666667,6.998866666666667,6.714466666666667,6.430066666666667,6.145666666666667,5.745866666666667,5.346066666666667,4.946266666666667,4.546466666666667,4.146666666666667
92,scientific,unseeded,liquid,2,,,,,7.6176666666666675,6.429400000000001,5.241133333333334,4.052866666666667,2.8646000000000003,1.6763333333333332,1.6763333333333332,1.6763333333333332,1.6763333333333332,1.6763333333333332,1.6169333333333333,1.5575333333333332,1.4981333333333333,1.4387333333333332,1.3793333333333333,1.3082666666666667,1.2372,1.1661333333333332,1.0950666666666666,1.024,0.9990666666666667,0.9741333333333333,0.9492,0.9242666666666667,0.8993333333333333,0.8846666666666666,0.87,0.8553333333333333,0.8406666666666667,0.826,0.826,0.826,0.826,0.826,0.826,0.8038,0.7816,0.7593999999999999,0.7371999999999999,0.7149999999999999,0.7149999999999999,0.7149999999999999,0.7149999999999999,0.7149999999999999,0.7149999999999999,0.7149999999999999
93,scientific,unseeded,liquid,3,,,,,8.752333333333333,8.2804,7.808466666666666,7.336533333333334,6.8646,6.392666666666667,6.392666666666667,6.392666666666667,6.392666666666667,6.392666666666667,6.392666666666667,6.392666666666667,6.392666666666667,6.392666666666667,6.392666666666667,6.392666666666667,6.392666666666667,6.392666666666667,6.392666666666667,6.392666666666667,6.392666666666667,6.392666666666667,6.392666666666667,6.392666666666667,6.392666666666667,6.392666666666667,6.3006,6.2085333333333335,6.116466666666667,6.0244,5.932333333333333,5.5342666666666664,5.1362,4.738133333333334,4.340066666666667,3.942,3.5439166666666666,3.145833333333333,2.74775,2.3496666666666663,2.0591999999999997,1.7687333333333333,1.4782666666666668,1.1878000000000002,0.8973333333333334,0.7846000000000001
94,scientific,unseeded,liquid,4,,,,,9.075666666666667,9.075666666666667,9.075666666666667,9.075666666666667,9.075666666666667,9.075666666666667,8.318999999999999,7.562333333333333,6.805666666666666,6.0489999999999995,5.516066666666666,4.983133333333333,4.450200000000001,3.917266666666667,3.3843333333333336,2.960866666666667,2.5374,2.113933333333333,1.6904666666666666,1.2670000000000001,1.2182000000000002,1.1694,1.1206,1.0717999999999999,1.023,0.9932666666666666,0.9635333333333334,0.9338,0.9040666666666667,0.8743333333333334,0.8743333333333334,0.8743333333333334,0.8743333333333334,0.8743333333333334,0.8743333333333334,0.8674666666666667,0.8606,0.8537333333333333,0.8468666666666667,0.84,0.84,0.84,0.84,0.84,0.84,0.7984
95,scientific,unseeded,string,0,,,,,9.988333333333333,9.773916666666667,9.5595,9.345083333333333,9.130666666666666,9.1014,9.072133333333333,9.042866666666667,9.0136,8.984333333333334,8.984333333333334,8.984333333333334,8.984333333333334,8.984333333333334,8.984333333333334,8.871866666666667,8.7594,8.646933333333333,8.534466666666665,8.421999999999999,8.421999999999999,8.421999999999999,8.421999999999999,8.421999999999999,8.421999999999999,8.370199999999999,8.318399999999999,8.2666,8.2148,8.163,7.986400000000001,7.809800000000001,7.6332,7.456600000000001,7.280000000000001,7.180200000000001,7.080400000000001,6.9806,6.8808,6.781,6.771199999999999,6.7614,6.7516,6.7418000000000005,6.732,6.712400000000001
96,scientific,unseeded,string,1,,,,,7.0889999999999995,6.912066666666666,6.735133333333333,6.558199999999999,6.381266666666667,6.2043333333333335,6.2030666666666665,6.2018,6.2005333333333335,6.199266666666667,6.198,6.198,6.198,6.198,6.198,6.198,6.183533333333334,6.169066666666667,6.1546,6.140133333333333,6.125666666666667,6.125666666666667,6.125666666666667,6.125666666666667,6.125666666666667,6.125666666666667,6.125666666666667,6.125666666666667,6.125666666666667,6.125666666666667,6.125666666666667,6.125666666666667,6.125666666666667,6.125666666666667,6.125666666666667,6.125666666666667,6.125666666666667,6.125666666666667,6.125666666666667,6.125666666666667,6.125666666666667,6.125666666666667,6.125666666666667,6.125666666666667,6.125666666666667,6.125666666666667
97,scientific,unseeded,string,2,,,,,9.714,9.288400000000001,8.8628,8.4372,8.011600000000001,7.586000000000001,7.545933333333334,7.505866666666667,7.465800000000001,7.4257333333333335,7.385666666666666,7.385666666666666,7.385666666666666,7.385666666666666,7.385666666666666,7.385666666666666,7.1544,6.923133333333333,6.691866666666666,6.4605999999999995,6.229333333333333,5.457333333333333,4.685333333333333,3.913333333333333,3.1413333333333333,2.3693333333333335,2.0884666666666667,1.8076,1.5267333333333335,1.2458666666666667,0.965,0.9292666666666667,0.8935333333333333,0.8578,0.8220666666666667,0.7863333333333333,0.7614666666666666,0.7365999999999999,0.7117333333333333,0.6868666666666666,0.6619999999999999,0.6619999999999999,0.6619999999999999,0.6619999999999999,0.6619999999999999,0.6619999999999999
98,scientific,unseeded,string,3,,,,,12.219,12.067866666666665,11.916733333333333,11.7656,11.614466666666667,11.463333333333333,10.475866666666667,9.4884,8.500933333333332,7.513466666666667,6.526000000000001,6.215866666666667,5.905733333333334,5.5956,5.285466666666666,4.975333333333333,4.863133333333334,4.750933333333333,4.638733333333334,4.526533333333333,4.414333333333333,4.361466666666667,4.3086,4.255733333333333,4.202866666666666,4.1499999999999995,4.023,3.896,3.769,3.642,3.515,3.2594000000000003,3.0038,2.7482,2.4926000000000004,2.237,2.0608,1.8846,1.7084,1.5322,1.3559999999999999,1.3484666666666665,1.3409333333333333,1.3334,1.3258666666666667,1.3183333333333334
99,scientific,unseeded,string,4,,,,,8.822333333333333,8.625266666666667,8.4282,8.231133333333332,8.034066666666666,7.837,7.6436,7.4502,7.2568,7.0634,6.87,6.87,6.87,6.87,6.87,6.87,6.87,6.87,6.87,6.87,6.87,6.2572,5.6444,5.031599999999999,4.418799999999999,3.8059999999999996,3.2842,2.7623999999999995,2.2405999999999997,1.7187999999999999,1.197,1.0894666666666668,0.9819333333333334,0.8744000000000001,0.7668666666666668,0.6593333333333334,0.6264000000000001,0.5934666666666667,0.5605333333333333,0.5276000000000001,0.49466666666666664,0.46926666666666667,0.4438666666666667,0.4184666666666667,0.39306666666666673,0.36766666666666675
100,scientific,unseeded,membrane,0,,,,,7.6290000000000004,7.219833333333334,6.810666666666667,6.4015,5.992333333333334,5.9036,5.814866666666667,5.726133333333333,5.6374,5.548666666666667,5.512933333333334,5.4772,5.441466666666667,5.405733333333333,5.37,5.224466666666666,5.0789333333333335,4.9334,4.787866666666667,4.642333333333333,4.592533333333333,4.5427333333333335,4.492933333333333,4.443133333333334,4.3933333333333335,4.075266666666667,3.7572,3.439133333333333,3.121066666666666,2.8029999999999995,2.4536,2.1041999999999996,1.7548,1.4054,1.056,1.056,1.056,1.056,1.056,1.056,1.056,1.056,1.056,1.056,1.056,0.9794
101,scientific,unseeded,membrane,1,,,,,8.321333333333333,8.298733333333333,8.276133333333334,8.253533333333333,8.230933333333335,8.208333333333334,8.160533333333333,8.112733333333335,8.064933333333334,8.017133333333334,7.969333333333334,7.624733333333334,7.280133333333334,6.935533333333334,6.590933333333334,6.246333333333333,5.907333333333333,5.568333333333333,5.229333333333333,4.8903333333333325,4.551333333333333,4.381866666666666,4.2124,4.042933333333333,3.873466666666667,3.704,3.704,3.704,3.704,3.704,3.704,3.584,3.464,3.344,3.2239999999999998,3.1039999999999996,2.941933333333333,2.7798666666666665,2.6178,2.4557333333333333,2.2936666666666667,2.2936666666666667,2.2936666666666667,2.2936666666666667,2.2936666666666667,2.2936666666666667
102,scientific,unseeded,membrane,2,,,,,5.9430000000000005,5.093933333333334,4.244866666666667,3.3958000000000004,2.5467333333333335,1.6976666666666667,1.6521666666666668,1.606666666666667,1.5611666666666668,1.515666666666667,1.515666666666667,1.515666666666667,1.515666666666667,1.515666666666667,1.515666666666667,1.4988000000000001,1.4819333333333333,1.4650666666666667,1.4482,1.4313333333333331,1.4313333333333331,1.4313333333333331,1.4313333333333331,1.4313333333333331,1.4313333333333331,1.4167999999999998,1.4022666666666666,1.3877333333333335,1.3732000000000002,1.358666666666667,1.358666666666667,1.358666666666667,1.358666666666667,1.358666666666667,1.358666666666667,1.3489333333333335,1.3392000000000002,1.3294666666666666,1.3197333333333332,1.3099999999999998,1.3099999999999998,1.3099999999999998,1.3099999999999998,1.3099999999999998,1.3099999999999998,1.3099999999999998
103,scientific,unseeded,membrane,3,,,,,9.196333333333333,9.145333333333333,9.094333333333333,9.043333333333333,8.992333333333333,8.941333333333333,8.904333333333332,8.867333333333333,8.830333333333332,8.793333333333333,8.756333333333332,8.756333333333332,8.756333333333332,8.756333333333332,8.756333333333332,8.756333333333332,8.547733333333333,8.339133333333333,8.130533333333332,7.9219333333333335,7.713333333333334,7.646800000000001,7.580266666666668,7.513733333333334,7.4472000000000005,7.380666666666667,7.380666666666667,7.380666666666667,7.380666666666667,7.380666666666667,7.380666666666667,7.236800000000001,7.092933333333334,6.949066666666668,6.805200000000001,6.661333333333334,6.515200000000001,6.369066666666668,6.222933333333334,6.0768,5.930666666666667,5.557666666666667,5.184666666666667,4.811666666666667,4.438666666666667,4.065666666666667
104,scientific,unseeded,membrane,4,,,,,5.488333333333333,5.349333333333333,5.210333333333333,5.0713333333333335,4.932333333333333,4.793333333333333,4.711133333333333,4.6289333333333325,4.546733333333333,4.464533333333333,4.3823333333333325,4.3823333333333325,4.3823333333333325,4.3823333333333325,4.3823333333333325,4.3823333333333325,4.296199999999999,4.210066666666666,4.1239333333333335,4.0378,3.9516666666666667,3.912333333333333,3.8729999999999998,3.8336666666666663,3.794333333333333,3.7549999999999994,3.7549999999999994,3.7549999999999994,3.7549999999999994,3.7549999999999994,3.7549999999999994,3.7549999999999994,3.7549999999999994,3.7549999999999994,3.7549999999999994,3.7549999999999994,3.731866666666666,3.708733333333333,3.6855999999999995,3.6624666666666665,3.639333333333333,3.6330666666666667,3.6268,3.6205333333333334,3.6142666666666665,3.608
105,scientific,unseeded,vesicle,0,,,,,6.516666666666667,6.137466666666667,5.758266666666667,5.379066666666667,4.999866666666668,4.620666666666668,4.620666666666668,4.620666666666668,4.620666666666668,4.620666666666668,4.620666666666668,4.615583333333334,4.6105,4.605416666666667,4.600333333333333,4.4064,4.212466666666667,4.018533333333333,3.8245999999999998,3.6306666666666665,3.4881333333333333,3.3455999999999997,3.2030666666666665,3.060533333333333,2.9179999999999997,2.7758666666666665,2.6337333333333333,2.4916,2.3494666666666664,2.207333333333333,2.207333333333333,2.207333333333333,2.207333333333333,2.207333333333333,2.207333333333333,2.1255333333333333,2.043733333333333,1.961933333333333,1.8801333333333332,1.7983333333333331,1.7983333333333331,1.7983333333333331,1.7983333333333331,1.7983333333333331,1.7983333333333331,1.7792
106,scientific,unseeded,vesicle,1,,,,,9.397333333333334,9.397333333333334,9.397333333333334,9.397333333333334,9.397333333333334,9.397333333333334,9.271533333333334,9.145733333333334,9.019933333333332,8.894133333333333,8.768333333333333,7.949866666666666,7.131399999999999,6.312933333333333,5.494466666666666,4.675999999999999,4.124866666666666,3.573733333333333,3.0225999999999997,2.4714666666666667,1.9203333333333334,1.8242,1.7280666666666666,1.6319333333333335,1.5358,1.4396666666666667,1.4103333333333334,1.381,1.3516666666666668,1.3223333333333334,1.2930000000000001,1.2930000000000001,1.2930000000000001,1.2930000000000001,1.2930000000000001,1.2930000000000001,1.2930000000000001,1.2930000000000001,1.2930000000000001,1.2930000000000001,1.2930000000000001,1.2930000000000001,1.2930000000000001,1.2930000000000001,1.2930000000000001,1.2930000000000001
107,scientific,unseeded,vesicle,2,,,,,5.409,5.234133333333333,5.059266666666667,4.8844,4.709533333333334,4.534666666666667,4.2620000000000005,3.9893333333333336,3.7166666666666672,3.4440000000000004,3.1713333333333336,3.0764666666666667,2.9816,2.886733333333333,2.7918666666666665,2.6969999999999996,2.6969999999999996,2.6969999999999996,2.6969999999999996,2.6969999999999996,2.6969999999999996,2.6293999999999995,2.5618,2.4941999999999998,2.4266,2.359,2.244666666666667,2.130333333333333,2.016,1.9016666666666668,1.7873333333333334,1.7328666666666668,1.6784000000000001,1.6239333333333335,1.5694666666666666,1.515,1.4215333333333333,1.3280666666666665,1.2346,1.1411333333333333,1.0476666666666665,1.0351666666666666,1.0226666666666666,1.0101666666666667,0.9976666666666668,0.9309166666666668
108,scientific,unseeded,vesicle,3,,,,,6.0553333333333335,5.484,4.9126666666666665,4.341333333333333,3.77,3.1986666666666665,3.1126666666666667,3.026666666666667,2.940666666666667,2.8546666666666667,2.768666666666667,2.768666666666667,2.768666666666667,2.768666666666667,2.768666666666667,2.768666666666667,2.768666666666667,2.768666666666667,2.768666666666667,2.768666666666667,2.768666666666667,2.6893333333333334,2.61,2.530666666666667,2.4513333333333334,2.372,2.3057333333333334,2.2394666666666665,2.1732,2.106933333333333,2.0406666666666666,1.9925333333333333,1.9444,1.8962666666666665,1.8481333333333334,1.8,1.7602666666666666,1.7205333333333335,1.6808,1.641066666666667,1.6013333333333335,1.6013333333333335,1.6013333333333335,1.6013333333333335,1.6013333333333335,1.6013333333333335
109,scientific,unseeded,vesicle,4,,,,,4.519333333333333,4.519333333333333,4.519333333333333,4.519333333333333,4.519333333333333,4.519333333333333,4.0322499999999994,3.545166666666667,3.0580833333333333,2.571,2.4934000000000003,2.4158,2.3382,2.2605999999999997,2.183,2.148133333333333,2.1132666666666666,2.0784,2.0435333333333334,2.0086666666666666,1.9444666666666666,1.8802666666666668,1.8160666666666667,1.751866666666667,1.6876666666666669,1.5185333333333335,1.3494000000000002,1.1802666666666668,1.0111333333333334,0.842,0.842,0.842,0.842,0.842,0.842,0.8111333333333333,0.7802666666666666,0.7493999999999998,0.7185333333333332,0.6876666666666665,0.6799333333333332,0.6721999999999999,0.6644666666666665,0.6567333333333333,0.6489999999999999,0.6489999999999999
110,scientific,unseeded,wormlike micelle,0,,,,,7.657,7.367,7.077,6.787000000000001,6.497000000000001,6.207000000000001,6.031933333333334,5.856866666666667,5.681800000000001,5.506733333333334,5.331666666666667,5.039333333333333,4.747,4.454666666666666,4.162333333333333,3.8699999999999997,3.8699999999999997,3.8699999999999997,3.8699999999999997,3.8699999999999997,3.8699999999999997,3.8156,3.7612,3.7068,3.6524,3.5980000000000003,3.475733333333334,3.353466666666667,3.2312000000000003,3.1089333333333333,2.986666666666667,2.986666666666667,2.986666666666667,2.986666666666667,2.986666666666667,2.986666666666667,2.9790666666666668,2.9714666666666667,2.9638666666666666,2.9562666666666666,2.9486666666666665,2.9486666666666665,2.9486666666666665,2.9486666666666665,2.9486666666666665,2.9486666666666665
111,scientific,unseeded,wormlike micelle,1,,,,,3.321,2.9798333333333336,2.6386666666666665,2.2975,1.9563333333333333,1.9563333333333333,1.9563333333333333,1.9563333333333333,1.9563333333333333,1.9563333333333333,1.8954166666666665,1.8344999999999998,1.7735833333333333,1.7126666666666666,1.7126666666666666,1.7126666666666666,1.7126666666666666,1.7126666666666666,1.7126666666666666,1.7126666666666666,1.7126666666666666,1.7126666666666666,1.7126666666666666,1.7126666666666666,1.6819333333333333,1.6512,1.6204666666666665,1.5897333333333332,1.559,1.559,1.559,1.559,1.559,1.559,1.559,1.559,1.559,1.559,1.559,1.559,1.559,1.559,1.559,1.559,1.559,1.559
112,scientific,unseeded,wormlike micelle,2,,,,,10.081333333333333,9.490933333333333,8.900533333333334,8.310133333333333,7.719733333333332,7.129333333333332,6.792083333333332,6.454833333333333,6.117583333333334,5.780333333333334,5.753533333333334,5.726733333333334,5.699933333333334,5.673133333333333,5.646333333333334,5.646333333333334,5.646333333333334,5.646333333333334,5.646333333333334,5.646333333333334,5.377866666666667,5.1094,4.840933333333333,4.572466666666666,4.303999999999999,4.303999999999999,4.303999999999999,4.303999999999999,4.303999999999999,4.303999999999999,4.296333333333333,4.288666666666667,4.281,4.273333333333333,4.265666666666667,4.265666666666667,4.265666666666667,4.265666666666667,4.265666666666667,4.265666666666667,4.231800000000001,4.197933333333334,4.164066666666667,4.1302,4.096333333333334,4.046733333333334
113,scientific,unseeded,wormlike micelle,3,,,,,10.602666666666666,9.402733333333334,8.2028,7.002866666666667,5.802933333333334,4.603000000000001,4.196000000000001,3.7890000000000006,3.382,2.975,2.568,2.5307333333333335,2.4934666666666665,2.4562,2.418933333333333,2.3816666666666664,2.3586666666666662,2.3356666666666666,2.312666666666667,2.2896666666666667,2.2323333333333335,2.1750000000000003,2.1176666666666666,2.0603333333333333,2.003,1.9714666666666667,1.9399333333333333,1.9084,1.8768666666666667,1.8453333333333333,1.7667333333333333,1.6881333333333333,1.6095333333333333,1.5309333333333335,1.4523333333333335,1.4062666666666668,1.3602,1.3141333333333334,1.2680666666666665,1.2219999999999998,1.1978666666666664,1.173733333333333,1.1495999999999997,1.1254666666666664,1.101333333333333,1.0901999999999998
114,scientific,unseeded,wormlike micelle,4,,,,,8.502,8.502,8.502,8.502,8.502,8.502,8.412266666666667,8.322533333333334,8.2328,8.143066666666666,8.053333333333333,7.850666666666666,7.648,7.445333333333332,7.242666666666666,7.039999999999999,6.848533333333332,6.657066666666665,6.4655999999999985,6.2741333333333325,6.0826666666666656,5.893066666666666,5.7034666666666665,5.513866666666667,5.3242666666666665,5.134666666666667,5.058133333333333,4.9816,4.9050666666666665,4.828533333333334,4.752,4.752,4.752,4.752,4.752,4.752,4.752,4.752,4.752,4.752,4.752,4.717,4.6819999999999995,4.647,4.612,4.577
115,scientific,unseeded,spherical micelle,0,,,,,5.045000000000001,4.870066666666667,4.695133333333334,4.5202,4.345266666666666,4.170333333333333,4.170333333333333,4.170333333333333,4.170333333333333,4.170333333333333,4.170333333333333,4.1024666666666665,4.034599999999999,3.966733333333333,3.8988666666666663,3.8309999999999995,3.8309999999999995,3.8309999999999995,3.8309999999999995,3.8309999999999995,3.8309999999999995,3.8309999999999995,3.8309999999999995,3.8309999999999995,3.8309999999999995,3.8309999999999995,3.8309999999999995,3.8309999999999995,3.8309999999999995,3.8309999999999995,3.8309999999999995,3.8309999999999995,3.8309999999999995,3.8309999999999995,3.8309999999999995,3.8309999999999995,3.8309999999999995,3.8309999999999995,3.8309999999999995,3.8309999999999995,3.8309999999999995,3.8309999999999995,3.8309999999999995,3.8309999999999995,3.8309999999999995,3.8309999999999995
116,scientific,unseeded,spherical micelle,1,,,,,7.7203333333333335,7.6338,7.547266666666666,7.460733333333334,7.3742,7.2876666666666665,7.212866666666667,7.138066666666667,7.063266666666666,6.988466666666667,6.913666666666667,6.750133333333333,6.5866,6.423066666666667,6.259533333333334,6.096,5.794266666666667,5.492533333333333,5.1908,4.8890666666666664,4.5873333333333335,4.344333333333333,4.101333333333334,3.8583333333333334,3.6153333333333335,3.3723333333333336,3.1673333333333336,2.9623333333333335,2.7573333333333334,2.552333333333334,2.3473333333333337,2.2368000000000006,2.126266666666667,2.0157333333333334,1.9052000000000002,1.7946666666666669,1.7365333333333335,1.6784000000000001,1.6202666666666667,1.5621333333333336,1.5040000000000002,1.5040000000000002,1.5040000000000002,1.5040000000000002,1.5040000000000002,1.5040000000000002
117,scientific,unseeded,spherical micelle,2,,,,,5.519666666666667,5.1738,4.827933333333333,4.482066666666666,4.1362,3.790333333333333,3.76,3.7296666666666667,3.699333333333333,3.669,3.638666666666667,3.3337333333333334,3.0288000000000004,2.723866666666667,2.4189333333333334,2.1140000000000003,1.8989333333333336,1.6838666666666668,1.4688,1.2537333333333334,1.0386666666666666,1.0088,0.9789333333333333,0.9490666666666667,0.9192,0.8893333333333334,0.8893333333333334,0.8893333333333334,0.8893333333333334,0.8893333333333334,0.8893333333333334,0.8712000000000001,0.8530666666666668,0.8349333333333333,0.8168,0.7986666666666666,0.7951333333333334,0.7916,0.7880666666666667,0.7845333333333333,0.781,0.7631333333333333,0.7452666666666667,0.7274,0.7095333333333335,0.6916666666666668
118,scientific,unseeded,spherical micelle,3,,,,,7.448333333333333,7.214133333333334,6.979933333333333,6.745733333333334,6.511533333333333,6.277333333333334,6.106,5.934666666666667,5.763333333333334,5.592,5.592,5.592,5.592,5.592,5.592,5.520333333333333,5.448666666666667,5.377,5.3053333333333335,5.233666666666667,5.1074,4.981133333333334,4.854866666666667,4.728600000000001,4.602333333333334,4.602333333333334,4.602333333333334,4.602333333333334,4.602333333333334,4.602333333333334,4.3028,4.003266666666667,3.7037333333333335,3.4042000000000003,3.1046666666666667,2.9315333333333333,2.7584,2.5852666666666666,2.4121333333333337,2.2390000000000003,2.165866666666667,2.0927333333333333,2.0196,1.9464666666666668,1.8733333333333333,1.7928
119,scientific,unseeded,spherical micelle,4,,,,,5.917333333333333,5.215133333333333,4.512933333333333,3.8107333333333333,3.108533333333334,2.406333333333334,2.2627333333333337,2.1191333333333335,1.9755333333333336,1.8319333333333336,1.6883333333333335,1.5716,1.4548666666666668,1.3381333333333334,1.2214,1.1046666666666667,1.0787333333333333,1.0528,1.0268666666666666,1.0009333333333332,0.975,0.9697333333333333,0.9644666666666667,0.9591999999999999,0.9539333333333333,0.9486666666666667,0.9486666666666667,0.9486666666666667,0.9486666666666667,0.9486666666666667,0.9486666666666667,0.9486666666666667,0.9486666666666667,0.9486666666666667,0.9486666666666667,0.9486666666666667,0.9486666666666667,0.9486666666666667,0.9486666666666667,0.9486666666666667,0.9136,0.8785333333333333,0.8434666666666666,0.8084,0.7733333333333333,0.7733333333333333
120,active,seeded,liquid,0,,,,,11.443999999999997,10.846666666666664,10.24933333333333,9.651999999999997,9.054666666666666,8.457333333333333,7.831266666666666,7.2052,6.579133333333332,5.953066666666666,5.326999999999999,4.236999999999999,3.1469999999999994,2.0569999999999995,0.967,0.9117333333333333,0.8564666666666666,0.8011999999999999,0.7459333333333333,0.6906666666666667,0.6906666666666667,0.6906666666666667,0.6906666666666667,0.6906666666666667,0.6906666666666667,0.6906666666666667,0.6906666666666667,0.6906666666666667,0.6906666666666667,0.6906666666666667,0.6906666666666667,0.6906666666666667,0.6906666666666667,0.6906666666666667,0.6906666666666667,0.6906666666666667,0.6906666666666667,0.6906666666666667,0.6906666666666667,0.6906666666666667,0.6906666666666667,0.6906666666666667,0.6906666666666667,0.6906666666666667,0.6906666666666667,
121,active,seeded,liquid,1,,,,,15.639666666666665,14.067999999999998,12.496333333333332,10.924666666666667,9.353,7.781333333333333,7.653533333333334,7.525733333333333,7.3979333333333335,7.270133333333333,7.142333333333333,6.9948,6.847266666666666,6.6997333333333335,6.5522,6.4046666666666665,5.982666666666667,5.560666666666667,5.138666666666667,4.716666666666667,4.294666666666667,4.294666666666667,4.294666666666667,4.294666666666667,4.294666666666667,4.294666666666667,4.106400000000001,3.9181333333333335,3.729866666666667,3.5416000000000003,3.3533333333333335,3.3533333333333335,3.3533333333333335,3.3533333333333335,3.3533333333333335,3.3533333333333335,3.3182666666666667,3.2832,3.248133333333333,3.2130666666666663,3.1779999999999995,3.1779999999999995,3.1779999999999995,3.1779999999999995,3.1779999999999995,3.1779999999999995
122,active,seeded,liquid,2,,,,,7.6176666666666675,7.118933333333334,6.6202000000000005,6.121466666666667,5.622733333333333,5.124,5.025933333333333,4.927866666666667,4.8298,4.731733333333334,4.633666666666667,4.633666666666667,4.633666666666667,4.633666666666667,4.633666666666667,4.633666666666667,4.1677333333333335,3.7018,3.2358666666666664,2.7699333333333334,2.304,2.304,2.304,2.304,2.304,2.304,2.2005999999999997,2.0972,1.9937999999999998,1.8903999999999999,1.787,1.7542,1.7214,1.6885999999999999,1.6558,1.623,1.5584,1.4938,1.4291999999999998,1.3645999999999998,1.2999999999999998,1.2999999999999998,1.2999999999999998,1.2999999999999998,1.2999999999999998,1.2999999999999998
123,active,seeded,liquid,3,,,,,9.373666666666667,9.097866666666667,8.822066666666666,8.546266666666668,8.270466666666668,7.994666666666667,7.994666666666667,7.994666666666667,7.994666666666667,7.994666666666667,7.994666666666667,7.804333333333334,7.614000000000001,7.4236666666666675,7.233333333333333,7.043,6.4828,5.9226,5.3624,4.8022,4.242,3.90375,3.5655,3.2272499999999997,2.889,2.889,2.889,2.889,2.889,2.889,2.6003333333333334,2.3116666666666665,2.0229999999999997,1.7343333333333333,1.4456666666666667,1.4456666666666667,1.4456666666666667,1.4456666666666667,1.4456666666666667,1.4456666666666667,1.4456666666666667,1.4456666666666667,1.4456666666666667,1.4456666666666667,1.4456666666666667,
124,active,seeded,liquid,4,,,,,9.472333333333333,9.2834,9.094466666666667,8.905533333333333,8.7166,8.527666666666667,8.111733333333333,7.6958,7.279866666666667,6.863933333333334,6.448,5.863866666666667,5.279733333333334,4.695600000000001,4.111466666666667,3.5273333333333334,3.5273333333333334,3.5273333333333334,3.5273333333333334,3.5273333333333334,2.9062,2.285066666666667,1.6639333333333335,1.0428000000000002,0.4216666666666667,0.4216666666666667,0.4216666666666667,0.4216666666666667,0.4216666666666667,0.4216666666666667,0.4216666666666667,0.4216666666666667,0.4216666666666667,0.4216666666666667,0.4216666666666667,0.4216666666666667,0.4216666666666667,0.4216666666666667,0.4216666666666667,0.4216666666666667,0.4216666666666667,0.4216666666666667,0.4216666666666667,0.4216666666666667,0.4216666666666667,
125,active,seeded,string,0,,,,,6.743666666666667,6.3784,6.013133333333333,5.647866666666667,5.2826,4.917333333333334,4.5984,4.279466666666667,3.9605333333333332,3.6416,3.3226666666666667,3.2966,3.2705333333333333,3.244466666666667,3.2184,3.1923333333333335,3.1122666666666667,3.0322,2.9521333333333333,2.8720666666666665,2.792,2.776333333333333,2.7606666666666664,2.745,2.7293333333333334,2.7136666666666667,2.7136666666666667,2.7136666666666667,2.7136666666666667,2.7136666666666667,2.7136666666666667,2.7124,2.711133333333333,2.7098666666666666,2.7085999999999997,2.707333333333333,2.4898666666666665,2.2723999999999998,2.0549333333333335,1.8374666666666666,1.6199999999999999,1.521,1.422,1.323,1.224,1.125
126,active,seeded,string,1,,,,,3.669333333333333,3.669333333333333,3.669333333333333,3.669333333333333,3.669333333333333,3.669333333333333,3.6184,3.5674666666666663,3.5165333333333333,3.4656,3.4146666666666667,3.4146666666666667,3.4146666666666667,3.4146666666666667,3.4146666666666667,3.4146666666666667,3.0166666666666666,2.618666666666667,2.220666666666667,1.8226666666666667,1.7194,1.6161333333333332,1.5128666666666666,1.4095999999999997,1.3063333333333331,1.3063333333333331,1.3063333333333331,1.3063333333333331,1.3063333333333331,1.3063333333333331,1.1263333333333332,0.9463333333333331,0.7663333333333331,0.5863333333333332,0.40633333333333327,0.40633333333333327,0.40633333333333327,0.40633333333333327,0.40633333333333327,0.40633333333333327,0.40633333333333327,0.40633333333333327,0.40633333333333327,0.40633333333333327,0.40633333333333327,
127,active,seeded,string,2,,,,,7.3806666666666665,6.2914666666666665,5.202266666666667,4.113066666666667,3.0238666666666667,1.9346666666666668,1.9346666666666668,1.9346666666666668,1.9346666666666668,1.9346666666666668,1.9346666666666668,1.8451333333333333,1.7556,1.6660666666666666,1.5765333333333333,1.4869999999999999,1.4869999999999999,1.4869999999999999,1.4869999999999999,1.4869999999999999,1.4869999999999999,1.4869999999999999,1.4869999999999999,1.4869999999999999,1.4869999999999999,1.359,1.2309999999999999,1.103,0.9750000000000001,0.8470000000000001,0.7470666666666668,0.6471333333333333,0.5472,0.4472666666666667,0.3473333333333333,0.3473333333333333,0.3473333333333333,0.3473333333333333,0.3473333333333333,0.3473333333333333,0.3473333333333333,0.3473333333333333,0.3473333333333333,0.3473333333333333,0.3473333333333333,
128,active,seeded,string,3,,,,,7.906999999999999,6.623933333333333,5.340866666666666,4.057799999999999,2.774733333333333,1.4916666666666665,1.3000833333333333,1.1084999999999998,0.9169166666666666,0.7253333333333334,0.7253333333333334,0.7253333333333334,0.7253333333333334,0.7253333333333334,0.7253333333333334,0.674,0.6226666666666667,0.5713333333333332,0.52,0.4686666666666666,0.4686666666666666,0.4686666666666666,0.4686666666666666,0.4686666666666666,0.4686666666666666,0.4686666666666666,0.4686666666666666,0.4686666666666666,0.4686666666666666,0.4686666666666666,0.4686666666666666,0.4686666666666666,0.4686666666666666,0.4686666666666666,0.4686666666666666,0.42579999999999996,0.38293333333333335,0.3400666666666667,0.2972,0.25433333333333336,0.25433333333333336,0.25433333333333336,0.25433333333333336,0.25433333333333336,0.25433333333333336,
129,active,seeded,string,4,,,,,5.104333333333333,4.349333333333333,3.594333333333333,2.8393333333333333,2.0843333333333334,1.3293333333333333,1.2885,1.2476666666666667,1.2068333333333334,1.1660000000000001,1.1344666666666667,1.1029333333333333,1.0714000000000001,1.0398666666666667,1.0083333333333333,0.9324666666666667,0.8566,0.7807333333333333,0.7048666666666666,0.629,0.5408000000000001,0.4526,0.36440000000000006,0.27620000000000006,0.18800000000000003,0.18800000000000003,0.18800000000000003,0.18800000000000003,0.18800000000000003,0.18800000000000003,0.18800000000000003,0.18800000000000003,0.18800000000000003,0.18800000000000003,0.18800000000000003,0.18800000000000003,0.18800000000000003,0.18800000000000003,0.18800000000000003,0.18800000000000003,0.18800000000000003,0.18800000000000003,0.18800000000000003,0.18800000000000003,0.18800000000000003,
130,active,seeded,membrane,0,,,,,7.82,7.239800000000001,6.6596,6.079400000000001,5.4992,4.9190000000000005,4.3740000000000006,3.8290000000000006,3.2840000000000003,2.7390000000000003,2.6838,2.6286,2.5734000000000004,2.5182,2.463,2.463,2.463,2.463,2.463,2.463,2.1574,1.8518000000000001,1.5462000000000002,1.2406000000000001,0.935,0.9106666666666667,0.8863333333333334,0.8620000000000001,0.8376666666666668,0.8133333333333335,0.7500000000000001,0.6866666666666668,0.6233333333333333,0.56,0.49666666666666665,0.46659999999999996,0.43653333333333333,0.40646666666666664,0.37639999999999996,0.3463333333333333,0.3463333333333333,0.3463333333333333,0.3463333333333333,0.3463333333333333,0.3463333333333333,
131,active,seeded,membrane,1,,,,,8.726666666666667,8.709866666666667,8.693066666666667,8.676266666666665,8.659466666666665,8.642666666666665,8.185733333333332,7.728799999999999,7.271866666666666,6.814933333333332,6.358,5.717,5.076,4.4350000000000005,3.794,3.153,2.9422,2.7314000000000003,2.5206,2.3098,2.099,1.9178000000000002,1.7366000000000001,1.5554,1.3741999999999999,1.1929999999999998,1.1929999999999998,1.1929999999999998,1.1929999999999998,1.1929999999999998,1.1929999999999998,1.1929999999999998,1.1929999999999998,1.1929999999999998,1.1929999999999998,1.1929999999999998,1.1602,1.1274,1.0945999999999998,1.0617999999999999,1.029,1.029,1.029,1.029,1.029,1.029
132,active,seeded,membrane,2,,,,,9.667333333333334,8.2286,6.789866666666667,5.351133333333333,3.9124,2.4736666666666665,2.2960833333333333,2.1185,1.9409166666666666,1.7633333333333334,1.7633333333333334,1.7633333333333334,1.7633333333333334,1.7633333333333334,1.7633333333333334,1.6078000000000001,1.4522666666666666,1.2967333333333333,1.1412,0.9856666666666666,0.9487333333333333,0.9117999999999999,0.8748666666666667,0.8379333333333334,0.801,0.7548,0.7086,0.6624,0.6162,0.57,0.57,0.57,0.57,0.57,0.57,0.5482,0.5264,0.5045999999999999,0.4828,0.461,0.461,0.461,0.461,0.461,0.461,
133,active,seeded,membrane,3,,,,,10.298,8.633866666666666,6.969733333333334,5.3056,3.641466666666667,1.9773333333333334,1.9620666666666666,1.9467999999999999,1.9315333333333333,1.9162666666666666,1.9009999999999998,1.7600666666666664,1.619133333333333,1.4782,1.3372666666666666,1.1963333333333332,1.0954,0.9944666666666666,0.8935333333333334,0.7926000000000001,0.6916666666666668,0.683,0.6743333333333333,0.6656666666666667,0.657,0.6483333333333333,0.6483333333333333,0.6483333333333333,0.6483333333333333,0.6483333333333333,0.6483333333333333,0.616,0.5836666666666667,0.5513333333333333,0.5189999999999999,0.48666666666666664,0.4732666666666666,0.45986666666666665,0.4464666666666666,0.43306666666666666,0.41966666666666663,0.41966666666666663,0.41966666666666663,0.41966666666666663,0.41966666666666663,0.41966666666666663
134,active,seeded,membrane,4,,,,,5.488333333333333,4.913666666666667,4.339,3.764333333333333,3.1896666666666667,2.6149999999999998,2.6149999999999998,2.6149999999999998,2.6149999999999998,2.6149999999999998,2.6149999999999998,2.3342,2.0534,1.7726,1.4918,1.211,1.211,1.211,1.211,1.211,1.211,1.211,1.211,1.211,1.211,1.211,1.211,1.211,1.211,1.211,1.211,1.2013333333333334,1.1916666666666667,1.1820000000000002,1.1723333333333334,1.1626666666666667,1.1626666666666667,1.1626666666666667,1.1626666666666667,1.1626666666666667,1.1626666666666667,1.1626666666666667,1.1626666666666667,1.1626666666666667,1.1626666666666667,1.1626666666666667
135,active,seeded,vesicle,0,,,,,6.516666666666667,5.4338,4.350933333333334,3.268066666666667,2.1852,1.1023333333333334,1.1023333333333334,1.1023333333333334,1.1023333333333334,1.1023333333333334,1.1023333333333334,1.1023333333333334,1.1023333333333334,1.1023333333333334,1.1023333333333334,1.1023333333333334,1.1023333333333334,1.1023333333333334,1.1023333333333334,1.1023333333333334,1.1023333333333334,1.0416,0.9808666666666667,0.9201333333333334,0.8593999999999999,0.7986666666666666,0.7456666666666666,0.6926666666666667,0.6396666666666666,0.5866666666666667,0.5336666666666666,0.5336666666666666,0.5336666666666666,0.5336666666666666,0.5336666666666666,0.5336666666666666,0.5261333333333333,0.5186,0.5110666666666667,0.5035333333333333,0.496,0.496,0.496,0.496,0.496,0.496
136,active,seeded,vesicle,1,,,,,10.893666666666666,9.6074,8.321133333333332,7.034866666666666,5.7486,4.4623333333333335,4.2596,4.056866666666667,3.8541333333333334,3.6513999999999998,3.4486666666666665,3.3192,3.1897333333333333,3.0602666666666667,2.9308,2.8013333333333335,2.7017333333333333,2.602133333333333,2.502533333333333,2.4029333333333334,2.3033333333333332,2.3033333333333332,2.3033333333333332,2.3033333333333332,2.3033333333333332,2.3033333333333332,2.2123999999999997,2.1214666666666666,2.030533333333333,1.9395999999999998,1.8486666666666665,1.7944666666666664,1.7402666666666664,1.6860666666666666,1.6318666666666666,1.5776666666666666,1.5382,1.4987333333333333,1.4592666666666667,1.4198,1.3803333333333334,1.3803333333333334,1.3803333333333334,1.3803333333333334,1.3803333333333334,1.3803333333333334
137,active,seeded,vesicle,2,,,,,7.623,6.997066666666667,6.371133333333333,5.7452,5.119266666666666,4.493333333333333,4.029,3.5646666666666667,3.100333333333333,2.6359999999999997,2.6359999999999997,2.6359999999999997,2.6359999999999997,2.6359999999999997,2.6359999999999997,2.6359999999999997,2.6359999999999997,2.6359999999999997,2.6359999999999997,2.6359999999999997,2.4604,2.2847999999999997,2.1092,1.9336,1.758,1.758,1.758,1.758,1.758,1.758,1.6225333333333334,1.4870666666666668,1.3516,1.2161333333333333,1.0806666666666667,1.0262,0.9717333333333333,0.9172666666666667,0.8627999999999999,0.8083333333333332,0.8083333333333332,0.8083333333333332,0.8083333333333332,0.8083333333333332,0.8083333333333332,
138,active,seeded,vesicle,3,,,,,7.689666666666667,7.3444666666666665,6.999266666666666,6.654066666666666,6.308866666666666,5.963666666666666,5.607266666666666,5.250866666666666,4.894466666666666,4.5380666666666665,4.181666666666667,4.181666666666667,4.181666666666667,4.181666666666667,4.181666666666667,4.181666666666667,3.9757333333333333,3.7698,3.5638666666666667,3.357933333333333,3.1519999999999997,2.7726666666666664,2.393333333333333,2.0140000000000002,1.6346666666666667,1.2553333333333334,1.1914,1.1274666666666666,1.0635333333333334,0.9996,0.9356666666666666,0.9356666666666666,0.9356666666666666,0.9356666666666666,0.9356666666666666,0.9356666666666666,0.9356666666666666,0.9356666666666666,0.9356666666666666,0.9356666666666666,0.9356666666666666,0.9356666666666666,0.9356666666666666,0.9356666666666666,0.9356666666666666,0.9356666666666666
139,active,seeded,vesicle,4,,,,,4.519333333333333,4.1774,3.8354666666666666,3.493533333333333,3.1516,2.8096666666666668,2.8096666666666668,2.8096666666666668,2.8096666666666668,2.8096666666666668,2.8096666666666668,2.6449333333333334,2.4802,2.3154666666666666,2.150733333333333,1.986,1.8275333333333335,1.6690666666666667,1.5106000000000002,1.3521333333333336,1.1936666666666669,1.1936666666666669,1.1936666666666669,1.1936666666666669,1.1936666666666669,1.1936666666666669,1.1936666666666669,1.1936666666666669,1.1936666666666669,1.1936666666666669,1.1936666666666669,1.0372500000000002,0.8808333333333335,0.7244166666666667,0.5680000000000001,0.5680000000000001,0.5680000000000001,0.5680000000000001,0.5680000000000001,0.5680000000000001,0.5680000000000001,0.5680000000000001,0.5680000000000001,0.5680000000000001,0.5680000000000001,
140,active,seeded,wormlike micelle,0,,,,,9.193333333333333,8.054266666666667,6.9152,5.776133333333332,4.637066666666666,3.4979999999999998,2.9964666666666666,2.494933333333333,1.9933999999999998,1.4918666666666667,0.9903333333333334,0.8504666666666667,0.7106000000000001,0.5707333333333334,0.43086666666666673,0.291,0.2796666666666667,0.2683333333333333,0.257,0.2456666666666667,0.23433333333333337,0.23433333333333337,0.23433333333333337,0.23433333333333337,0.23433333333333337,0.23433333333333337,0.23433333333333337,0.23433333333333337,0.23433333333333337,0.23433333333333337,0.23433333333333337,0.23433333333333337,0.23433333333333337,0.23433333333333337,0.23433333333333337,0.23433333333333337,0.23433333333333337,0.23433333333333337,0.23433333333333337,0.23433333333333337,0.2172666666666667,0.20020000000000002,0.18313333333333334,0.16606666666666667,0.149,
141,active,seeded,wormlike micelle,1,,,,,3.321,3.1253333333333333,2.929666666666667,2.734,2.538333333333333,2.3426666666666667,2.3426666666666667,2.3426666666666667,2.3426666666666667,2.3426666666666667,2.3426666666666667,2.3126,2.2825333333333333,2.252466666666667,2.2224,2.1923333333333335,2.1923333333333335,2.1923333333333335,2.1923333333333335,2.1923333333333335,2.1923333333333335,2.1923333333333335,2.1923333333333335,2.1923333333333335,2.1923333333333335,2.1923333333333335,2.1923333333333335,2.1923333333333335,2.1923333333333335,2.1923333333333335,2.1416666666666666,2.091,2.0403333333333333,1.9896666666666667,1.939,1.939,1.939,1.939,1.939,1.939,1.939,1.939,1.939,1.939,1.939,
142,active,seeded,wormlike micelle,2,,,,,11.299000000000001,9.7736,8.2482,6.722799999999999,5.197399999999999,3.6719999999999993,3.3074166666666662,2.9428333333333327,2.5782499999999997,2.2136666666666667,1.8910666666666667,1.5684666666666667,1.2458666666666667,0.9232666666666667,0.6006666666666667,0.6006666666666667,0.6006666666666667,0.6006666666666667,0.6006666666666667,0.6006666666666667,0.5898,0.5789333333333333,0.5680666666666667,0.5572,0.5463333333333333,0.5384,0.5304666666666666,0.5225333333333334,0.5146000000000001,0.5066666666666667,0.4743333333333334,0.442,0.4096666666666667,0.3773333333333333,0.345,0.31686666666666663,0.28873333333333334,0.2606,0.23246666666666665,0.20433333333333334,0.18106666666666668,0.1578,0.13453333333333334,0.11126666666666668,0.08800000000000001,
143,active,seeded,wormlike micelle,3,,,,,10.602666666666666,8.426833333333333,6.2509999999999994,4.075166666666666,1.8993333333333335,1.86,1.8206666666666669,1.7813333333333334,1.7420000000000002,1.7026666666666668,1.5966666666666667,1.4906666666666666,1.3846666666666665,1.2786666666666666,1.1726666666666665,1.1147999999999998,1.0569333333333333,0.9990666666666667,0.9412,0.8833333333333334,0.8067333333333334,0.7301333333333333,0.6535333333333333,0.5769333333333333,0.5003333333333333,0.5003333333333333,0.5003333333333333,0.5003333333333333,0.5003333333333333,0.5003333333333333,0.4580666666666666,0.41579999999999995,0.37353333333333333,0.33126666666666665,0.289,0.289,0.289,0.289,0.289,0.289,0.2879333333333333,0.28686666666666666,0.2858,0.28473333333333334,0.2836666666666667,
144,active,seeded,wormlike micelle,4,,,,,9.659333333333334,9.257933333333334,8.856533333333335,8.455133333333334,8.053733333333334,7.652333333333334,6.584266666666667,5.5162,4.448133333333334,3.380066666666667,2.312,1.9300666666666664,1.5481333333333331,1.1662,0.7842666666666664,0.40233333333333327,0.40233333333333327,0.40233333333333327,0.40233333333333327,0.40233333333333327,0.40233333333333327,0.40233333333333327,0.40233333333333327,0.40233333333333327,0.40233333333333327,0.40233333333333327,0.3600666666666666,0.31779999999999997,0.2755333333333333,0.23326666666666662,0.19099999999999998,0.19099999999999998,0.19099999999999998,0.19099999999999998,0.19099999999999998,0.19099999999999998,0.19099999999999998,0.19099999999999998,0.19099999999999998,0.19099999999999998,0.19099999999999998,0.19099999999999998,0.19099999999999998,0.19099999999999998,0.19099999999999998,0.19099999999999998
145,active,seeded,spherical micelle,0,,,,,6.540666666666667,5.6286,4.7165333333333335,3.8044666666666664,2.8924,1.9803333333333333,1.9803333333333333,1.9803333333333333,1.9803333333333333,1.9803333333333333,1.9803333333333333,1.9803333333333333,1.9803333333333333,1.9803333333333333,1.9803333333333333,1.9803333333333333,1.8572666666666666,1.7342,1.6111333333333333,1.4880666666666666,1.365,1.3619999999999999,1.359,1.3559999999999999,1.353,1.3499999999999999,1.3394,1.3288,1.3181999999999998,1.3075999999999999,1.297,1.297,1.297,1.297,1.297,1.297,1.297,1.297,1.297,1.297,1.297,1.297,1.297,1.297,1.297,1.297
146,active,seeded,spherical micelle,1,,,,,5.720666666666666,5.2763333333333335,4.832,4.387666666666666,3.9433333333333334,3.499,3.3627333333333334,3.2264666666666666,3.0902,2.953933333333333,2.8176666666666663,2.6565999999999996,2.495533333333333,2.3344666666666667,2.1734,2.0123333333333333,2.0123333333333333,2.0123333333333333,2.0123333333333333,2.0123333333333333,2.0123333333333333,2.0123333333333333,2.0123333333333333,2.0123333333333333,2.0123333333333333,2.0123333333333333,2.0123333333333333,2.0123333333333333,2.0123333333333333,2.0123333333333333,2.0123333333333333,2.0123333333333333,2.0123333333333333,2.0123333333333333,2.0123333333333333,2.0123333333333333,1.9519333333333333,1.8915333333333333,1.8311333333333333,1.7707333333333335,1.7103333333333335,1.7103333333333335,1.7103333333333335,1.7103333333333335,1.7103333333333335,1.7103333333333335
147,active,seeded,spherical micelle,2,,,,,7.448333333333333,6.320933333333333,5.193533333333333,4.066133333333333,2.9387333333333325,1.811333333333333,1.590583333333333,1.3698333333333332,1.1490833333333332,0.9283333333333333,0.8482666666666667,0.7682,0.6881333333333334,0.6080666666666668,0.528,0.45880000000000004,0.38960000000000006,0.3204,0.25120000000000003,0.18200000000000002,0.18200000000000002,0.18200000000000002,0.18200000000000002,0.18200000000000002,0.18200000000000002,0.18200000000000002,0.18200000000000002,0.18200000000000002,0.18200000000000002,0.18200000000000002,0.18200000000000002,0.18200000000000002,0.18200000000000002,0.18200000000000002,0.18200000000000002,0.18200000000000002,0.18200000000000002,0.18200000000000002,0.18200000000000002,0.18200000000000002,0.18200000000000002,0.18200000000000002,0.18200000000000002,0.18200000000000002,0.18200000000000002,
148,active,seeded,spherical micelle,3,,,,,5.917333333333333,5.463933333333333,5.010533333333333,4.557133333333333,4.1037333333333335,3.6503333333333337,3.1253333333333337,2.6003333333333334,2.0753333333333335,1.5503333333333336,1.0253333333333334,1.0253333333333334,1.0253333333333334,1.0253333333333334,1.0253333333333334,1.0253333333333334,0.9742666666666667,0.9232,0.8721333333333334,0.8210666666666667,0.77,0.7314,0.6928000000000001,0.6542000000000001,0.6156,0.5770000000000001,0.5770000000000001,0.5770000000000001,0.5770000000000001,0.5770000000000001,0.5770000000000001,0.5770000000000001,0.5770000000000001,0.5770000000000001,0.5770000000000001,0.5770000000000001,0.5770000000000001,0.5770000000000001,0.5770000000000001,0.5770000000000001,0.5770000000000001,0.5770000000000001,0.5770000000000001,0.5770000000000001,0.5770000000000001,
149,active,seeded,spherical micelle,4,,,,,9.670333333333332,9.052333333333332,8.434333333333333,7.816333333333333,7.198333333333332,6.580333333333333,5.6685,4.756666666666666,3.844833333333333,2.933,2.723133333333333,2.5132666666666665,2.3034,2.0935333333333332,1.8836666666666666,1.8386,1.7935333333333332,1.7484666666666666,1.7033999999999998,1.6583333333333332,1.5469333333333333,1.4355333333333333,1.3241333333333332,1.2127333333333332,1.1013333333333333,1.0236,0.9458666666666666,0.8681333333333333,0.7904,0.7126666666666667,0.6172666666666666,0.5218666666666667,0.42646666666666666,0.3310666666666667,0.2356666666666667,0.2356666666666667,0.2356666666666667,0.2356666666666667,0.2356666666666667,0.2356666666666667,0.2356666666666667,0.2356666666666667,0.2356666666666667,0.2356666666666667,0.2356666666666667,
150,active,unseeded,liquid,0,,,,,11.443999999999997,11.163533333333332,10.883066666666664,10.602599999999999,10.322133333333332,10.041666666666666,10.041666666666666,10.041666666666666,10.041666666666666,10.041666666666666,10.041666666666666,9.111866666666666,8.182066666666666,7.252266666666666,6.322466666666666,5.392666666666666,4.632,3.871333333333333,3.110666666666666,2.3499999999999996,1.5893333333333333,1.569,1.5486666666666666,1.5283333333333333,1.508,1.4876666666666667,1.3725333333333334,1.2574,1.1422666666666665,1.0271333333333332,0.9119999999999999,0.8547333333333332,0.7974666666666667,0.7402,0.6829333333333334,0.6256666666666667,0.6066666666666667,0.5876666666666667,0.5686666666666667,0.5496666666666666,0.5306666666666666,0.5306666666666666,0.5306666666666666,0.5306666666666666,0.5306666666666666,0.5306666666666666
151,active,unseeded,liquid,1,,,,,12.865666666666664,11.443466666666664,10.021266666666666,8.599066666666666,7.176866666666665,5.754666666666666,5.754666666666666,5.754666666666666,5.754666666666666,5.754666666666666,5.754666666666666,5.530266666666666,5.305866666666666,5.081466666666666,4.857066666666666,4.632666666666666,3.924733333333333,3.2167999999999997,2.508866666666666,1.800933333333333,1.093,1.093,1.093,1.093,1.093,1.093,1.093,1.093,1.093,1.093,1.093,1.0342,0.9753999999999999,0.9166,0.8577999999999999,0.7989999999999999,0.7860666666666666,0.7731333333333332,0.7602,0.7472666666666666,0.7343333333333333,0.7243333333333333,0.7143333333333333,0.7043333333333334,0.6943333333333334,0.6843333333333333
152,active,unseeded,liquid,2,,,,,7.6176666666666675,7.6176666666666675,7.6176666666666675,7.6176666666666675,7.6176666666666675,7.6176666666666675,7.338800000000001,7.059933333333334,6.781066666666668,6.5022,6.223333333333334,6.079666666666667,5.936,5.792333333333334,5.648666666666666,5.505,5.505,5.505,5.505,5.505,5.505,5.505,5.505,5.505,5.505,5.505,5.505,5.505,5.505,5.505,5.505,5.505,5.505,5.505,5.505,5.505,5.505,5.505,5.505,5.505,5.505,5.0334,4.5618,4.090199999999999,3.6186,3.147
153,active,unseeded,liquid,3,,,,,8.752333333333333,8.752333333333333,8.752333333333333,8.752333333333333,8.752333333333333,8.752333333333333,8.417666666666666,8.083,7.748333333333333,7.413666666666667,7.079000000000001,6.900666666666667,6.722333333333334,6.5440000000000005,6.365666666666668,6.187333333333334,6.187333333333334,6.187333333333334,6.187333333333334,6.187333333333334,6.187333333333334,5.966333333333334,5.745333333333334,5.524333333333334,5.303333333333334,5.082333333333334,5.082333333333334,5.082333333333334,5.082333333333334,5.082333333333334,5.082333333333334,5.082333333333334,5.082333333333334,5.082333333333334,5.082333333333334,5.082333333333334,5.070266666666667,5.0582,5.0461333333333345,5.034066666666668,5.022000000000001,5.022000000000001,5.022000000000001,5.022000000000001,5.022000000000001,5.022000000000001
154,active,unseeded,liquid,4,,,,,9.075666666666667,8.189466666666666,7.303266666666667,6.417066666666667,5.530866666666666,4.644666666666667,4.644666666666667,4.644666666666667,4.644666666666667,4.644666666666667,4.644666666666667,4.644666666666667,4.644666666666667,4.644666666666667,4.644666666666667,4.644666666666667,4.487466666666666,4.330266666666667,4.173066666666667,4.015866666666667,3.8586666666666667,3.8586666666666667,3.8586666666666667,3.8586666666666667,3.8586666666666667,3.8586666666666667,3.517333333333333,3.176,2.8346666666666667,2.493333333333333,2.1519999999999997,2.1519999999999997,2.1519999999999997,2.1519999999999997,2.1519999999999997,2.1519999999999997,2.0026666666666664,1.853333333333333,1.704,1.5546666666666666,1.4053333333333333,1.4053333333333333,1.4053333333333333,1.4053333333333333,1.4053333333333333,1.4053333333333333
155,active,unseeded,string,0,,,,,9.988333333333333,9.895466666666666,9.8026,9.709733333333332,9.616866666666667,9.524,8.3384,7.152799999999999,5.9672,4.7816,3.596,3.4114666666666666,3.226933333333333,3.0423999999999998,2.8578666666666668,2.6733333333333333,2.5928,2.5122666666666666,2.4317333333333333,2.3512,2.2706666666666666,2.2706666666666666,2.2706666666666666,2.2706666666666666,2.2706666666666666,2.2706666666666666,2.2131333333333334,2.1555999999999997,2.0980666666666665,2.0405333333333333,1.9829999999999999,1.9678666666666664,1.9527333333333332,1.9375999999999998,1.9224666666666665,1.907333333333333,1.8928666666666665,1.8783999999999998,1.8639333333333332,1.8494666666666666,1.835,1.8235999999999999,1.8121999999999998,1.8008,1.7893999999999999,1.7779999999999998
156,active,unseeded,string,1,,,,,7.0889999999999995,7.0889999999999995,7.0889999999999995,7.0889999999999995,7.0889999999999995,7.0889999999999995,6.625866666666666,6.162733333333333,5.699599999999999,5.236466666666666,4.7733333333333325,4.7733333333333325,4.7733333333333325,4.7733333333333325,4.7733333333333325,4.7733333333333325,4.7733333333333325,4.7733333333333325,4.7733333333333325,4.7733333333333325,4.7733333333333325,4.7733333333333325,4.7733333333333325,4.7733333333333325,4.7733333333333325,4.7733333333333325,4.7733333333333325,4.7733333333333325,4.7733333333333325,4.7733333333333325,4.7733333333333325,4.7733333333333325,4.7733333333333325,4.7733333333333325,4.7733333333333325,4.7733333333333325,4.7733333333333325,4.7733333333333325,4.7733333333333325,4.7733333333333325,4.7733333333333325,4.7733333333333325,4.7733333333333325,4.7733333333333325,4.7733333333333325,4.7733333333333325
157,active,unseeded,string,2,,,,,9.714,9.266133333333334,8.818266666666666,8.3704,7.922533333333334,7.474666666666667,7.344666666666667,7.214666666666667,7.084666666666666,6.954666666666666,6.824666666666666,6.824666666666666,6.824666666666666,6.824666666666666,6.824666666666666,6.824666666666666,6.824666666666666,6.824666666666666,6.824666666666666,6.824666666666666,6.824666666666666,6.404533333333333,5.9844,5.564266666666667,5.1441333333333334,4.724,4.724,4.724,4.724,4.724,4.724,4.413133333333334,4.102266666666667,3.7914,3.4805333333333333,3.1696666666666666,3.1696666666666666,3.1696666666666666,3.1696666666666666,3.1696666666666666,3.1696666666666666,2.9704,2.7711333333333332,2.5718666666666667,2.3726000000000003,2.1733333333333333
158,active,unseeded,string,3,,,,,12.219,10.7544,9.2898,7.8252,6.3606,4.896,4.174666666666667,3.453333333333333,2.732,2.010666666666667,1.2893333333333332,1.2893333333333332,1.2893333333333332,1.2893333333333332,1.2893333333333332,1.2893333333333332,1.232,1.1746666666666665,1.1173333333333333,1.0599999999999998,1.0026666666666666,1.0026666666666666,1.0026666666666666,1.0026666666666666,1.0026666666666666,1.0026666666666666,0.9755999999999999,0.9485333333333333,0.9214666666666667,0.8944000000000001,0.8673333333333334,0.7575333333333334,0.6477333333333334,0.5379333333333334,0.42813333333333337,0.31833333333333336,0.31833333333333336,0.31833333333333336,0.31833333333333336,0.31833333333333336,0.31833333333333336,0.31833333333333336,0.31833333333333336,0.31833333333333336,0.31833333333333336,0.31833333333333336
159,active,unseeded,string,4,,,,,8.822333333333333,8.6714,8.520466666666666,8.369533333333333,8.218599999999999,8.067666666666666,8.067666666666666,8.067666666666666,8.067666666666666,8.067666666666666,8.067666666666666,8.033466666666666,7.999266666666665,7.965066666666666,7.930866666666666,7.896666666666666,7.896666666666666,7.896666666666666,7.896666666666666,7.896666666666666,7.896666666666666,7.896666666666666,7.896666666666666,7.896666666666666,7.896666666666666,7.896666666666666,7.691199999999999,7.485733333333333,7.280266666666666,7.0748,6.8693333333333335,6.806933333333333,6.744533333333333,6.682133333333334,6.6197333333333335,6.557333333333333,6.402266666666667,6.2472,6.092133333333333,5.9370666666666665,5.782,5.782,5.782,5.782,5.782,5.782
160,active,unseeded,membrane,0,,,,,7.6290000000000004,7.562066666666667,7.495133333333334,7.4282,7.361266666666667,7.294333333333334,6.6302,5.966066666666667,5.301933333333333,4.6378,3.9736666666666665,3.9736666666666665,3.9736666666666665,3.9736666666666665,3.9736666666666665,3.9736666666666665,3.8196,3.6655333333333333,3.5114666666666663,3.3573999999999997,3.203333333333333,3.203333333333333,3.203333333333333,3.203333333333333,3.203333333333333,3.203333333333333,3.203333333333333,3.203333333333333,3.203333333333333,3.203333333333333,3.203333333333333,3.203333333333333,3.203333333333333,3.203333333333333,3.203333333333333,3.203333333333333,3.203333333333333,3.203333333333333,3.203333333333333,3.203333333333333,3.203333333333333,2.9667999999999997,2.7302666666666666,2.493733333333333,2.2572,2.0206666666666666
161,active,unseeded,membrane,1,,,,,8.321333333333333,8.124266666666667,7.927200000000001,7.730133333333335,7.5330666666666675,7.336000000000001,7.096000000000001,6.856000000000001,6.6160000000000005,6.376,6.136,6.136,6.136,6.136,6.136,6.136,5.457533333333333,4.779066666666667,4.1006,3.422133333333333,2.7436666666666665,2.6000666666666663,2.4564666666666666,2.3128666666666664,2.1692666666666662,2.0256666666666665,1.9353333333333331,1.845,1.7546666666666666,1.6643333333333334,1.574,1.4672,1.3604,1.2536,1.1468,1.04,1.04,1.04,1.04,1.04,1.04,1.04,1.04,1.04,1.04,1.04
162,active,unseeded,membrane,2,,,,,5.9430000000000005,5.378533333333333,4.814066666666667,4.2496,3.6851333333333334,3.1206666666666667,3.0038,2.8869333333333334,2.7700666666666667,2.6532,2.5363333333333333,2.5363333333333333,2.5363333333333333,2.5363333333333333,2.5363333333333333,2.5363333333333333,2.5363333333333333,2.5363333333333333,2.5363333333333333,2.5363333333333333,2.5363333333333333,2.5363333333333333,2.5363333333333333,2.5363333333333333,2.5363333333333333,2.5363333333333333,2.4198,2.3032666666666666,2.186733333333333,2.0702,1.9536666666666667,1.9536666666666667,1.9536666666666667,1.9536666666666667,1.9536666666666667,1.9536666666666667,1.9536666666666667,1.9536666666666667,1.9536666666666667,1.9536666666666667,1.9536666666666667,1.9536666666666667,1.9536666666666667,1.9536666666666667,1.9536666666666667,1.9536666666666667
163,active,unseeded,membrane,3,,,,,9.196333333333333,8.200800000000001,7.205266666666667,6.209733333333333,5.2142,4.218666666666667,4.1408,4.0629333333333335,3.9850666666666665,3.9071999999999996,3.829333333333333,3.7674,3.7054666666666662,3.643533333333333,3.5815999999999995,3.5196666666666663,3.2443999999999997,2.9691333333333327,2.693866666666666,2.4185999999999996,2.143333333333333,2.059733333333333,1.9761333333333333,1.8925333333333332,1.8089333333333333,1.7253333333333334,1.7253333333333334,1.7253333333333334,1.7253333333333334,1.7253333333333334,1.7253333333333334,1.7253333333333334,1.7253333333333334,1.7253333333333334,1.7253333333333334,1.7253333333333334,1.7202666666666666,1.7152,1.7101333333333333,1.7050666666666667,1.7,1.6715333333333333,1.6430666666666667,1.6146,1.5861333333333334,1.5576666666666668
164,active,unseeded,membrane,4,,,,,5.488333333333333,5.304733333333333,5.121133333333333,4.937533333333333,4.753933333333333,4.570333333333333,4.570333333333333,4.570333333333333,4.570333333333333,4.570333333333333,4.570333333333333,4.430133333333333,4.289933333333333,4.149733333333334,4.009533333333334,3.8693333333333335,3.8693333333333335,3.8693333333333335,3.8693333333333335,3.8693333333333335,3.8693333333333335,3.8693333333333335,3.8693333333333335,3.8693333333333335,3.8693333333333335,3.8693333333333335,3.8693333333333335,3.8693333333333335,3.8693333333333335,3.8693333333333335,3.8693333333333335,3.7574666666666667,3.6456,3.533733333333333,3.421866666666667,3.31,3.31,3.31,3.31,3.31,3.31,3.31,3.31,3.31,3.31,3.31
165,active,unseeded,vesicle,0,,,,,6.516666666666667,6.2532,5.989733333333333,5.726266666666666,5.4628,5.199333333333333,5.199333333333333,5.199333333333333,5.199333333333333,5.199333333333333,5.199333333333333,5.199333333333333,5.199333333333333,5.199333333333333,5.199333333333333,5.199333333333333,5.199333333333333,5.199333333333333,5.199333333333333,5.199333333333333,5.199333333333333,4.948799999999999,4.698266666666666,4.447733333333333,4.1972000000000005,3.9466666666666668,3.7383333333333333,3.53,3.3216666666666663,3.1133333333333333,2.905,2.8501999999999996,2.7954,2.7405999999999997,2.6858,2.631,2.5556666666666663,2.4803333333333333,2.405,2.3296666666666668,2.2543333333333333,2.2543333333333333,2.2543333333333333,2.2543333333333333,2.2543333333333333,2.2543333333333333
166,active,unseeded,vesicle,1,,,,,9.397333333333334,8.788733333333333,8.180133333333334,7.571533333333334,6.962933333333334,6.354333333333334,6.0187333333333335,5.683133333333333,5.347533333333333,5.011933333333333,4.676333333333333,4.6197333333333335,4.563133333333333,4.5065333333333335,4.449933333333333,4.3933333333333335,4.275133333333334,4.156933333333334,4.038733333333333,3.920533333333333,3.8023333333333333,3.8023333333333333,3.8023333333333333,3.8023333333333333,3.8023333333333333,3.8023333333333333,3.5952,3.388066666666667,3.180933333333334,2.9738,2.766666666666667,2.7161333333333335,2.6656,2.615066666666667,2.5645333333333333,2.514,2.4048666666666665,2.295733333333333,2.1866,2.0774666666666666,1.968333333333333,1.8379333333333332,1.7075333333333331,1.5771333333333333,1.4467333333333334,1.3163333333333334
167,active,unseeded,vesicle,2,,,,,5.409,5.409,5.409,5.409,5.409,5.409,5.099066666666666,4.789133333333333,4.4792,4.169266666666667,3.8593333333333333,3.8593333333333333,3.8593333333333333,3.8593333333333333,3.8593333333333333,3.8593333333333333,3.8589333333333333,3.8585333333333334,3.858133333333333,3.857733333333333,3.857333333333333,3.6706,3.4838666666666667,3.2971333333333335,3.1104000000000003,2.923666666666667,2.878466666666667,2.833266666666667,2.788066666666667,2.7428666666666666,2.6976666666666667,2.6976666666666667,2.6976666666666667,2.6976666666666667,2.6976666666666667,2.6976666666666667,2.6217333333333332,2.5458,2.469866666666667,2.3939333333333335,2.318,2.1255333333333333,1.9330666666666667,1.7406000000000001,1.5481333333333334,1.3556666666666668
168,active,unseeded,vesicle,3,,,,,6.0553333333333335,6.0156,5.975866666666667,5.936133333333333,5.8964,5.8566666666666665,5.624933333333333,5.3932,5.161466666666667,4.929733333333334,4.698,4.4134,4.1288,3.8442000000000003,3.5596,3.275,3.275,3.275,3.275,3.275,3.275,3.208133333333333,3.1412666666666667,3.0744,3.0075333333333334,2.9406666666666665,2.8858666666666664,2.8310666666666666,2.7762666666666664,2.7214666666666667,2.6666666666666665,2.6560666666666664,2.6454666666666666,2.6348666666666665,2.6242666666666667,2.6136666666666666,2.5366666666666666,2.4596666666666667,2.3826666666666667,2.3056666666666668,2.228666666666667,2.1222666666666665,2.0158666666666667,1.9094666666666666,1.8030666666666666,1.6966666666666665
169,active,unseeded,vesicle,4,,,,,4.519333333333333,4.357866666666666,4.1964,4.034933333333333,3.8734666666666664,3.7119999999999997,3.7119999999999997,3.7119999999999997,3.7119999999999997,3.7119999999999997,3.7119999999999997,3.7119999999999997,3.7119999999999997,3.7119999999999997,3.7119999999999997,3.7119999999999997,3.7119999999999997,3.7119999999999997,3.7119999999999997,3.7119999999999997,3.7119999999999997,3.4502666666666664,3.188533333333333,2.9268,2.6650666666666667,2.4033333333333333,2.4033333333333333,2.4033333333333333,2.4033333333333333,2.4033333333333333,2.4033333333333333,2.4033333333333333,2.4033333333333333,2.4033333333333333,2.4033333333333333,2.4033333333333333,2.390066666666667,2.3768000000000002,2.3635333333333333,2.3502666666666667,2.337,2.337,2.337,2.337,2.337,2.337
170,active,unseeded,wormlike micelle,0,,,,,7.657,7.561,7.465,7.369,7.273,7.177,7.028866666666667,6.880733333333333,6.7326,6.584466666666666,6.436333333333333,6.436333333333333,6.436333333333333,6.436333333333333,6.436333333333333,6.436333333333333,5.391266666666667,4.3462,3.301133333333333,2.2560666666666664,1.211,1.1081333333333334,1.0052666666666668,0.9024,0.7995333333333333,0.6966666666666667,0.6966666666666667,0.6966666666666667,0.6966666666666667,0.6966666666666667,0.6966666666666667,0.6941333333333334,0.6916,0.6890666666666667,0.6865333333333333,0.684,0.6589333333333334,0.6338666666666667,0.6088,0.5837333333333333,0.5586666666666666,0.5586666666666666,0.5586666666666666,0.5586666666666666,0.5586666666666666,0.5586666666666666
171,active,unseeded,wormlike micelle,1,,,,,3.321,3.321,3.321,3.321,3.321,3.321,3.228266666666667,3.1355333333333335,3.0427999999999997,2.9500666666666664,2.857333333333333,2.6937333333333333,2.530133333333333,2.3665333333333334,2.202933333333333,2.0393333333333334,2.0065333333333335,1.9737333333333333,1.9409333333333332,1.9081333333333332,1.875333333333333,1.875333333333333,1.875333333333333,1.875333333333333,1.875333333333333,1.875333333333333,1.875333333333333,1.875333333333333,1.875333333333333,1.875333333333333,1.875333333333333,1.875333333333333,1.875333333333333,1.875333333333333,1.875333333333333,1.875333333333333,1.875333333333333,1.875333333333333,1.875333333333333,1.875333333333333,1.875333333333333,1.875333333333333,1.875333333333333,1.875333333333333,1.875333333333333,1.875333333333333
172,active,unseeded,wormlike micelle,2,,,,,10.081333333333333,9.971,9.860666666666667,9.750333333333332,9.639999999999999,9.529666666666666,9.529666666666666,9.529666666666666,9.529666666666666,9.529666666666666,9.529666666666666,9.4606,9.391533333333333,9.322466666666665,9.2534,9.184333333333333,9.184333333333333,9.184333333333333,9.184333333333333,9.184333333333333,9.184333333333333,9.180533333333333,9.176733333333333,9.172933333333335,9.169133333333335,9.165333333333335,8.987266666666669,8.8092,8.631133333333334,8.453066666666667,8.275,7.373733333333334,6.472466666666667,5.5712,4.669933333333333,3.768666666666667,3.481866666666667,3.1950666666666665,2.9082666666666666,2.6214666666666666,2.3346666666666667,2.3182,2.3017333333333334,2.2852666666666663,2.2687999999999997,2.252333333333333
173,active,unseeded,wormlike micelle,3,,,,,10.602666666666666,9.216466666666665,7.830266666666667,6.444066666666666,5.0578666666666665,3.671666666666667,3.671666666666667,3.671666666666667,3.671666666666667,3.671666666666667,3.671666666666667,3.671666666666667,3.671666666666667,3.671666666666667,3.671666666666667,3.671666666666667,3.4992,3.3267333333333333,3.1542666666666666,2.9818000000000002,2.8093333333333335,2.7372666666666667,2.6652,2.5931333333333333,2.5210666666666666,2.449,2.449,2.449,2.449,2.449,2.449,2.449,2.449,2.449,2.449,2.449,2.449,2.449,2.449,2.449,2.449,2.449,2.449,2.449,2.449,2.449
174,active,unseeded,wormlike micelle,4,,,,,8.502,8.3492,8.1964,8.0436,7.8908,7.7379999999999995,7.7379999999999995,7.7379999999999995,7.7379999999999995,7.7379999999999995,7.7379999999999995,7.7379999999999995,7.7379999999999995,7.7379999999999995,7.7379999999999995,7.7379999999999995,7.7372,7.7364,7.735599999999999,7.734799999999999,7.733999999999999,7.733999999999999,7.733999999999999,7.733999999999999,7.733999999999999,7.733999999999999,7.733999999999999,7.733999999999999,7.733999999999999,7.733999999999999,7.733999999999999,7.733999999999999,7.733999999999999,7.733999999999999,7.733999999999999,7.733999999999999,7.733999999999999,7.733999999999999,7.733999999999999,7.733999999999999,7.733999999999999,7.733999999999999,7.733999999999999,7.733999999999999,7.733999999999999,7.733999999999999
175,active,unseeded,spherical micelle,0,,,,,5.045000000000001,5.045000000000001,5.045000000000001,5.045000000000001,5.045000000000001,5.045000000000001,4.957200000000001,4.869400000000001,4.781600000000001,4.6938,4.606000000000001,4.5692,4.532400000000001,4.4956000000000005,4.458800000000001,4.422000000000001,4.3306000000000004,4.2392,4.1478,4.0564,3.965,3.8878666666666666,3.8107333333333333,3.7335999999999996,3.6564666666666663,3.579333333333333,3.548533333333333,3.517733333333333,3.486933333333333,3.4561333333333333,3.425333333333333,3.313133333333333,3.200933333333333,3.088733333333333,2.9765333333333333,2.864333333333333,2.8548666666666667,2.8454,2.835933333333333,2.8264666666666667,2.817,2.768666666666667,2.7203333333333335,2.672,2.623666666666667,2.5753333333333335
176,active,unseeded,spherical micelle,1,,,,,5.519666666666667,5.519666666666667,5.519666666666667,5.519666666666667,5.519666666666667,5.519666666666667,5.519666666666667,5.519666666666667,5.519666666666667,5.519666666666667,5.519666666666667,5.2640666666666664,5.008466666666666,4.752866666666666,4.4972666666666665,4.241666666666666,4.230733333333333,4.2198,4.208866666666666,4.197933333333333,4.187,4.1114,4.0358,3.9602,3.8846,3.8089999999999997,3.8089999999999997,3.8089999999999997,3.8089999999999997,3.8089999999999997,3.8089999999999997,3.8089999999999997,3.8089999999999997,3.8089999999999997,3.8089999999999997,3.8089999999999997,3.8089999999999997,3.8089999999999997,3.8089999999999997,3.8089999999999997,3.8089999999999997,3.6236666666666664,3.438333333333333,3.2529999999999997,3.0676666666666663,2.882333333333333
177,active,unseeded,spherical micelle,2,,,,,7.448333333333333,6.653333333333333,5.858333333333333,5.063333333333333,4.268333333333333,3.473333333333333,3.4565333333333332,3.4397333333333333,3.422933333333333,3.406133333333333,3.389333333333333,3.3828,3.3762666666666665,3.3697333333333335,3.3632,3.356666666666667,3.3174,3.278133333333334,3.238866666666667,3.1996000000000007,3.160333333333334,3.160333333333334,3.160333333333334,3.160333333333334,3.160333333333334,3.160333333333334,3.160333333333334,3.160333333333334,3.160333333333334,3.160333333333334,3.160333333333334,3.160333333333334,3.160333333333334,3.160333333333334,3.160333333333334,3.160333333333334,3.160333333333334,3.160333333333334,3.160333333333334,3.160333333333334,3.160333333333334,3.160333333333334,3.160333333333334,3.160333333333334,3.160333333333334,3.160333333333334
178,active,unseeded,spherical micelle,3,,,,,5.917333333333333,5.8995999999999995,5.881866666666666,5.864133333333333,5.8464,5.828666666666667,5.698933333333334,5.5692,5.439466666666666,5.309733333333333,5.18,5.18,5.18,5.18,5.18,5.18,5.18,5.18,5.18,5.18,5.18,5.18,5.18,5.18,5.18,5.18,5.18,5.18,5.18,5.18,5.18,4.768133333333333,4.3562666666666665,3.9444,3.5325333333333333,3.1206666666666667,3.1206666666666667,3.1206666666666667,3.1206666666666667,3.1206666666666667,3.1206666666666667,3.107666666666667,3.094666666666667,3.0816666666666666,3.0686666666666667,3.0556666666666668
179,active,unseeded,spherical micelle,4,,,,,7.7203333333333335,7.490666666666667,7.261,7.031333333333333,6.801666666666667,6.572,6.572,6.572,6.572,6.572,6.572,6.5134,6.4548,6.3962,6.3376,6.279,6.1575999999999995,6.0362,5.9148,5.7934,5.672,5.651866666666666,5.631733333333333,5.611599999999999,5.591466666666666,5.571333333333333,5.571333333333333,5.571333333333333,5.571333333333333,5.571333333333333,5.571333333333333,5.437733333333333,5.304133333333333,5.170533333333333,5.036933333333333,4.903333333333333,4.836666666666667,4.7700000000000005,4.703333333333333,4.636666666666667,4.57,4.5675333333333334,4.565066666666667,4.562600000000001,4.560133333333334,4.557666666666667
180,evolutionary,seeded,liquid,0,,,,,11.443999999999997,10.714444444444442,9.984888888888888,9.255333333333333,8.197416666666665,7.1395,6.081583333333333,5.023666666666666,4.254888888888889,3.4861111111111107,2.717333333333333,2.717333333333333,2.717333333333333,2.5998333333333328,2.482333333333333,2.1214999999999997,1.7606666666666666,1.4675,1.1743333333333335,1.0761666666666667,0.9779999999999999,0.9779999999999999,0.9779999999999999,0.9779999999999999,0.9779999999999999,0.9779999999999999,0.9779999999999999,0.9779999999999999,0.9779999999999999,0.9779999999999999,0.9779999999999999,0.9779999999999999,0.9779999999999999,0.9779999999999999,0.8788333333333332,0.7796666666666666,0.7796666666666666,0.7796666666666666,0.638,0.638,0.638,0.638,0.638,0.638,0.638,0.638
181,evolutionary,seeded,liquid,1,,,,,15.639666666666665,10.296999999999999,5.486999999999999,5.486999999999999,5.486999999999999,3.732666666666667,2.3063333333333333,1.2233333333333334,1.0518333333333334,0.8803333333333333,0.8803333333333333,0.8803333333333333,0.8803333333333333,0.8803333333333333,0.8803333333333333,0.8803333333333333,0.8803333333333333,0.8803333333333333,0.8803333333333333,0.7853333333333333,0.7853333333333333,0.7000000000000001,0.7000000000000001,0.7000000000000001,0.7000000000000001,0.7000000000000001,0.7000000000000001,0.7000000000000001,0.7000000000000001,0.7000000000000001,0.7000000000000001,0.7000000000000001,0.7000000000000001,0.7000000000000001,0.7000000000000001,0.7000000000000001,0.7000000000000001,0.7000000000000001,0.7000000000000001,,,,,,,
182,evolutionary,seeded,liquid,2,,,,,7.6176666666666675,7.024111111111112,6.430555555555555,5.837,3.1799999999999997,1.7363333333333333,1.5723333333333334,1.4083333333333332,1.2443333333333333,1.2443333333333333,1.2443333333333333,1.2443333333333333,1.2443333333333333,1.2443333333333333,1.2443333333333333,1.2443333333333333,1.2443333333333333,1.2443333333333333,0.93,0.93,0.93,0.93,0.93,0.93,0.93,0.781,0.632,0.632,0.632,0.632,0.632,0.632,0.632,0.632,0.632,0.632,0.632,0.632,0.632,0.632,0.632,0.632,0.632,0.632,0.632,
183,evolutionary,seeded,liquid,3,,,,,9.373666666666667,8.879111111111111,8.384555555555556,7.890000000000001,6.175111111111112,4.460222222222223,2.7453333333333334,1.9138333333333333,1.0823333333333334,0.9158333333333334,0.7493333333333334,0.7493333333333334,0.7043333333333334,0.7043333333333334,0.7043333333333334,0.7043333333333334,0.7043333333333334,0.7043333333333334,0.7043333333333334,0.7043333333333334,0.7043333333333334,0.6343333333333333,0.6343333333333333,0.6343333333333333,0.6343333333333333,0.6343333333333333,0.6343333333333333,0.6343333333333333,0.6343333333333333,0.6343333333333333,0.6343333333333333,0.6343333333333333,0.6343333333333333,0.6343333333333333,0.6343333333333333,0.6343333333333333,0.6343333333333333,0.6343333333333333,0.6343333333333333,0.6343333333333333,0.6343333333333333,0.6343333333333333,,,,
184,evolutionary,seeded,liquid,4,,,,,9.472333333333333,9.472333333333333,7.056333333333334,5.495666666666667,3.935,2.1203333333333334,2.0285,1.9366666666666668,1.7956666666666665,1.4806666666666668,1.4371666666666667,1.3936666666666666,1.3936666666666666,1.2271666666666665,1.0606666666666664,1.016333333333333,0.9719999999999999,0.9276666666666666,0.9276666666666666,0.885,0.8423333333333334,0.8423333333333334,0.7113333333333333,0.7113333333333333,0.7113333333333333,0.7113333333333333,0.7113333333333333,0.7113333333333333,0.501,0.501,0.501,0.501,0.501,0.501,0.501,0.501,0.501,0.501,0.501,0.501,0.501,0.501,,,,
185,evolutionary,seeded,string,0,,,,,6.743666666666667,6.622888888888889,6.502111111111111,6.381333333333333,6.21425,6.0471666666666675,5.880083333333334,5.713000000000001,5.713000000000001,5.713000000000001,5.713000000000001,5.622444444444445,5.531888888888889,5.441333333333333,5.441333333333333,5.220166666666666,4.999,4.999,4.999,4.98,4.961,4.942500000000001,4.924,4.924,4.709444444444445,4.494888888888889,4.280333333333334,4.010000000000001,3.7396666666666674,3.4693333333333336,3.1990000000000003,3.1990000000000003,3.1990000000000003,2.986333333333333,2.986333333333333,2.986333333333333,2.986333333333333,2.986333333333333,2.9545,2.9226666666666667,2.9226666666666667,2.9226666666666667,2.9226666666666667,2.9226666666666667,2.9226666666666667,2.9226666666666667
186,evolutionary,seeded,string,1,,,,,3.669333333333333,1.7146666666666668,1.7146666666666668,1.7146666666666668,1.7146666666666668,1.7146666666666668,0.3986666666666667,0.3986666666666667,0.3986666666666667,0.3986666666666667,0.38466666666666666,0.38466666666666666,0.38466666666666666,0.38466666666666666,0.38466666666666666,0.38466666666666666,0.3415,0.29833333333333334,0.29833333333333334,0.29833333333333334,0.29833333333333334,0.29833333333333334,0.23466666666666666,0.23466666666666666,0.23466666666666666,0.23466666666666666,0.23466666666666666,0.23466666666666666,0.23466666666666666,0.165,0.165,0.165,0.165,0.165,0.165,0.165,0.165,0.165,0.165,,,,,,,
187,evolutionary,seeded,string,2,,,,,7.3806666666666665,6.593,5.8053333333333335,4.722222222222222,3.639111111111111,2.556,2.556,2.0493333333333332,1.5388888888888888,1.0284444444444445,0.518,0.518,0.5053333333333333,0.49266666666666664,0.49266666666666664,0.49266666666666664,0.49266666666666664,0.49266666666666664,0.49266666666666664,0.49266666666666664,0.49266666666666664,0.49266666666666664,0.49266666666666664,0.49266666666666664,0.49266666666666664,0.49266666666666664,0.49266666666666664,0.49266666666666664,0.49266666666666664,0.49266666666666664,0.49266666666666664,0.49266666666666664,0.49266666666666664,0.49266666666666664,0.49266666666666664,0.49266666666666664,0.49266666666666664,0.49266666666666664,0.49266666666666664,0.49266666666666664,0.49266666666666664,0.49266666666666664,0.49266666666666664,0.49266666666666664,0.3406666666666667,0.3406666666666667
188,evolutionary,seeded,string,3,,,,,7.906999999999999,7.906999999999999,7.411333333333334,6.163833333333335,4.916333333333334,3.2485000000000004,1.5806666666666667,1.5806666666666667,0.49833333333333335,0.49833333333333335,0.49833333333333335,0.49833333333333335,0.49833333333333335,0.49833333333333335,0.49833333333333335,0.49833333333333335,0.49833333333333335,0.49833333333333335,0.49833333333333335,0.4043333333333334,0.4043333333333334,0.4043333333333334,0.4043333333333334,0.4043333333333334,0.4043333333333334,0.4043333333333334,0.4043333333333334,0.4043333333333334,0.38033333333333336,0.38033333333333336,0.38033333333333336,0.38033333333333336,0.38033333333333336,0.38033333333333336,0.38033333333333336,0.38033333333333336,0.38033333333333336,0.38033333333333336,,,,,,,,
189,evolutionary,seeded,string,4,,,,,5.104333333333333,4.323666666666667,3.5430000000000006,3.5430000000000006,3.5430000000000006,1.7843333333333333,1.3118333333333334,0.8393333333333333,0.8393333333333333,0.8393333333333333,0.8393333333333333,0.8393333333333333,0.8393333333333333,0.8393333333333333,0.8393333333333333,0.8393333333333333,0.8393333333333333,0.8393333333333333,0.8393333333333333,0.6568333333333333,0.47433333333333333,0.47433333333333333,0.4343333333333333,0.4343333333333333,0.4343333333333333,0.4343333333333333,0.4343333333333333,0.4343333333333333,0.4343333333333333,0.42733333333333334,0.4203333333333334,0.4203333333333334,0.4203333333333334,0.4203333333333334,0.4203333333333334,0.4203333333333334,0.3771666666666667,0.334,0.334,0.334,0.334,0.334,0.334,,,
190,evolutionary,seeded,membrane,0,,,,,7.82,7.291888888888889,6.763777777777778,6.235666666666667,6.202416666666667,6.169166666666667,6.135916666666667,6.102666666666667,6.102666666666667,6.102666666666667,5.035,4.908166666666666,4.781333333333333,4.655333333333333,4.529333333333334,3.767333333333333,3.005333333333333,2.7991666666666664,2.593,2.5292222222222223,2.4654444444444445,2.401666666666667,2.401666666666667,2.401666666666667,2.401666666666667,2.1016666666666666,2.1016666666666666,1.9116666666666664,1.9116666666666664,1.9116666666666664,1.9116666666666664,1.9116666666666664,1.9116666666666664,1.9116666666666664,1.7426666666666666,1.7426666666666666,1.6333333333333335,1.5279999999999998,1.5279999999999998,1.5279999999999998,1.5279999999999998,1.5279999999999998,1.5279999999999998,1.5279999999999998,1.5279999999999998,1.5279999999999998
191,evolutionary,seeded,membrane,1,,,,,8.726666666666667,6.965666666666667,4.909666666666666,4.204833333333333,3.5,3.5,3.1176666666666666,2.827666666666667,2.6661666666666672,2.504666666666667,2.504666666666667,2.504666666666667,2.504666666666667,2.1435,1.782333333333333,1.782333333333333,1.6604999999999999,1.5386666666666666,1.5386666666666666,1.5386666666666666,1.5386666666666666,1.3016666666666667,1.3016666666666667,1.3016666666666667,1.3016666666666667,1.3016666666666667,1.3016666666666667,1.3016666666666667,0.908,0.908,0.908,0.908,0.908,0.908,0.908,0.908,0.908,0.908,0.6236666666666667,,,,,,,
192,evolutionary,seeded,membrane,2,,,,,9.667333333333334,8.054833333333333,6.442333333333333,5.831333333333333,5.2203333333333335,4.609333333333334,4.609333333333334,4.442,4.386,4.33,4.274,4.075666666666667,4.075666666666667,4.075666666666667,3.560666666666667,3.045666666666667,3.045666666666667,3.045666666666667,2.846,2.646333333333333,1.4996666666666665,1.4996666666666665,1.4996666666666665,1.4996666666666665,1.4996666666666665,1.4996666666666665,1.4996666666666665,1.2798333333333332,1.0599999999999998,1.0599999999999998,1.0599999999999998,1.0599999999999998,1.0599999999999998,1.0439999999999998,1.0439999999999998,1.0439999999999998,1.0439999999999998,1.0439999999999998,1.0439999999999998,0.8609999999999999,0.6779999999999999,0.6779999999999999,0.6779999999999999,0.6779999999999999,0.4713333333333333,0.4713333333333333
193,evolutionary,seeded,membrane,3,,,,,10.298,8.796999999999999,8.699333333333334,8.104833333333334,7.510333333333333,6.717499999999999,5.924666666666667,5.924666666666667,4.075,3.270666666666667,3.270666666666667,3.270666666666667,3.270666666666667,3.270666666666667,3.270666666666667,3.270666666666667,2.587,2.587,1.9526666666666668,1.9526666666666668,1.9526666666666668,1.9526666666666668,1.9526666666666668,1.9526666666666668,1.9224999999999999,1.8923333333333332,1.8923333333333332,1.8923333333333332,1.8923333333333332,1.8923333333333332,1.3713333333333333,1.3713333333333333,1.3713333333333333,1.3713333333333333,1.3713333333333333,1.3713333333333333,1.3713333333333333,1.3713333333333333,,,,,,,,
194,evolutionary,seeded,membrane,4,,,,,5.488333333333333,4.984,4.984,4.9765,4.969,4.0569999999999995,3.830666666666666,3.604333333333333,2.8473333333333333,2.609,2.429666666666667,2.2503333333333333,2.2503333333333333,2.2503333333333333,2.2503333333333333,1.9955555555555555,1.7407777777777778,1.486,1.1749999999999998,1.1749999999999998,1.1749999999999998,1.1749999999999998,1.1749999999999998,1.1749999999999998,1.1749999999999998,1.1749999999999998,1.1749999999999998,1.1749999999999998,1.1749999999999998,1.1749999999999998,1.1749999999999998,1.1749999999999998,1.1749999999999998,1.1749999999999998,1.1749999999999998,0.9476666666666667,0.9476666666666667,0.9476666666666667,0.9476666666666667,0.9476666666666667,0.9476666666666667,0.9476666666666667,,,,
195,evolutionary,seeded,vesicle,0,,,,,6.516666666666667,5.619777777777777,4.722888888888889,3.826,3.5010833333333333,3.176166666666667,2.8512500000000003,2.5263333333333335,2.5263333333333335,2.5263333333333335,2.5263333333333335,2.5263333333333335,2.5263333333333335,2.5263333333333335,2.5263333333333335,2.5263333333333335,2.5263333333333335,2.5263333333333335,2.5263333333333335,2.5263333333333335,2.5263333333333335,2.5263333333333335,2.5263333333333335,2.5263333333333335,2.5263333333333335,2.5263333333333335,2.5263333333333335,2.5263333333333335,2.5263333333333335,2.1013333333333333,2.1013333333333333,2.1013333333333333,2.1013333333333333,2.1013333333333333,2.1013333333333333,2.1013333333333333,2.1013333333333333,1.8836666666666666,1.8836666666666666,1.8836666666666666,1.7730000000000004,1.717166666666667,1.6613333333333333,1.6030000000000002,1.5446666666666669,1.5446666666666669
196,evolutionary,seeded,vesicle,1,,,,,10.893666666666666,7.062333333333332,6.403666666666666,5.0905,3.7773333333333334,3.7773333333333334,3.1316666666666664,3.114333333333333,2.6601666666666666,2.206,1.375,1.375,1.375,1.375,1.375,1.375,0.9105,0.44599999999999995,0.18933333333333335,0.18933333333333335,0.18933333333333335,0.18933333333333335,0.18933333333333335,0.18933333333333335,0.18933333333333335,0.18933333333333335,0.18933333333333335,0.18933333333333335,0.18933333333333335,0.18933333333333335,0.18933333333333335,0.18933333333333335,0.18933333333333335,0.18933333333333335,0.18933333333333335,0.18933333333333335,0.18933333333333335,0.18933333333333335,0.18933333333333335,,,,,,,
197,evolutionary,seeded,vesicle,2,,,,,7.623,6.511666666666667,5.400333333333333,5.400333333333333,5.400333333333333,5.400333333333333,5.400333333333333,5.400333333333333,4.739222222222223,4.078111111111111,3.4170000000000003,3.4170000000000003,3.0018333333333334,2.5866666666666664,2.538,2.489333333333333,2.489333333333333,2.489333333333333,1.9445,1.3996666666666666,1.3996666666666666,1.3996666666666666,1.3996666666666666,1.3996666666666666,1.3996666666666666,1.3996666666666666,1.3996666666666666,1.1451666666666667,0.8906666666666666,0.8906666666666666,0.8906666666666666,0.8906666666666666,0.8906666666666666,0.8906666666666666,0.8906666666666666,0.8906666666666666,0.8906666666666666,0.8906666666666666,0.8906666666666666,0.8906666666666666,0.8906666666666666,0.8906666666666666,0.8906666666666666,0.8906666666666666,0.8453333333333334,0.8453333333333334
198,evolutionary,seeded,vesicle,3,,,,,7.689666666666667,7.689666666666667,7.059,6.428333333333334,5.797666666666667,5.797666666666667,5.797666666666667,5.566833333333333,5.335999999999999,5.335999999999999,4.625333333333334,3.048,3.048,3.048,3.048,3.048,3.048,2.4633333333333334,2.4633333333333334,1.7416666666666665,1.4626666666666666,0.8666666666666667,0.8666666666666667,0.8666666666666667,0.8666666666666667,0.8666666666666667,0.8666666666666667,0.8666666666666667,0.8666666666666667,0.8666666666666667,0.7450000000000001,0.7450000000000001,0.7450000000000001,0.7450000000000001,0.7450000000000001,0.7450000000000001,0.7450000000000001,0.7450000000000001,0.7450000000000001,0.7450000000000001,,,,,,
199,evolutionary,seeded,vesicle,4,,,,,4.519333333333333,4.124833333333333,3.730333333333333,3.730333333333333,3.730333333333333,3.730333333333333,2.1790000000000003,2.1013333333333337,2.0236666666666667,2.0236666666666667,2.0236666666666667,2.0236666666666667,2.0236666666666667,2.0236666666666667,2.0236666666666667,2.0236666666666667,1.8782222222222222,1.732777777777778,1.5873333333333335,1.5873333333333335,1.5873333333333335,1.5873333333333335,1.5873333333333335,1.5873333333333335,1.5873333333333335,1.5873333333333335,1.5873333333333335,1.5873333333333335,1.5873333333333335,1.5873333333333335,1.435,1.2826666666666666,1.2826666666666666,1.2826666666666666,1.2826666666666666,1.2826666666666666,1.2826666666666666,1.2826666666666666,1.2826666666666666,1.2826666666666666,1.2826666666666666,1.2826666666666666,1.2826666666666666,1.2826666666666666,,
200,evolutionary,seeded,wormlike micelle,0,,,,,9.193333333333333,7.984,6.774666666666667,5.565333333333334,5.122416666666667,4.679500000000001,4.236583333333334,3.7936666666666667,2.598666666666667,2.598666666666667,2.598666666666667,2.598666666666667,2.529,2.529,2.529,2.5225,2.516,2.516,2.516,2.516,2.516,2.516,2.3804444444444446,2.2448888888888887,2.1093333333333333,2.1093333333333333,2.1093333333333333,2.1093333333333333,2.1093333333333333,2.1093333333333333,2.1093333333333333,2.1093333333333333,2.1093333333333333,2.1093333333333333,2.1093333333333333,2.1093333333333333,2.1093333333333333,2.1093333333333333,1.8896666666666668,1.8896666666666668,1.8896666666666668,1.8896666666666668,1.8896666666666668,1.8896666666666668,1.8896666666666668,1.8896666666666668
201,evolutionary,seeded,wormlike micelle,1,,,,,3.321,1.2963333333333333,1.1853333333333333,1.1853333333333333,1.1853333333333333,1.1853333333333333,1.1853333333333333,1.1853333333333333,0.958,0.7306666666666667,0.7306666666666667,0.7306666666666667,0.7306666666666667,0.7306666666666667,0.7306666666666667,0.7306666666666667,0.7306666666666667,0.7306666666666667,0.5756666666666667,0.5756666666666667,0.5756666666666667,0.5756666666666667,0.5756666666666667,0.5678888888888889,0.5601111111111111,0.5523333333333333,0.5523333333333333,0.5523333333333333,0.5523333333333333,0.5523333333333333,0.5523333333333333,0.5523333333333333,0.5492222222222223,0.5461111111111111,0.543,0.45166666666666666,0.45166666666666666,0.45166666666666666,0.23033333333333336,,,,,,,
202,evolutionary,seeded,wormlike micelle,2,,,,,11.299000000000001,10.510166666666667,9.721333333333334,8.619444444444445,7.517555555555555,6.415666666666667,5.160666666666667,5.160666666666667,4.3581111111111115,3.5555555555555554,2.753,2.7079999999999997,2.4021666666666666,2.0963333333333334,2.0756666666666668,2.055,1.9456666666666669,1.8363333333333334,1.6491666666666667,1.462,1.462,1.462,1.462,1.462,1.462,1.3611666666666666,1.2603333333333333,1.0528333333333333,0.8453333333333334,0.8453333333333334,0.8453333333333334,0.8453333333333334,0.8453333333333334,0.8453333333333334,0.8453333333333334,0.8453333333333334,0.8453333333333334,0.7063333333333333,0.7063333333333333,0.7063333333333333,0.7063333333333333,0.7063333333333333,0.7063333333333333,0.7063333333333333,0.4623333333333333,0.4623333333333333
203,evolutionary,seeded,wormlike micelle,3,,,,,10.602666666666666,7.28,5.4606666666666674,4.425166666666668,3.389666666666667,3.2154999999999996,3.0413333333333328,3.0413333333333328,2.1213333333333333,1.5276666666666667,1.5276666666666667,1.5276666666666667,1.5276666666666667,1.5276666666666667,1.5276666666666667,1.263,0.8733333333333334,0.8733333333333334,0.8733333333333334,0.7479999999999999,0.7479999999999999,0.7479999999999999,0.6953333333333332,0.6426666666666666,0.6426666666666666,0.6426666666666666,0.6426666666666666,0.6426666666666666,0.6426666666666666,0.6426666666666666,0.4026666666666667,0.4026666666666667,0.4026666666666667,0.4026666666666667,0.4026666666666667,0.4026666666666667,0.4026666666666667,0.4026666666666667,,,,,,,,
204,evolutionary,seeded,wormlike micelle,4,,,,,9.659333333333334,7.776666666666666,7.776666666666666,7.179,6.581333333333333,4.503,3.8068333333333335,3.110666666666667,2.0233333333333334,1.2873333333333334,1.2873333333333334,1.2873333333333334,1.2873333333333334,1.2873333333333334,1.2873333333333334,1.2873333333333334,1.2873333333333334,1.2873333333333334,1.2873333333333334,1.2371666666666667,1.187,1.187,1.187,1.187,1.187,1.187,1.187,1.187,0.8166666666666668,0.8166666666666668,0.8166666666666668,0.8166666666666668,0.8166666666666668,0.8166666666666668,0.8166666666666668,0.438,0.3763333333333333,0.31466666666666665,0.31466666666666665,0.31466666666666665,0.31466666666666665,0.31466666666666665,,,,
205,evolutionary,seeded,spherical micelle,0,,,,,6.540666666666667,5.502888888888889,4.465111111111112,3.4273333333333333,3.1318333333333332,2.836333333333333,2.5408333333333335,2.2453333333333334,2.2453333333333334,2.2453333333333334,2.2453333333333334,2.2453333333333334,2.2453333333333334,2.2453333333333334,2.2453333333333334,2.2453333333333334,2.2453333333333334,2.2453333333333334,2.2453333333333334,2.2453333333333334,2.2453333333333334,2.2453333333333334,2.2453333333333334,2.2453333333333334,2.2453333333333334,2.2453333333333334,2.1313333333333335,2.1313333333333335,2.1313333333333335,2.1313333333333335,2.1313333333333335,2.1313333333333335,1.9921666666666669,1.853,1.853,1.853,1.853,1.853,1.853,1.853,1.853,1.853,1.853,1.853,1.853,1.853
206,evolutionary,seeded,spherical micelle,1,,,,,5.720666666666666,3.622333333333333,1.6566666666666665,1.4926666666666666,1.3286666666666667,1.2816666666666665,1.2816666666666665,1.2816666666666665,1.19,1.0983333333333334,0.9499999999999998,0.9499999999999998,0.9499999999999998,0.9453333333333332,0.9406666666666667,0.9406666666666667,0.9406666666666667,0.9406666666666667,0.8076666666666666,0.61,0.61,0.61,0.5716666666666667,0.5274444444444444,0.4832222222222222,0.439,0.439,0.439,0.439,0.439,0.439,0.439,0.439,0.439,0.439,0.39166666666666666,0.39166666666666666,0.3543333333333334,0.3543333333333334,,,,,,,
207,evolutionary,seeded,spherical micelle,2,,,,,7.448333333333333,6.7075555555555555,5.966777777777778,5.226,4.261,4.261,3.555,2.849,2.1430000000000002,1.4506666666666668,1.2391666666666667,1.0276666666666667,1.0276666666666667,1.0276666666666667,1.012,0.9963333333333333,0.8546666666666667,0.7130000000000001,0.7130000000000001,0.7130000000000001,0.7130000000000001,0.7130000000000001,0.7130000000000001,0.7130000000000001,0.7130000000000001,0.7130000000000001,0.7130000000000001,0.7130000000000001,0.7130000000000001,0.7130000000000001,0.7130000000000001,0.7130000000000001,0.7130000000000001,0.7130000000000001,0.7130000000000001,0.4663333333333333,0.4663333333333333,0.4663333333333333,0.4663333333333333,0.4663333333333333,0.4663333333333333,0.4663333333333333,0.4626666666666666,0.4626666666666666,0.4626666666666666,
208,evolutionary,seeded,spherical micelle,3,,,,,5.917333333333333,3.864333333333333,3.4506666666666668,2.7758333333333334,2.101,2.101,2.101,2.101,2.101,1.218,1.1243333333333334,1.1243333333333334,1.1243333333333334,1.1243333333333334,1.1243333333333334,1.028,1.028,1.028,1.028,0.7633333333333333,0.7633333333333333,0.7633333333333333,0.5868333333333333,0.41033333333333327,0.41033333333333327,0.41033333333333327,0.41033333333333327,0.41033333333333327,0.338,0.338,0.338,0.338,0.338,0.338,0.32233333333333336,0.30666666666666664,0.291,0.291,,,,,,,,
209,evolutionary,seeded,spherical micelle,4,,,,,9.670333333333332,7.926499999999999,6.182666666666666,6.119,4.338333333333334,2.1866666666666665,1.8203333333333331,1.454,1.454,0.754,0.7398333333333333,0.7256666666666667,0.7256666666666667,0.6711666666666667,0.6166666666666666,0.6166666666666666,0.6166666666666666,0.6166666666666666,0.6166666666666666,0.6166666666666666,0.6166666666666666,0.6166666666666666,0.6166666666666666,0.6166666666666666,0.5846666666666667,0.5846666666666667,0.5846666666666667,0.5846666666666667,0.5593333333333332,0.5339999999999999,0.5339999999999999,0.361,0.361,0.361,0.361,0.361,0.361,0.361,0.361,0.3456666666666666,0.3456666666666666,0.3456666666666666,,,,
210,evolutionary,unseeded,liquid,0,,,,,11.443999999999997,11.287666666666667,10.457166666666666,9.626666666666667,9.121222222222222,8.615777777777778,8.110333333333333,6.187,6.187,6.187,6.187,5.535666666666667,4.884333333333333,4.884333333333333,4.884333333333333,4.3375,3.7906666666666666,3.7906666666666666,3.5621111111111112,3.333555555555556,3.1050000000000004,2.5573333333333332,2.0096666666666665,2.0096666666666665,1.2826666666666666,0.7286666666666667,0.7286666666666667,0.7286666666666667,0.7286666666666667,0.7286666666666667,0.7286666666666667,0.7286666666666667,0.7286666666666667,0.7286666666666667,0.5916666666666667,0.5916666666666667,0.5916666666666667,0.5916666666666667,0.5916666666666667,0.5916666666666667,0.5718333333333333,0.5519999999999999,0.5519999999999999,0.5519999999999999,0.5519999999999999,0.5519999999999999
211,evolutionary,unseeded,liquid,1,,,,,12.865666666666664,10.713666666666668,9.028666666666666,9.028666666666666,9.028666666666666,7.426333333333335,4.602,2.9026666666666667,2.2465,1.5903333333333334,1.5903333333333334,1.5776666666666668,1.563,1.5385,1.514,1.514,1.514,1.514,1.276,1.2676666666666667,1.2676666666666667,1.2676666666666667,1.2676666666666667,1.2676666666666667,1.2676666666666667,1.2676666666666667,1.2676666666666667,1.2676666666666667,1.2676666666666667,1.2676666666666667,1.2676666666666667,1.2676666666666667,1.2676666666666667,1.2676666666666667,1.2676666666666667,1.2676666666666667,1.2676666666666667,1.2676666666666667,1.2676666666666667,1.2676666666666667,1.2650000000000001,1.2623333333333333,,,,
212,evolutionary,unseeded,liquid,2,,,,,7.6176666666666675,7.413444444444445,7.209222222222222,7.005,7.005,5.763333333333333,5.149444444444444,4.535555555555556,3.921666666666667,2.6999999999999997,2.6999999999999997,2.6999999999999997,2.1106666666666665,1.5213333333333334,1.5213333333333334,1.5213333333333334,1.4228333333333334,1.3243333333333334,1.3243333333333334,1.3243333333333334,1.1381666666666668,0.952,0.952,0.8094999999999999,0.6669999999999999,0.6669999999999999,0.6669999999999999,0.6518888888888889,0.6367777777777778,0.6216666666666667,0.6216666666666667,0.6216666666666667,0.6216666666666667,0.6216666666666667,0.6216666666666667,0.6216666666666667,0.6216666666666667,0.6216666666666667,0.6216666666666667,0.6216666666666667,0.6216666666666667,0.6216666666666667,0.6216666666666667,0.6216666666666667,0.5928333333333333,0.564
213,evolutionary,unseeded,liquid,3,,,,,8.752333333333333,8.410222222222222,8.06811111111111,7.725999999999999,4.791666666666667,4.244222222222223,3.696777777777778,3.1493333333333333,2.442833333333333,1.7363333333333333,1.4008333333333334,1.0653333333333332,0.7856666666666666,0.506,0.39733333333333337,0.39733333333333337,0.39733333333333337,0.39733333333333337,0.39733333333333337,0.39733333333333337,0.39733333333333337,0.39733333333333337,0.39733333333333337,0.39733333333333337,0.39733333333333337,0.39733333333333337,0.39733333333333337,0.39733333333333337,0.39733333333333337,0.39733333333333337,0.39733333333333337,0.39733333333333337,0.39733333333333337,0.39733333333333337,0.39733333333333337,0.39733333333333337,0.39733333333333337,0.39733333333333337,0.37066666666666664,0.37066666666666664,0.37066666666666664,0.37066666666666664,0.37066666666666664,0.37066666666666664,0.37066666666666664,0.37066666666666664
214,evolutionary,unseeded,liquid,4,,,,,9.075666666666667,6.769166666666667,4.462666666666666,3.6533333333333333,2.8440000000000003,2.034666666666667,2.034666666666667,2.034666666666667,1.6445,1.2543333333333333,0.864,0.864,0.864,0.864,0.864,0.864,0.864,0.864,0.864,0.864,0.864,0.864,0.864,0.864,0.864,0.864,0.864,0.7378333333333333,0.6116666666666667,0.548,0.548,0.548,0.5396666666666667,0.5313333333333333,0.5313333333333333,0.5313333333333333,0.5313333333333333,0.5313333333333333,0.5313333333333333,0.5313333333333333,0.5313333333333333,0.5313333333333333,0.5313333333333333,0.5126666666666667,0.5126666666666667,0.5126666666666667
215,evolutionary,unseeded,string,0,,,,,9.988333333333333,9.759777777777778,9.531222222222222,9.302666666666667,9.152583333333334,9.002500000000001,8.852416666666667,8.702333333333334,8.702333333333334,8.702333333333334,8.702333333333334,8.611777777777778,8.521222222222223,8.430666666666667,8.430666666666667,8.112833333333333,7.794999999999999,7.794999999999999,7.794999999999999,7.700166666666666,7.605333333333334,7.5678333333333345,7.530333333333334,7.530333333333334,7.303444444444445,7.076555555555556,6.849666666666667,6.418416666666666,5.987166666666667,5.555916666666667,5.124666666666666,5.124666666666666,5.020666666666667,4.585333333333334,4.585333333333334,4.585333333333334,4.585333333333334,4.585333333333334,4.5535,4.5216666666666665,4.5216666666666665,4.5216666666666665,4.499666666666666,4.4879999999999995,4.4879999999999995,4.4879999999999995
216,evolutionary,unseeded,string,1,,,,,7.0889999999999995,6.916333333333334,6.506333333333334,6.096333333333333,5.686333333333333,5.686333333333333,5.686333333333333,5.686333333333333,5.301666666666667,5.301666666666667,5.301666666666667,5.301666666666667,5.301666666666667,5.301666666666667,5.301666666666667,4.9398333333333335,4.578,4.578,4.578,4.578,4.578,4.578,4.578,4.578,4.578,4.578,4.578,4.578,4.578,4.578,4.476666666666667,4.476666666666667,4.472833333333334,4.469,4.469,4.469,4.469,4.469,4.469,4.469,4.469,4.469,4.457666666666666,4.4463333333333335,,
217,evolutionary,unseeded,string,2,,,,,9.714,8.926333333333334,8.138666666666667,7.081777777777778,6.0248888888888885,4.968,4.418666666666667,3.8693333333333335,3.8693333333333335,3.220666666666667,2.572,1.9233333333333331,1.9233333333333331,1.9233333333333331,1.9233333333333331,1.9233333333333331,1.9233333333333331,1.9233333333333331,1.9233333333333331,1.9233333333333331,1.9233333333333331,1.9233333333333331,1.6946666666666665,1.6946666666666665,1.6946666666666665,1.5380000000000003,1.5380000000000003,1.5380000000000003,1.1905000000000001,0.843,0.843,0.843,0.843,0.843,0.843,0.843,0.843,0.843,0.843,0.843,0.6881666666666666,0.5333333333333333,0.5333333333333333,0.5333333333333333,0.5333333333333333,0.38266666666666665
218,evolutionary,unseeded,string,3,,,,,12.219,12.027666666666667,11.471333333333334,11.068444444444445,10.665555555555557,10.262666666666668,10.262666666666668,10.262666666666668,10.262666666666668,10.262666666666668,10.101,9.931777777777778,9.762555555555556,9.593333333333334,9.593333333333334,9.593333333333334,9.593333333333334,9.593333333333334,8.553666666666667,8.149666666666667,7.745666666666668,7.745666666666668,7.2123333333333335,6.678999999999999,6.678999999999999,6.437333333333333,6.195666666666667,5.959444444444444,5.723222222222222,5.486999999999999,5.486999999999999,5.486999999999999,5.486999999999999,5.486999999999999,4.698666666666667,4.202500000000001,3.7063333333333333,3.7063333333333333,3.7063333333333333,3.7063333333333333,3.511333333333333,3.511333333333333,3.511333333333333,3.511333333333333,3.511333333333333,3.511333333333333
219,evolutionary,unseeded,string,4,,,,,8.822333333333333,8.185,7.547666666666667,7.547666666666667,7.547666666666667,7.374333333333333,7.374333333333333,7.374333333333333,6.2860000000000005,6.2860000000000005,6.2860000000000005,6.2860000000000005,6.2860000000000005,6.120000000000001,5.954000000000001,5.954000000000001,5.954000000000001,5.954000000000001,5.954000000000001,5.7325,5.511,5.511,5.511,5.511,5.511,5.511,5.018666666666667,5.018666666666667,5.018666666666667,5.018666666666667,5.018666666666667,5.018666666666667,4.458,4.458,4.458,4.458,4.458,4.458,4.285333333333334,4.112666666666667,4.112666666666667,4.112666666666667,,,,
220,evolutionary,unseeded,membrane,0,,,,,7.6290000000000004,7.617222222222223,7.605444444444445,7.5936666666666675,7.361000000000001,7.128333333333334,6.895666666666667,6.663,6.663,6.663,5.8950000000000005,5.8950000000000005,5.8950000000000005,5.6165,5.338,5.338,5.338,5.101333333333334,4.864666666666667,4.864666666666667,4.864666666666667,4.864666666666667,4.864666666666667,4.864666666666667,4.864666666666667,4.864666666666667,4.864666666666667,4.595666666666666,4.595666666666666,4.595666666666666,4.595666666666666,4.595666666666666,4.595666666666666,4.595666666666666,4.595666666666666,4.595666666666666,4.595666666666666,4.595666666666666,4.595666666666666,4.595666666666666,4.1273333333333335,3.969666666666667,3.812,3.812,3.812,3.812
221,evolutionary,unseeded,membrane,1,,,,,8.321333333333333,8.139333333333333,7.751,7.751,7.751,7.751,6.0616666666666665,5.903333333333333,4.360166666666666,2.817,2.817,2.817,1.765,1.765,1.765,1.765,1.765,1.765,1.765,1.765,1.765,1.7293333333333332,1.7293333333333332,1.7293333333333332,1.7293333333333332,1.7293333333333332,1.7293333333333332,1.7293333333333332,1.5719999999999998,1.5719999999999998,1.2623333333333333,0.9526666666666666,0.9526666666666666,0.9526666666666666,0.9526666666666666,0.9526666666666666,0.9526666666666666,0.9526666666666666,0.9526666666666666,0.9526666666666666,0.9526666666666666,0.9526666666666666,0.8140000000000001,,,
222,evolutionary,unseeded,membrane,2,,,,,5.9430000000000005,5.009833333333334,4.076666666666667,3.991666666666667,3.9066666666666667,3.8216666666666668,3.8216666666666668,3.8216666666666668,3.3693333333333335,2.917,2.4646666666666666,2.4646666666666666,2.1196666666666664,1.7746666666666666,1.7746666666666666,1.7746666666666666,1.7746666666666666,1.7746666666666666,1.7746666666666666,1.7746666666666666,1.7746666666666666,1.7746666666666666,1.7746666666666666,1.7746666666666666,1.7746666666666666,1.7746666666666666,1.7746666666666666,1.7746666666666666,1.7746666666666666,1.7746666666666666,1.7746666666666666,1.7746666666666666,1.7746666666666666,1.7746666666666666,1.7746666666666666,1.7746666666666666,1.7746666666666666,1.7746666666666666,1.7746666666666666,1.7746666666666666,1.7746666666666666,1.7746666666666666,1.7746666666666666,1.7746666666666666,1.7746666666666666,1.7746666666666666
223,evolutionary,unseeded,membrane,3,,,,,9.196333333333333,8.586333333333334,8.231666666666667,8.13588888888889,8.040111111111111,7.944333333333333,7.944333333333333,7.438,7.438,7.438,7.135333333333333,6.837999999999999,6.540666666666667,5.759166666666667,4.977666666666667,3.4726666666666666,2.0690000000000004,2.0690000000000004,2.0690000000000004,2.0690000000000004,1.4006666666666667,1.4006666666666667,1.4006666666666667,1.4006666666666667,1.4006666666666667,1.4006666666666667,1.4006666666666667,1.3251666666666666,1.2496666666666665,1.2496666666666665,1.2496666666666665,1.2496666666666665,1.2496666666666665,1.2496666666666665,1.2496666666666665,1.2496666666666665,1.2496666666666665,1.2496666666666665,1.2496666666666665,1.2496666666666665,1.2496666666666665,1.2496666666666665,1.2496666666666665,1.2496666666666665,1.2496666666666665,1.2496666666666665
224,evolutionary,unseeded,membrane,4,,,,,5.488333333333333,4.845166666666667,4.202,4.202,4.202,3.4776666666666665,3.4776666666666665,3.4776666666666665,2.3203333333333336,2.3203333333333336,2.3203333333333336,2.3203333333333336,2.3203333333333336,2.3203333333333336,2.3203333333333336,2.3203333333333336,2.3203333333333336,2.3203333333333336,2.3203333333333336,2.3203333333333336,2.3203333333333336,2.3203333333333336,2.3203333333333336,2.3203333333333336,2.3203333333333336,2.3203333333333336,2.3203333333333336,2.3203333333333336,2.3203333333333336,2.3203333333333336,2.3203333333333336,2.3203333333333336,2.3203333333333336,2.3203333333333336,2.3203333333333336,2.3203333333333336,2.3203333333333336,1.9720000000000002,1.6236666666666668,1.6236666666666668,1.6236666666666668,1.1556666666666666,1.1556666666666666,1.1556666666666666,,
225,evolutionary,unseeded,vesicle,0,,,,,6.516666666666667,5.721444444444445,4.926222222222222,4.131,3.930916666666667,3.730833333333334,3.5307500000000003,3.330666666666667,3.330666666666667,3.330666666666667,3.173,3.173,3.173,2.9973333333333336,2.8216666666666668,2.8216666666666668,2.8216666666666668,2.2161666666666666,1.6106666666666667,1.427,1.2433333333333334,1.0596666666666668,1.0596666666666668,1.0596666666666668,1.0596666666666668,1.0596666666666668,1.0596666666666668,1.0596666666666668,1.0596666666666668,1.0596666666666668,1.0596666666666668,1.0596666666666668,1.0596666666666668,1.0596666666666668,1.0596666666666668,1.0596666666666668,1.0596666666666668,1.0596666666666668,1.0596666666666668,1.0596666666666668,1.0596666666666668,0.8460000000000001,0.8460000000000001,0.8460000000000001,0.8203333333333334,0.7946666666666667
226,evolutionary,unseeded,vesicle,1,,,,,9.397333333333334,8.536666666666667,8.414666666666667,7.898666666666667,7.382666666666666,7.382666666666666,7.382666666666666,5.870666666666668,5.597333333333333,5.324,4.571000000000001,4.571000000000001,4.571000000000001,4.169666666666667,3.768333333333333,3.768333333333333,3.768333333333333,3.701333333333333,3.701333333333333,3.4753333333333334,3.4753333333333334,3.4753333333333334,3.406,3.3366666666666664,3.267333333333333,3.267333333333333,3.267333333333333,3.267333333333333,3.267333333333333,3.267333333333333,2.5113333333333334,2.5113333333333334,2.5113333333333334,2.5113333333333334,2.5113333333333334,2.3036666666666665,2.096,2.0606666666666666,2.0606666666666666,,,,,,,
227,evolutionary,unseeded,vesicle,2,,,,,5.409,4.863833333333333,4.318666666666666,4.039111111111111,3.7595555555555555,3.4800000000000004,3.4800000000000004,3.3083333333333336,3.106666666666667,2.905,2.703333333333333,2.703333333333333,2.4493333333333336,2.1953333333333336,2.1953333333333336,2.1953333333333336,2.1043333333333334,2.013333333333333,2.013333333333333,2.013333333333333,1.9331666666666667,1.853,1.853,1.853,1.853,1.853,1.853,1.853,1.853,1.853,1.853,1.853,1.853,1.853,1.853,1.853,1.853,1.853,1.8470000000000002,1.8470000000000002,1.8470000000000002,1.8470000000000002,1.8470000000000002,1.8470000000000002,1.7257777777777779,1.6045555555555557
228,evolutionary,unseeded,vesicle,3,,,,,6.0553333333333335,5.3373333333333335,5.3373333333333335,5.3373333333333335,5.3373333333333335,5.3373333333333335,5.3373333333333335,5.3373333333333335,5.3373333333333335,4.732666666666667,4.217333333333333,4.217333333333333,4.217333333333333,4.217333333333333,4.217333333333333,4.217333333333333,4.217333333333333,4.217333333333333,4.217333333333333,4.217333333333333,4.217333333333333,4.217333333333333,4.217333333333333,4.217333333333333,4.217333333333333,4.217333333333333,4.217333333333333,4.217333333333333,4.217333333333333,4.217333333333333,4.217333333333333,4.217333333333333,4.217333333333333,4.217333333333333,4.217333333333333,4.217333333333333,4.217333333333333,4.217333333333333,4.217333333333333,4.217333333333333,4.217333333333333,,,,,
229,evolutionary,unseeded,vesicle,4,,,,,4.519333333333333,4.124833333333333,3.730333333333333,3.730333333333333,3.5891666666666664,3.4480000000000004,2.899666666666667,2.8136666666666668,2.7276666666666665,2.7276666666666665,2.7276666666666665,2.3631666666666664,1.9986666666666668,1.9986666666666668,1.8005,1.6023333333333334,1.6023333333333334,1.6023333333333334,1.6023333333333334,1.6023333333333334,1.6023333333333334,1.6023333333333334,1.6023333333333334,1.6023333333333334,1.6023333333333334,1.6023333333333334,1.6023333333333334,1.6023333333333334,1.6023333333333334,1.594,1.594,1.594,1.594,1.594,1.594,1.594,1.594,1.594,1.594,1.594,1.594,1.594,1.594,1.594,,
230,evolutionary,unseeded,wormlike micelle,0,,,,,7.657,7.220444444444444,6.78388888888889,6.347333333333334,6.347333333333334,6.347333333333334,6.189333333333333,6.189333333333333,6.189333333333333,6.189333333333333,6.189333333333333,6.189333333333333,6.189333333333333,6.189333333333333,6.189333333333333,6.169833333333333,6.150333333333333,6.150333333333333,6.150333333333333,5.987666666666667,5.824999999999999,5.662333333333333,5.662333333333333,5.662333333333333,5.662333333333333,5.662333333333333,5.260666666666666,4.857333333333333,4.763000000000001,4.763000000000001,4.335333333333334,3.9576666666666664,3.5799999999999996,3.3685,3.157,3.157,3.0285555555555557,2.900111111111111,2.7716666666666665,2.0563333333333333,1.5433333333333332,1.5433333333333332,1.5433333333333332,1.5433333333333332,1.3293333333333333,1.1153333333333333
231,evolutionary,unseeded,wormlike micelle,1,,,,,3.321,3.321,2.6701111111111113,2.019222222222222,1.3683333333333334,1.3683333333333334,1.3683333333333334,1.3683333333333334,1.0646666666666667,1.0476666666666665,1.0476666666666665,1.0476666666666665,1.0476666666666665,1.0476666666666665,1.0476666666666665,1.025,1.0023333333333333,1.0023333333333333,1.0023333333333333,1.0023333333333333,1.0023333333333333,1.0023333333333333,1.0023333333333333,1.0023333333333333,1.0023333333333333,1.0023333333333333,1.0023333333333333,1.0023333333333333,0.9968333333333333,0.9913333333333334,0.9913333333333334,0.723,0.723,0.723,0.723,0.723,0.723,0.723,0.723,0.723,0.723,0.6023333333333334,0.4816666666666667,0.4816666666666667,,
232,evolutionary,unseeded,wormlike micelle,2,,,,,10.081333333333333,9.778500000000001,9.475666666666667,9.475666666666667,9.475666666666667,9.475666666666667,9.251666666666667,9.251666666666667,9.251666666666667,9.251666666666667,8.168666666666667,7.0856666666666674,6.910166666666667,6.734666666666667,6.3575,5.980333333333333,5.514166666666666,5.048,5.048,5.048,3.3486666666666665,2.5953333333333335,2.5953333333333335,2.5953333333333335,2.4036666666666666,2.4036666666666666,2.4036666666666666,2.114333333333333,1.825,1.825,1.825,1.825,1.825,1.825,1.825,1.825,1.825,1.825,1.825,1.5911666666666666,1.357333333333333,1.357333333333333,1.351111111111111,1.3448888888888888,1.3386666666666667,0.9493333333333333
233,evolutionary,unseeded,wormlike micelle,3,,,,,10.602666666666666,9.142000000000001,8.799,8.634,8.469,7.474499999999999,6.4799999999999995,6.4799999999999995,6.001333333333332,5.715,5.715,5.715,5.715,5.715,5.715,5.715,5.715,5.715,5.535666666666667,5.535666666666667,5.535666666666667,5.535666666666667,5.535666666666667,5.535666666666667,5.535666666666667,5.535666666666667,5.535666666666667,5.535666666666667,5.535666666666667,5.535666666666667,5.535666666666667,5.535666666666667,5.535666666666667,5.535666666666667,5.535666666666667,5.535666666666667,5.535666666666667,5.535666666666667,5.535666666666667,5.535666666666667,,,,,,
234,evolutionary,unseeded,wormlike micelle,4,,,,,8.502,8.491,8.479999999999999,8.479999999999999,8.479999999999999,8.479999999999999,8.479999999999999,8.479999999999999,7.390666666666667,7.303333333333334,7.303333333333334,7.303333333333334,7.303333333333334,6.835833333333333,6.368333333333333,6.368333333333333,6.368333333333333,6.032999999999999,5.964222222222221,5.895444444444444,5.826666666666667,5.826666666666667,5.826666666666667,5.826666666666667,5.826666666666667,5.826666666666667,5.5393333333333326,5.5393333333333326,5.5393333333333326,5.5393333333333326,5.5393333333333326,5.5393333333333326,5.5393333333333326,5.5393333333333326,5.5393333333333326,5.5393333333333326,5.5393333333333326,5.5393333333333326,5.5393333333333326,5.5393333333333326,5.5393333333333326,5.5393333333333326,5.5393333333333326,5.5393333333333326,5.5393333333333326,5.5393333333333326
235,evolutionary,unseeded,spherical micelle,0,,,,,5.045000000000001,4.621222222222223,4.197444444444445,3.773666666666667,3.773666666666667,3.773666666666667,3.773666666666667,3.773666666666667,3.773666666666667,3.7588333333333335,3.744,3.744,3.744,3.744,3.744,3.744,3.744,3.744,3.744,3.744,3.744,3.744,3.744,3.647,3.5043333333333333,3.5043333333333333,3.5043333333333333,3.5043333333333333,3.4749999999999996,3.4456666666666664,3.400833333333333,3.356,3.356,3.189,3.189,3.189,3.116833333333333,3.0446666666666666,3.0446666666666666,3.0446666666666666,3.0446666666666666,3.0003333333333333,2.956,2.956,2.956,2.956
236,evolutionary,unseeded,spherical micelle,1,,,,,5.519666666666667,4.964666666666667,4.286555555555556,3.6084444444444443,2.9303333333333335,2.8306666666666667,2.731,2.731,2.6009999999999995,2.6009999999999995,2.6009999999999995,2.6009999999999995,2.6009999999999995,2.5376666666666665,2.5376666666666665,2.5229999999999997,2.5083333333333333,2.5083333333333333,2.5083333333333333,2.5083333333333333,2.5083333333333333,2.5083333333333333,2.5083333333333333,2.5083333333333333,2.5083333333333333,2.5083333333333333,2.5083333333333333,2.5083333333333333,2.5083333333333333,2.5083333333333333,2.5083333333333333,2.2226666666666666,2.1068333333333333,1.9910000000000003,1.9910000000000003,1.9910000000000003,1.9910000000000003,1.9910000000000003,1.9910000000000003,1.9910000000000003,1.9910000000000003,1.9910000000000003,1.9910000000000003,1.9459999999999997,,
237,evolutionary,unseeded,spherical micelle,2,,,,,7.448333333333333,7.297499999999999,7.146666666666666,7.146666666666666,6.619666666666667,6.380222222222223,6.140777777777778,5.9013333333333335,5.560333333333333,5.560333333333333,5.458166666666667,5.356000000000001,5.229333333333334,5.102666666666667,4.8213333333333335,4.54,4.093,3.6459999999999995,3.6459999999999995,3.6459999999999995,3.6459999999999995,3.6459999999999995,3.5841666666666665,3.5223333333333335,2.9019999999999997,2.9019999999999997,2.877333333333333,2.8526666666666665,2.5203333333333333,2.5203333333333333,2.5203333333333333,2.357333333333333,2.1943333333333332,2.1943333333333332,2.1943333333333332,2.1943333333333332,2.1943333333333332,2.1943333333333332,2.1943333333333332,2.1943333333333332,2.1943333333333332,2.1943333333333332,2.1943333333333332,2.1943333333333332,2.1943333333333332,2.0693333333333332
238,evolutionary,unseeded,spherical micelle,3,,,,,5.917333333333333,3.8333333333333335,2.703333333333333,2.593,2.4826666666666664,2.4826666666666664,2.4826666666666664,2.4826666666666664,2.4103333333333334,2.3906666666666667,2.2543333333333333,2.2543333333333333,2.2543333333333333,2.2543333333333333,2.2543333333333333,1.6789999999999996,1.6789999999999996,1.6789999999999996,1.6789999999999996,1.5946666666666667,1.5526666666666664,1.5526666666666664,1.2766666666666664,1.0006666666666666,1.0006666666666666,1.0006666666666666,1.0006666666666666,1.0006666666666666,0.7813333333333334,0.7813333333333334,0.7813333333333334,0.6686666666666667,0.6276666666666667,0.6276666666666667,0.6276666666666667,0.6276666666666667,0.6276666666666667,0.6276666666666667,0.6276666666666667,,,,,,,
239,evolutionary,unseeded,spherical micelle,4,,,,,7.7203333333333335,7.321166666666667,6.922,6.922,6.326833333333333,5.7316666666666665,5.558,5.558,5.558,5.558,5.558,5.558,5.558,5.413833333333333,5.269666666666667,5.091222222222222,4.9127777777777775,4.734333333333333,4.734333333333333,4.734333333333333,4.734333333333333,4.734333333333333,4.734333333333333,4.734333333333333,4.734333333333333,4.734333333333333,4.734333333333333,4.273,3.764333333333333,3.6834999999999996,3.6026666666666665,3.2596666666666665,3.2596666666666665,2.9583333333333335,2.9583333333333335,2.9583333333333335,2.9583333333333335,2.580666666666667,2.580666666666667,2.580666666666667,2.580666666666667,2.555666666666667,2.530666666666667,2.530666666666667,2.530666666666667,2.434
240,random,seeded,liquid,0,,,,,11.443999999999997,10.92613333333333,10.408266666666664,9.8904,9.372533333333333,8.854666666666667,8.4448,8.034933333333333,7.625066666666666,7.215199999999999,6.805333333333333,6.637133333333333,6.468933333333333,6.3007333333333335,6.132533333333333,5.964333333333333,5.3274,4.690466666666667,4.053533333333334,3.4166000000000003,2.779666666666667,2.779666666666667,2.779666666666667,2.779666666666667,2.779666666666667,2.779666666666667,2.779666666666667,2.779666666666667,2.779666666666667,2.779666666666667,2.779666666666667,2.779666666666667,2.779666666666667,2.779666666666667,2.779666666666667,2.779666666666667,2.779666666666667,2.779666666666667,2.779666666666667,2.779666666666667,2.779666666666667,2.5169333333333337,2.2542,1.9914666666666667,1.7287333333333335,1.466
241,random,seeded,liquid,1,,,,,15.639666666666665,14.885666666666665,14.131666666666666,13.377666666666666,12.623666666666665,11.869666666666665,11.423333333333332,10.976999999999999,10.530666666666665,10.084333333333333,9.638,8.7058,7.7736,6.8414,5.9092,4.977,4.731466666666667,4.4859333333333336,4.2404,3.9948666666666663,3.749333333333333,3.749333333333333,3.749333333333333,3.749333333333333,3.749333333333333,3.749333333333333,3.5918666666666663,3.4343999999999997,3.276933333333333,3.1194666666666664,2.9619999999999997,2.776133333333333,2.5902666666666665,2.4044,2.2185333333333332,2.0326666666666666,2.0326666666666666,2.0326666666666666,2.0326666666666666,2.0326666666666666,2.0326666666666666,2.0326666666666666,2.0326666666666666,2.0326666666666666,2.0326666666666666,2.0326666666666666
242,random,seeded,liquid,2,,,,,7.6176666666666675,6.868400000000001,6.119133333333334,5.369866666666667,4.6206000000000005,3.8713333333333337,3.8713333333333337,3.8713333333333337,3.8713333333333337,3.8713333333333337,3.8713333333333337,3.8713333333333337,3.8713333333333337,3.8713333333333337,3.8713333333333337,3.8713333333333337,3.8713333333333337,3.8713333333333337,3.8713333333333337,3.8713333333333337,3.8713333333333337,3.628666666666667,3.386,3.1433333333333335,2.900666666666667,2.658,2.6333333333333333,2.6086666666666667,2.5839999999999996,2.559333333333333,2.5346666666666664,2.5346666666666664,2.5346666666666664,2.5346666666666664,2.5346666666666664,2.5346666666666664,2.5346666666666664,2.5346666666666664,2.5346666666666664,2.5346666666666664,2.5346666666666664,2.5346666666666664,2.5346666666666664,2.5346666666666664,2.5346666666666664,2.5346666666666664
243,random,seeded,liquid,3,,,,,9.373666666666667,9.251933333333334,9.1302,9.008466666666667,8.886733333333334,8.765,8.7332,8.7014,8.6696,8.6378,8.606,8.606,8.606,8.606,8.606,8.606,8.290533333333332,7.975066666666667,7.659599999999999,7.344133333333333,7.028666666666666,6.891866666666666,6.755066666666666,6.618266666666666,6.481466666666666,6.344666666666666,6.344666666666666,6.344666666666666,6.344666666666666,6.344666666666666,6.344666666666666,5.9262,5.507733333333333,5.089266666666667,4.6708,4.2523333333333335,4.2523333333333335,4.2523333333333335,4.2523333333333335,4.2523333333333335,4.2523333333333335,4.2523333333333335,4.2523333333333335,4.2523333333333335,4.2523333333333335,4.2523333333333335
244,random,seeded,liquid,4,,,,,9.472333333333333,9.132533333333333,8.792733333333333,8.452933333333334,8.113133333333334,7.773333333333333,7.537066666666667,7.3008,7.064533333333333,6.828266666666666,6.592,5.783533333333333,4.975066666666667,4.1666,3.358133333333333,2.5496666666666665,2.5496666666666665,2.5496666666666665,2.5496666666666665,2.5496666666666665,2.5496666666666665,2.5496666666666665,2.5496666666666665,2.5496666666666665,2.5496666666666665,2.5496666666666665,2.5496666666666665,2.5496666666666665,2.5496666666666665,2.5496666666666665,2.5496666666666665,2.5496666666666665,2.5496666666666665,2.5496666666666665,2.5496666666666665,2.5496666666666665,2.5496666666666665,2.5496666666666665,2.5496666666666665,2.5496666666666665,2.5496666666666665,2.5496666666666665,2.5496666666666665,2.5496666666666665,2.5496666666666665,2.5496666666666665
245,random,seeded,string,0,,,,,6.743666666666667,6.383933333333333,6.0242,5.664466666666667,5.304733333333333,4.945,4.397,3.849,3.301,2.753,2.205,2.039066666666667,1.8731333333333335,1.7072,1.5412666666666668,1.3753333333333335,1.3753333333333335,1.3753333333333335,1.3753333333333335,1.3753333333333335,1.3753333333333335,1.3753333333333335,1.3753333333333335,1.3753333333333335,1.3753333333333335,1.3753333333333335,1.3753333333333335,1.3753333333333335,1.3753333333333335,1.3753333333333335,1.3753333333333335,1.3753333333333335,1.3753333333333335,1.3753333333333335,1.3753333333333335,1.3753333333333335,1.3753333333333335,1.3753333333333335,1.3753333333333335,1.3753333333333335,1.3753333333333335,1.3753333333333335,1.3753333333333335,1.3753333333333335,1.3753333333333335,1.3753333333333335
246,random,seeded,string,1,,,,,3.669333333333333,3.669333333333333,3.669333333333333,3.669333333333333,3.669333333333333,3.669333333333333,3.5604666666666662,3.4515999999999996,3.3427333333333333,3.2338666666666667,3.125,3.125,3.125,3.125,3.125,3.125,3.125,3.125,3.125,3.125,3.125,3.125,3.125,3.125,3.125,3.125,3.125,3.125,3.125,3.125,3.125,3.125,3.125,3.125,3.125,3.125,3.125,3.125,3.125,3.125,3.125,3.0837333333333334,3.042466666666667,3.0012,2.9599333333333333,2.9186666666666667
247,random,seeded,string,2,,,,,7.3806666666666665,7.056066666666666,6.731466666666666,6.406866666666666,6.0822666666666665,5.757666666666666,5.471866666666666,5.186066666666666,4.900266666666667,4.614466666666667,4.328666666666667,4.286133333333334,4.2436,4.201066666666667,4.158533333333333,4.116,4.116,4.116,4.116,4.116,4.116,4.116,4.116,4.116,4.116,4.116,4.116,4.116,4.116,4.116,4.116,4.116,4.116,4.116,4.116,4.116,4.116,4.116,4.116,4.116,4.116,3.924133333333333,3.7322666666666664,3.5403999999999995,3.348533333333333,3.1566666666666663
248,random,seeded,string,3,,,,,7.906999999999999,7.195533333333333,6.484066666666666,5.7726,5.061133333333333,4.349666666666667,3.8863333333333334,3.423,2.9596666666666667,2.4963333333333333,2.033,1.9631999999999998,1.8934,1.8235999999999999,1.7538,1.684,1.684,1.684,1.684,1.684,1.684,1.684,1.684,1.684,1.684,1.684,1.684,1.684,1.684,1.684,1.684,1.684,1.684,1.684,1.684,1.684,1.684,1.684,1.684,1.684,1.684,1.684,1.684,1.684,1.684,1.684
249,random,seeded,string,4,,,,,5.104333333333333,4.976999999999999,4.849666666666667,4.722333333333333,4.595000000000001,4.467666666666667,4.199533333333334,3.9314000000000004,3.663266666666667,3.395133333333334,3.1270000000000002,3.1270000000000002,3.1270000000000002,3.1270000000000002,3.1270000000000002,3.1270000000000002,2.9764000000000004,2.8258,2.6752000000000002,2.5246000000000004,2.374,2.374,2.374,2.374,2.374,2.374,2.2468666666666666,2.1197333333333335,1.9926,1.8654666666666666,1.7383333333333333,1.6369333333333334,1.5355333333333334,1.4341333333333335,1.3327333333333333,1.2313333333333334,1.2313333333333334,1.2313333333333334,1.2313333333333334,1.2313333333333334,1.2313333333333334,1.2313333333333334,1.2313333333333334,1.2313333333333334,1.2313333333333334,1.2313333333333334
250,random,seeded,membrane,0,,,,,7.82,7.101533333333333,6.383066666666667,5.6646,4.946133333333334,4.227666666666667,4.127866666666667,4.028066666666667,3.9282666666666666,3.828466666666667,3.728666666666667,3.710866666666667,3.6930666666666667,3.675266666666667,3.6574666666666666,3.639666666666667,3.639666666666667,3.639666666666667,3.639666666666667,3.639666666666667,3.639666666666667,3.597933333333333,3.5562,3.5144666666666664,3.4727333333333332,3.4309999999999996,3.2878,3.1445999999999996,3.0014,2.8582,2.715,2.715,2.715,2.715,2.715,2.715,2.679,2.643,2.607,2.571,2.535,2.523,2.511,2.499,2.487,2.475
251,random,seeded,membrane,1,,,,,8.726666666666667,8.057733333333333,7.3888,6.719866666666667,6.050933333333334,5.382000000000001,5.158666666666667,4.935333333333333,4.712,4.488666666666667,4.265333333333333,4.265333333333333,4.265333333333333,4.265333333333333,4.265333333333333,4.265333333333333,4.265333333333333,4.265333333333333,4.265333333333333,4.265333333333333,4.265333333333333,4.099866666666667,3.9344,3.7689333333333335,3.603466666666667,3.438,3.4170000000000003,3.3960000000000004,3.375,3.354,3.333,3.333,3.333,3.333,3.333,3.333,3.333,3.333,3.333,3.333,3.333,3.138666666666667,2.9443333333333332,2.75,2.5556666666666663,2.361333333333333
252,random,seeded,membrane,2,,,,,9.667333333333334,8.897400000000001,8.127466666666667,7.357533333333334,6.587600000000001,5.817666666666668,5.4430000000000005,5.068333333333334,4.693666666666667,4.319,3.9443333333333332,3.6884,3.4324666666666666,3.1765333333333334,2.9206000000000003,2.6646666666666667,2.6646666666666667,2.6646666666666667,2.6646666666666667,2.6646666666666667,2.6646666666666667,2.6646666666666667,2.6646666666666667,2.6646666666666667,2.6646666666666667,2.6646666666666667,2.6646666666666667,2.6646666666666667,2.6646666666666667,2.6646666666666667,2.6646666666666667,2.6646666666666667,2.6646666666666667,2.6646666666666667,2.6646666666666667,2.6646666666666667,2.6646666666666667,2.6646666666666667,2.6646666666666667,2.6646666666666667,2.6646666666666667,2.6646666666666667,2.6646666666666667,2.6646666666666667,2.6646666666666667,2.6646666666666667
253,random,seeded,membrane,3,,,,,10.298,9.4526,8.6072,7.7618,6.9164,6.071000000000001,5.6504,5.2298,4.809200000000001,4.3886,3.968,3.7862666666666667,3.6045333333333334,3.4228,3.2410666666666668,3.0593333333333335,2.8862666666666668,2.7132,2.5401333333333334,2.3670666666666667,2.194,2.194,2.194,2.194,2.194,2.194,2.163866666666667,2.1337333333333333,2.1036,2.0734666666666666,2.0433333333333334,2.0433333333333334,2.0433333333333334,2.0433333333333334,2.0433333333333334,2.0433333333333334,2.0433333333333334,2.0433333333333334,2.0433333333333334,2.0433333333333334,2.0433333333333334,1.9716666666666667,1.9,1.8283333333333331,1.7566666666666666,1.6849999999999998
254,random,seeded,membrane,4,,,,,5.488333333333333,5.2702,5.052066666666667,4.833933333333333,4.6158,4.397666666666667,4.091933333333333,3.7862,3.4804666666666666,3.174733333333333,2.8689999999999998,2.8689999999999998,2.8689999999999998,2.8689999999999998,2.8689999999999998,2.8689999999999998,2.8689999999999998,2.8689999999999998,2.8689999999999998,2.8689999999999998,2.8689999999999998,2.8689999999999998,2.8689999999999998,2.8689999999999998,2.8689999999999998,2.8689999999999998,2.7789333333333333,2.6888666666666663,2.5987999999999998,2.508733333333333,2.4186666666666663,2.4186666666666663,2.4186666666666663,2.4186666666666663,2.4186666666666663,2.4186666666666663,2.402733333333333,2.3867999999999996,2.3708666666666667,2.3549333333333333,2.339,2.339,2.339,2.339,2.339,2.339
255,random,seeded,vesicle,0,,,,,6.516666666666667,6.0107333333333335,5.5047999999999995,4.998866666666666,4.492933333333333,3.987,3.987,3.987,3.987,3.987,3.987,3.7443333333333335,3.501666666666667,3.2590000000000003,3.0163333333333338,2.773666666666667,2.773666666666667,2.773666666666667,2.773666666666667,2.773666666666667,2.773666666666667,2.773666666666667,2.773666666666667,2.773666666666667,2.773666666666667,2.773666666666667,2.6312666666666673,2.488866666666667,2.346466666666667,2.204066666666667,2.061666666666667,1.9321333333333335,1.8026000000000002,1.6730666666666667,1.5435333333333334,1.414,1.414,1.414,1.414,1.414,1.414,1.414,1.414,1.414,1.414,1.414
256,random,seeded,vesicle,1,,,,,10.893666666666666,9.6552,8.416733333333333,7.178266666666667,5.9398,4.701333333333333,4.360333333333333,4.019333333333334,3.6783333333333337,3.3373333333333335,2.9963333333333337,2.8014666666666668,2.6066000000000003,2.4117333333333333,2.2168666666666663,2.022,2.022,2.022,2.022,2.022,2.022,2.022,2.022,2.022,2.022,2.022,1.9662666666666666,1.9105333333333332,1.8548,1.7990666666666666,1.7433333333333334,1.7433333333333334,1.7433333333333334,1.7433333333333334,1.7433333333333334,1.7433333333333334,1.7433333333333334,1.7433333333333334,1.7433333333333334,1.7433333333333334,1.7433333333333334,1.7433333333333334,1.7433333333333334,1.7433333333333334,1.7433333333333334,1.7433333333333334
257,random,seeded,vesicle,2,,,,,7.623,7.0069333333333335,6.390866666666667,5.7748,5.158733333333333,4.542666666666666,4.540133333333333,4.5376,4.535066666666666,4.532533333333333,4.53,4.373733333333334,4.217466666666667,4.0612,3.9049333333333336,3.748666666666667,3.748666666666667,3.748666666666667,3.748666666666667,3.748666666666667,3.748666666666667,3.748666666666667,3.748666666666667,3.748666666666667,3.748666666666667,3.748666666666667,3.7169333333333334,3.6852,3.6534666666666666,3.6217333333333332,3.59,3.4590666666666663,3.328133333333333,3.1971999999999996,3.0662666666666665,2.935333333333333,2.935333333333333,2.935333333333333,2.935333333333333,2.935333333333333,2.935333333333333,2.935333333333333,2.935333333333333,2.935333333333333,2.935333333333333,2.935333333333333
258,random,seeded,vesicle,3,,,,,7.689666666666667,6.9566,6.223533333333334,5.490466666666667,4.7574000000000005,4.024333333333334,4.008066666666667,3.9918000000000005,3.9755333333333334,3.9592666666666667,3.943,3.943,3.943,3.943,3.943,3.943,3.6732,3.4034,3.1336,2.8638,2.594,2.594,2.594,2.594,2.594,2.594,2.5531333333333333,2.5122666666666666,2.4713999999999996,2.430533333333333,2.3896666666666664,2.1670666666666665,1.9444666666666666,1.7218666666666664,1.4992666666666665,1.2766666666666666,1.256,1.2353333333333334,1.2146666666666666,1.194,1.1733333333333333,1.1733333333333333,1.1733333333333333,1.1733333333333333,1.1733333333333333,1.1733333333333333
259,random,seeded,vesicle,4,,,,,4.519333333333333,4.066599999999999,3.6138666666666666,3.161133333333333,2.7083999999999997,2.2556666666666665,2.2556666666666665,2.2556666666666665,2.2556666666666665,2.2556666666666665,2.2556666666666665,2.2556666666666665,2.2556666666666665,2.2556666666666665,2.2556666666666665,2.2556666666666665,2.247533333333333,2.2394,2.2312666666666665,2.223133333333333,2.215,2.215,2.215,2.215,2.215,2.215,2.215,2.215,2.215,2.215,2.215,2.215,2.215,2.215,2.215,2.215,2.1642666666666663,2.1135333333333333,2.0628,2.0120666666666667,1.9613333333333334,1.9613333333333334,1.9613333333333334,1.9613333333333334,1.9613333333333334,1.9613333333333334
260,random,seeded,wormlike micelle,0,,,,,9.193333333333333,8.900266666666667,8.607199999999999,8.314133333333332,8.021066666666666,7.727999999999999,7.329199999999999,6.9304,6.5316,6.1328000000000005,5.734000000000001,5.479333333333334,5.224666666666668,4.970000000000001,4.715333333333334,4.4606666666666674,4.211466666666667,3.9622666666666673,3.713066666666667,3.4638666666666666,3.2146666666666666,3.2146666666666666,3.2146666666666666,3.2146666666666666,3.2146666666666666,3.2146666666666666,3.2146666666666666,3.2146666666666666,3.2146666666666666,3.2146666666666666,3.2146666666666666,3.0005333333333333,2.7864,2.5722666666666667,2.3581333333333334,2.144,2.144,2.144,2.144,2.144,2.144,2.144,2.144,2.144,2.144,2.144
261,random,seeded,wormlike micelle,1,,,,,3.321,3.2923333333333336,3.263666666666667,3.235,3.2063333333333333,3.1776666666666666,3.1776666666666666,3.1776666666666666,3.1776666666666666,3.1776666666666666,3.1776666666666666,2.844533333333333,2.5114,2.1782666666666666,1.845133333333333,1.5119999999999998,1.5119999999999998,1.5119999999999998,1.5119999999999998,1.5119999999999998,1.5119999999999998,1.4907333333333332,1.4694666666666665,1.4482,1.4269333333333332,1.4056666666666666,1.4056666666666666,1.4056666666666666,1.4056666666666666,1.4056666666666666,1.4056666666666666,1.4056666666666666,1.4056666666666666,1.4056666666666666,1.4056666666666666,1.4056666666666666,1.4056666666666666,1.4056666666666666,1.4056666666666666,1.4056666666666666,1.4056666666666666,1.4056666666666666,1.4056666666666666,1.4056666666666666,1.4056666666666666,1.4056666666666666
262,random,seeded,wormlike micelle,2,,,,,11.299000000000001,11.130733333333335,10.962466666666668,10.794200000000002,10.625933333333334,10.457666666666668,9.910933333333334,9.3642,8.817466666666668,8.270733333333334,7.724,7.1896,6.6552,6.1208,5.586399999999999,5.052,4.792999999999999,4.534,4.275,4.016,3.757,3.498266666666667,3.239533333333333,2.9808,2.7220666666666666,2.4633333333333334,2.4633333333333334,2.4633333333333334,2.4633333333333334,2.4633333333333334,2.4633333333333334,2.4633333333333334,2.4633333333333334,2.4633333333333334,2.4633333333333334,2.4633333333333334,2.4633333333333334,2.4633333333333334,2.4633333333333334,2.4633333333333334,2.4633333333333334,2.312266666666667,2.1612,2.0101333333333335,1.8590666666666669,1.7080000000000002
263,random,seeded,wormlike micelle,3,,,,,10.602666666666666,9.979466666666667,9.356266666666667,8.733066666666666,8.109866666666667,7.486666666666667,6.992533333333334,6.4984,6.004266666666667,5.510133333333334,5.016,4.872533333333333,4.729066666666666,4.5856,4.4421333333333335,4.298666666666667,4.2842,4.269733333333334,4.2552666666666665,4.2408,4.226333333333334,4.226333333333334,4.226333333333334,4.226333333333334,4.226333333333334,4.226333333333334,4.226333333333334,4.226333333333334,4.226333333333334,4.226333333333334,4.226333333333334,4.226333333333334,4.226333333333334,4.226333333333334,4.226333333333334,4.226333333333334,4.226333333333334,4.226333333333334,4.226333333333334,4.226333333333334,4.226333333333334,4.226333333333334,4.226333333333334,4.226333333333334,4.226333333333334,4.226333333333334
264,random,seeded,wormlike micelle,4,,,,,9.659333333333334,9.2196,8.779866666666667,8.340133333333334,7.900399999999999,7.460666666666666,7.112333333333333,6.763999999999999,6.415666666666667,6.067333333333334,5.719,5.4828,5.2466,5.0104,4.7741999999999996,4.537999999999999,4.339599999999999,4.1411999999999995,3.9427999999999996,3.7443999999999997,3.546,3.546,3.546,3.546,3.546,3.546,3.546,3.546,3.546,3.546,3.546,3.4601333333333333,3.3742666666666667,3.2884,3.2025333333333332,3.1166666666666667,3.0676,3.0185333333333335,2.969466666666667,2.9204000000000003,2.8713333333333337,2.8692,2.867066666666667,2.8649333333333336,2.8628000000000005,2.860666666666667
265,random,seeded,spherical micelle,0,,,,,6.540666666666667,5.8208,5.100933333333334,4.381066666666666,3.6612,2.941333333333333,2.9118666666666666,2.8824,2.8529333333333335,2.823466666666667,2.7940000000000005,2.7940000000000005,2.7940000000000005,2.7940000000000005,2.7940000000000005,2.7940000000000005,2.632466666666667,2.4709333333333334,2.3094,2.147866666666667,1.9863333333333333,1.9863333333333333,1.9863333333333333,1.9863333333333333,1.9863333333333333,1.9863333333333333,1.9863333333333333,1.9863333333333333,1.9863333333333333,1.9863333333333333,1.9863333333333333,1.9863333333333333,1.9863333333333333,1.9863333333333333,1.9863333333333333,1.9863333333333333,1.9406666666666665,1.895,1.8493333333333333,1.8036666666666668,1.758,1.758,1.758,1.758,1.758,1.758
266,random,seeded,spherical micelle,1,,,,,5.720666666666666,5.673733333333333,5.626799999999999,5.579866666666667,5.532933333333333,5.486,5.403266666666666,5.320533333333333,5.2378,5.1550666666666665,5.072333333333333,5.072333333333333,5.072333333333333,5.072333333333333,5.072333333333333,5.072333333333333,4.9715333333333325,4.870733333333333,4.7699333333333325,4.669133333333333,4.5683333333333325,4.542133333333332,4.515933333333333,4.489733333333333,4.463533333333333,4.437333333333333,4.437333333333333,4.437333333333333,4.437333333333333,4.437333333333333,4.437333333333333,4.437333333333333,4.437333333333333,4.437333333333333,4.437333333333333,4.437333333333333,4.3784,4.319466666666667,4.260533333333333,4.2016,4.142666666666667,4.142666666666667,4.142666666666667,4.142666666666667,4.142666666666667,4.142666666666667
267,random,seeded,spherical micelle,2,,,,,7.448333333333333,7.2805333333333335,7.112733333333333,6.944933333333333,6.777133333333333,6.609333333333333,6.240866666666666,5.8724,5.503933333333333,5.135466666666667,4.767,4.495133333333333,4.2232666666666665,3.9514,3.679533333333333,3.407666666666666,3.407666666666666,3.407666666666666,3.407666666666666,3.407666666666666,3.407666666666666,3.3055999999999996,3.203533333333333,3.1014666666666666,2.9994,2.8973333333333335,2.8973333333333335,2.8973333333333335,2.8973333333333335,2.8973333333333335,2.8973333333333335,2.871666666666667,2.846,2.8203333333333336,2.7946666666666666,2.769,2.769,2.769,2.769,2.769,2.769,2.769,2.769,2.769,2.769,2.769
268,random,seeded,spherical micelle,3,,,,,5.917333333333333,5.909199999999999,5.901066666666666,5.892933333333333,5.884799999999999,5.876666666666666,5.791399999999999,5.706133333333333,5.620866666666666,5.5356,5.450333333333333,4.883533333333333,4.3167333333333335,3.749933333333333,3.183133333333333,2.6163333333333334,2.6015333333333333,2.586733333333333,2.5719333333333334,2.5571333333333333,2.542333333333333,2.542333333333333,2.542333333333333,2.542333333333333,2.542333333333333,2.542333333333333,2.4444,2.3464666666666667,2.2485333333333335,2.1506,2.0526666666666666,2.0526666666666666,2.0526666666666666,2.0526666666666666,2.0526666666666666,2.0526666666666666,2.0526666666666666,2.0526666666666666,2.0526666666666666,2.0526666666666666,2.0526666666666666,2.0526666666666666,2.0526666666666666,2.0526666666666666,2.0526666666666666,2.0526666666666666
269,random,seeded,spherical micelle,4,,,,,9.670333333333332,8.999733333333332,8.329133333333333,7.658533333333333,6.987933333333332,6.317333333333333,6.234866666666666,6.1524,6.069933333333333,5.987466666666667,5.905,5.553466666666667,5.201933333333334,4.8504000000000005,4.498866666666666,4.147333333333333,4.147333333333333,4.147333333333333,4.147333333333333,4.147333333333333,4.147333333333333,4.015,3.8826666666666667,3.7503333333333333,3.6180000000000003,3.485666666666667,3.401866666666667,3.3180666666666667,3.2342666666666666,3.1504666666666665,3.0666666666666664,3.0666666666666664,3.0666666666666664,3.0666666666666664,3.0666666666666664,3.0666666666666664,3.0666666666666664,3.0666666666666664,3.0666666666666664,3.0666666666666664,3.0666666666666664,3.0666666666666664,3.0666666666666664,3.0666666666666664,3.0666666666666664,3.0666666666666664
270,random,unseeded,liquid,0,,,,,11.443999999999997,10.92613333333333,10.408266666666664,9.8904,9.372533333333333,8.854666666666667,8.4448,8.034933333333333,7.625066666666666,7.215199999999999,6.805333333333333,6.637133333333333,6.468933333333333,6.3007333333333335,6.132533333333333,5.964333333333333,5.3274,4.690466666666667,4.053533333333334,3.4166000000000003,2.779666666666667,2.779666666666667,2.779666666666667,2.779666666666667,2.779666666666667,2.779666666666667,2.779666666666667,2.779666666666667,2.779666666666667,2.779666666666667,2.779666666666667,2.779666666666667,2.779666666666667,2.779666666666667,2.779666666666667,2.779666666666667,2.779666666666667,2.779666666666667,2.779666666666667,2.779666666666667,2.779666666666667,2.5169333333333337,2.2542,1.9914666666666667,1.7287333333333335,1.466
271,random,unseeded,liquid,1,,,,,12.865666666666664,12.520333333333332,12.174999999999999,11.829666666666666,11.484333333333334,11.139000000000001,10.8388,10.5386,10.2384,9.9382,9.638,8.7058,7.7736,6.8414,5.9092,4.977,4.731466666666667,4.4859333333333336,4.2404,3.9948666666666663,3.749333333333333,3.749333333333333,3.749333333333333,3.749333333333333,3.749333333333333,3.749333333333333,3.5918666666666663,3.4343999999999997,3.276933333333333,3.1194666666666664,2.9619999999999997,2.776133333333333,2.5902666666666665,2.4044,2.2185333333333332,2.0326666666666666,2.0326666666666666,2.0326666666666666,2.0326666666666666,2.0326666666666666,2.0326666666666666,2.0326666666666666,2.0326666666666666,2.0326666666666666,2.0326666666666666,2.0326666666666666
272,random,unseeded,liquid,2,,,,,7.6176666666666675,6.868400000000001,6.119133333333334,5.369866666666667,4.6206000000000005,3.8713333333333337,3.8713333333333337,3.8713333333333337,3.8713333333333337,3.8713333333333337,3.8713333333333337,3.8713333333333337,3.8713333333333337,3.8713333333333337,3.8713333333333337,3.8713333333333337,3.8713333333333337,3.8713333333333337,3.8713333333333337,3.8713333333333337,3.8713333333333337,3.628666666666667,3.386,3.1433333333333335,2.900666666666667,2.658,2.6333333333333333,2.6086666666666667,2.5839999999999996,2.559333333333333,2.5346666666666664,2.5346666666666664,2.5346666666666664,2.5346666666666664,2.5346666666666664,2.5346666666666664,2.5346666666666664,2.5346666666666664,2.5346666666666664,2.5346666666666664,2.5346666666666664,2.5346666666666664,2.5346666666666664,2.5346666666666664,2.5346666666666664,2.5346666666666664
273,random,unseeded,liquid,3,,,,,8.752333333333333,8.722066666666667,8.691799999999999,8.661533333333333,8.631266666666665,8.600999999999999,8.599466666666666,8.597933333333334,8.5964,8.594866666666666,8.593333333333334,8.593333333333334,8.593333333333334,8.593333333333334,8.593333333333334,8.593333333333334,8.2794,7.965466666666667,7.651533333333333,7.3376,7.023666666666666,6.887866666666667,6.752066666666666,6.616266666666666,6.480466666666666,6.344666666666666,6.344666666666666,6.344666666666666,6.344666666666666,6.344666666666666,6.344666666666666,5.9262,5.507733333333333,5.089266666666667,4.6708,4.2523333333333335,4.2523333333333335,4.2523333333333335,4.2523333333333335,4.2523333333333335,4.2523333333333335,4.2523333333333335,4.2523333333333335,4.2523333333333335,4.2523333333333335,4.2523333333333335
274,random,unseeded,liquid,4,,,,,9.075666666666667,8.8152,8.554733333333333,8.294266666666667,8.0338,7.773333333333333,7.537066666666667,7.3008,7.064533333333333,6.828266666666666,6.592,5.783533333333333,4.975066666666667,4.1666,3.358133333333333,2.5496666666666665,2.5496666666666665,2.5496666666666665,2.5496666666666665,2.5496666666666665,2.5496666666666665,2.5496666666666665,2.5496666666666665,2.5496666666666665,2.5496666666666665,2.5496666666666665,2.5496666666666665,2.5496666666666665,2.5496666666666665,2.5496666666666665,2.5496666666666665,2.5496666666666665,2.5496666666666665,2.5496666666666665,2.5496666666666665,2.5496666666666665,2.5496666666666665,2.5496666666666665,2.5496666666666665,2.5496666666666665,2.5496666666666665,2.5496666666666665,2.5496666666666665,2.5496666666666665,2.5496666666666665,2.5496666666666665
275,random,unseeded,string,0,,,,,9.988333333333333,9.5932,9.198066666666666,8.802933333333332,8.4078,8.012666666666666,7.333666666666666,6.6546666666666665,5.975666666666666,5.296666666666667,4.617666666666667,4.365066666666666,4.112466666666666,3.8598666666666666,3.607266666666667,3.3546666666666667,3.3546666666666667,3.3546666666666667,3.3546666666666667,3.3546666666666667,3.3546666666666667,3.1927333333333334,3.0308,2.8688666666666665,2.706933333333333,2.545,2.545,2.545,2.545,2.545,2.545,2.545,2.545,2.545,2.545,2.545,2.545,2.545,2.545,2.545,2.545,2.545,2.545,2.545,2.545,2.545
276,random,unseeded,string,1,,,,,7.0889999999999995,6.833466666666666,6.577933333333333,6.3224,6.066866666666666,5.811333333333333,5.698799999999999,5.586266666666666,5.473733333333333,5.361199999999999,5.248666666666666,5.248666666666666,5.248666666666666,5.248666666666666,5.248666666666666,5.248666666666666,5.22,5.191333333333333,5.1626666666666665,5.1339999999999995,5.105333333333333,5.0286,4.951866666666667,4.875133333333333,4.7984,4.721666666666667,4.721666666666667,4.721666666666667,4.721666666666667,4.721666666666667,4.721666666666667,4.721666666666667,4.721666666666667,4.721666666666667,4.721666666666667,4.721666666666667,4.721666666666667,4.721666666666667,4.721666666666667,4.721666666666667,4.721666666666667,4.676933333333333,4.6322,4.587466666666667,4.5427333333333335,4.498
277,random,unseeded,string,2,,,,,9.714,9.3894,9.0648,8.7402,8.4156,8.091,7.805199999999999,7.519399999999999,7.233599999999999,6.9478,6.662,6.619466666666667,6.576933333333333,6.5344,6.491866666666666,6.449333333333333,6.449333333333333,6.449333333333333,6.449333333333333,6.449333333333333,6.449333333333333,6.449333333333333,6.449333333333333,6.449333333333333,6.449333333333333,6.449333333333333,6.449333333333333,6.449333333333333,6.449333333333333,6.449333333333333,6.449333333333333,6.449333333333333,6.449333333333333,6.449333333333333,6.449333333333333,6.449333333333333,6.449333333333333,6.449333333333333,6.449333333333333,6.449333333333333,6.449333333333333,6.254533333333333,6.059733333333333,5.864933333333333,5.670133333333332,5.4753333333333325
278,random,unseeded,string,3,,,,,12.219,11.3272,10.4354,9.543600000000001,8.651800000000001,7.760000000000001,6.837533333333334,5.915066666666667,4.9926,4.070133333333334,3.1476666666666664,3.064533333333333,2.9814,2.8982666666666663,2.8151333333333333,2.7319999999999998,2.7319999999999998,2.7319999999999998,2.7319999999999998,2.7319999999999998,2.7319999999999998,2.7319999999999998,2.7319999999999998,2.7319999999999998,2.7319999999999998,2.7319999999999998,2.7319999999999998,2.7319999999999998,2.7319999999999998,2.7319999999999998,2.7319999999999998,2.7319999999999998,2.7319999999999998,2.7319999999999998,2.7319999999999998,2.7319999999999998,2.7319999999999998,2.7319999999999998,2.7319999999999998,2.7319999999999998,2.7319999999999998,2.7319999999999998,2.7319999999999998,2.7319999999999998,2.7319999999999998,2.7319999999999998
279,random,unseeded,string,4,,,,,8.822333333333333,8.5194,8.216466666666667,7.9135333333333335,7.6106,7.307666666666667,6.890266666666667,6.4728666666666665,6.055466666666667,5.638066666666667,5.220666666666666,5.220666666666666,5.220666666666666,5.220666666666666,5.220666666666666,5.220666666666666,4.920066666666666,4.619466666666667,4.318866666666667,4.018266666666666,3.7176666666666667,3.7176666666666667,3.7176666666666667,3.7176666666666667,3.7176666666666667,3.7176666666666667,3.5638666666666667,3.410066666666667,3.256266666666667,3.1024666666666665,2.9486666666666665,2.8377333333333334,2.7268,2.615866666666667,2.5049333333333332,2.394,2.3795333333333333,2.365066666666667,2.3506,2.3361333333333336,2.3216666666666668,2.2840000000000003,2.2463333333333333,2.208666666666667,2.171,2.1333333333333333
280,random,unseeded,membrane,0,,,,,7.6290000000000004,6.948733333333334,6.268466666666667,5.5882000000000005,4.907933333333334,4.227666666666667,4.127866666666667,4.028066666666667,3.9282666666666666,3.828466666666667,3.728666666666667,3.710866666666667,3.6930666666666667,3.675266666666667,3.6574666666666666,3.639666666666667,3.639666666666667,3.639666666666667,3.639666666666667,3.639666666666667,3.639666666666667,3.597933333333333,3.5562,3.5144666666666664,3.4727333333333332,3.4309999999999996,3.2878,3.1445999999999996,3.0014,2.8582,2.715,2.715,2.715,2.715,2.715,2.715,2.679,2.643,2.607,2.571,2.535,2.523,2.511,2.499,2.487,2.475
281,random,unseeded,membrane,1,,,,,8.321333333333333,7.733466666666667,7.1456,6.557733333333334,5.969866666666667,5.382000000000001,5.158666666666667,4.935333333333333,4.712,4.488666666666667,4.265333333333333,4.265333333333333,4.265333333333333,4.265333333333333,4.265333333333333,4.265333333333333,4.265333333333333,4.265333333333333,4.265333333333333,4.265333333333333,4.265333333333333,4.099866666666667,3.9344,3.7689333333333335,3.603466666666667,3.438,3.4170000000000003,3.3960000000000004,3.375,3.354,3.333,3.333,3.333,3.333,3.333,3.333,3.333,3.333,3.333,3.333,3.333,3.138666666666667,2.9443333333333332,2.75,2.5556666666666663,2.361333333333333
282,random,unseeded,membrane,2,,,,,5.9430000000000005,5.443133333333334,4.943266666666667,4.4434000000000005,3.9435333333333333,3.4436666666666667,3.2578,3.0719333333333334,2.8860666666666663,2.7001999999999997,2.514333333333333,2.4442666666666666,2.3742,2.304133333333333,2.2340666666666666,2.164,2.164,2.164,2.164,2.164,2.164,2.164,2.164,2.164,2.164,2.164,2.164,2.164,2.164,2.164,2.164,2.164,2.164,2.164,2.164,2.164,2.164,2.164,2.164,2.164,2.164,2.164,2.164,2.164,2.164,2.164
283,random,unseeded,membrane,3,,,,,9.196333333333333,8.571266666666666,7.9462,7.321133333333334,6.696066666666667,6.071000000000001,5.6504,5.2298,4.809200000000001,4.3886,3.968,3.7862666666666667,3.6045333333333334,3.4228,3.2410666666666668,3.0593333333333335,2.8862666666666668,2.7132,2.5401333333333334,2.3670666666666667,2.194,2.194,2.194,2.194,2.194,2.194,2.163866666666667,2.1337333333333333,2.1036,2.0734666666666666,2.0433333333333334,2.0433333333333334,2.0433333333333334,2.0433333333333334,2.0433333333333334,2.0433333333333334,2.0433333333333334,2.0433333333333334,2.0433333333333334,2.0433333333333334,2.0433333333333334,1.9716666666666667,1.9,1.8283333333333331,1.7566666666666666,1.6849999999999998
284,random,unseeded,membrane,4,,,,,5.488333333333333,5.2702,5.052066666666667,4.833933333333333,4.6158,4.397666666666667,4.091933333333333,3.7862,3.4804666666666666,3.174733333333333,2.8689999999999998,2.8689999999999998,2.8689999999999998,2.8689999999999998,2.8689999999999998,2.8689999999999998,2.8689999999999998,2.8689999999999998,2.8689999999999998,2.8689999999999998,2.8689999999999998,2.8689999999999998,2.8689999999999998,2.8689999999999998,2.8689999999999998,2.8689999999999998,2.7789333333333333,2.6888666666666663,2.5987999999999998,2.508733333333333,2.4186666666666663,2.4186666666666663,2.4186666666666663,2.4186666666666663,2.4186666666666663,2.4186666666666663,2.402733333333333,2.3867999999999996,2.3708666666666667,2.3549333333333333,2.339,2.339,2.339,2.339,2.339,2.339
285,random,unseeded,vesicle,0,,,,,6.516666666666667,6.0107333333333335,5.5047999999999995,4.998866666666666,4.492933333333333,3.987,3.987,3.987,3.987,3.987,3.987,3.7443333333333335,3.501666666666667,3.2590000000000003,3.0163333333333338,2.773666666666667,2.773666666666667,2.773666666666667,2.773666666666667,2.773666666666667,2.773666666666667,2.773666666666667,2.773666666666667,2.773666666666667,2.773666666666667,2.773666666666667,2.6312666666666673,2.488866666666667,2.346466666666667,2.204066666666667,2.061666666666667,1.9321333333333335,1.8026000000000002,1.6730666666666667,1.5435333333333334,1.414,1.414,1.414,1.414,1.414,1.414,1.414,1.414,1.414,1.414,1.414
286,random,unseeded,vesicle,1,,,,,9.397333333333334,8.458133333333334,7.518933333333334,6.579733333333333,5.640533333333334,4.701333333333333,4.360333333333333,4.019333333333334,3.6783333333333337,3.3373333333333335,2.9963333333333337,2.8014666666666668,2.6066000000000003,2.4117333333333333,2.2168666666666663,2.022,2.022,2.022,2.022,2.022,2.022,2.022,2.022,2.022,2.022,2.022,1.9662666666666666,1.9105333333333332,1.8548,1.7990666666666666,1.7433333333333334,1.7433333333333334,1.7433333333333334,1.7433333333333334,1.7433333333333334,1.7433333333333334,1.7433333333333334,1.7433333333333334,1.7433333333333334,1.7433333333333334,1.7433333333333334,1.7433333333333334,1.7433333333333334,1.7433333333333334,1.7433333333333334,1.7433333333333334
287,random,unseeded,vesicle,2,,,,,5.409,5.1235333333333335,4.838066666666666,4.5526,4.267133333333334,3.981666666666667,3.981666666666667,3.981666666666667,3.981666666666667,3.981666666666667,3.981666666666667,3.8556000000000004,3.7295333333333334,3.603466666666667,3.4774000000000003,3.3513333333333333,3.3513333333333333,3.3513333333333333,3.3513333333333333,3.3513333333333333,3.3513333333333333,3.3513333333333333,3.3513333333333333,3.3513333333333333,3.3513333333333333,3.3513333333333333,3.3513333333333333,3.3513333333333333,3.3513333333333333,3.3513333333333333,3.3513333333333333,3.268133333333333,3.184933333333333,3.1017333333333332,3.018533333333333,2.935333333333333,2.935333333333333,2.935333333333333,2.935333333333333,2.935333333333333,2.935333333333333,2.935333333333333,2.935333333333333,2.935333333333333,2.935333333333333,2.935333333333333
288,random,unseeded,vesicle,3,,,,,6.0553333333333335,5.590533333333333,5.125733333333334,4.660933333333333,4.196133333333333,3.731333333333333,3.731333333333333,3.731333333333333,3.731333333333333,3.731333333333333,3.731333333333333,3.731333333333333,3.731333333333333,3.731333333333333,3.731333333333333,3.731333333333333,3.5038666666666667,3.2763999999999998,3.0489333333333333,2.821466666666667,2.594,2.594,2.594,2.594,2.594,2.594,2.5531333333333333,2.5122666666666666,2.4713999999999996,2.430533333333333,2.3896666666666664,2.1670666666666665,1.9444666666666666,1.7218666666666664,1.4992666666666665,1.2766666666666666,1.256,1.2353333333333334,1.2146666666666666,1.194,1.1733333333333333,1.1733333333333333,1.1733333333333333,1.1733333333333333,1.1733333333333333,1.1733333333333333
289,random,unseeded,vesicle,4,,,,,4.519333333333333,4.066599999999999,3.6138666666666666,3.161133333333333,2.7083999999999997,2.2556666666666665,2.2556666666666665,2.2556666666666665,2.2556666666666665,2.2556666666666665,2.2556666666666665,2.2556666666666665,2.2556666666666665,2.2556666666666665,2.2556666666666665,2.2556666666666665,2.247533333333333,2.2394,2.2312666666666665,2.223133333333333,2.215,2.215,2.215,2.215,2.215,2.215,2.215,2.215,2.215,2.215,2.215,2.215,2.215,2.215,2.215,2.215,2.1642666666666663,2.1135333333333333,2.0628,2.0120666666666667,1.9613333333333334,1.9613333333333334,1.9613333333333334,1.9613333333333334,1.9613333333333334,1.9613333333333334
290,random,unseeded,wormlike micelle,0,,,,,7.657,7.543333333333333,7.429666666666666,7.316,7.202333333333333,7.088666666666666,6.772066666666666,6.455466666666666,6.138866666666666,5.822266666666666,5.5056666666666665,5.2843333333333335,5.063,4.841666666666667,4.620333333333333,4.399,4.162133333333333,3.9252666666666665,3.6883999999999997,3.4515333333333333,3.2146666666666666,3.2146666666666666,3.2146666666666666,3.2146666666666666,3.2146666666666666,3.2146666666666666,3.2146666666666666,3.2146666666666666,3.2146666666666666,3.2146666666666666,3.2146666666666666,3.0005333333333333,2.7864,2.5722666666666667,2.3581333333333334,2.144,2.144,2.144,2.144,2.144,2.144,2.144,2.144,2.144,2.144,2.144
291,random,unseeded,wormlike micelle,1,,,,,3.321,3.2923333333333336,3.263666666666667,3.235,3.2063333333333333,3.1776666666666666,3.1776666666666666,3.1776666666666666,3.1776666666666666,3.1776666666666666,3.1776666666666666,2.844533333333333,2.5114,2.1782666666666666,1.845133333333333,1.5119999999999998,1.5119999999999998,1.5119999999999998,1.5119999999999998,1.5119999999999998,1.5119999999999998,1.4907333333333332,1.4694666666666665,1.4482,1.4269333333333332,1.4056666666666666,1.4056666666666666,1.4056666666666666,1.4056666666666666,1.4056666666666666,1.4056666666666666,1.4056666666666666,1.4056666666666666,1.4056666666666666,1.4056666666666666,1.4056666666666666,1.4056666666666666,1.4056666666666666,1.4056666666666666,1.4056666666666666,1.4056666666666666,1.4056666666666666,1.4056666666666666,1.4056666666666666,1.4056666666666666,1.4056666666666666
292,random,unseeded,wormlike micelle,2,,,,,10.081333333333333,10.081333333333333,10.081333333333333,10.081333333333333,10.081333333333333,10.081333333333333,9.609866666666667,9.1384,8.666933333333333,8.195466666666666,7.724,7.1896,6.6552,6.1208,5.586399999999999,5.052,4.792999999999999,4.534,4.275,4.016,3.757,3.498266666666667,3.239533333333333,2.9808,2.7220666666666666,2.4633333333333334,2.4633333333333334,2.4633333333333334,2.4633333333333334,2.4633333333333334,2.4633333333333334,2.4633333333333334,2.4633333333333334,2.4633333333333334,2.4633333333333334,2.4633333333333334,2.4633333333333334,2.4633333333333334,2.4633333333333334,2.4633333333333334,2.4633333333333334,2.312266666666667,2.1612,2.0101333333333335,1.8590666666666669,1.7080000000000002
293,random,unseeded,wormlike micelle,3,,,,,10.602666666666666,9.979466666666667,9.356266666666667,8.733066666666666,8.109866666666667,7.486666666666667,6.992533333333334,6.4984,6.004266666666667,5.510133333333334,5.016,4.872533333333333,4.729066666666666,4.5856,4.4421333333333335,4.298666666666667,4.2842,4.269733333333334,4.2552666666666665,4.2408,4.226333333333334,4.226333333333334,4.226333333333334,4.226333333333334,4.226333333333334,4.226333333333334,4.226333333333334,4.226333333333334,4.226333333333334,4.226333333333334,4.226333333333334,4.226333333333334,4.226333333333334,4.226333333333334,4.226333333333334,4.226333333333334,4.226333333333334,4.226333333333334,4.226333333333334,4.226333333333334,4.226333333333334,4.226333333333334,4.226333333333334,4.226333333333334,4.226333333333334,4.226333333333334
294,random,unseeded,wormlike micelle,4,,,,,8.502,8.293733333333334,8.085466666666667,7.8772,7.6689333333333325,7.460666666666666,7.112333333333333,6.763999999999999,6.415666666666667,6.067333333333334,5.719,5.4828,5.2466,5.0104,4.7741999999999996,4.537999999999999,4.339599999999999,4.1411999999999995,3.9427999999999996,3.7443999999999997,3.546,3.546,3.546,3.546,3.546,3.546,3.546,3.546,3.546,3.546,3.546,3.4601333333333333,3.3742666666666667,3.2884,3.2025333333333332,3.1166666666666667,3.0676,3.0185333333333335,2.969466666666667,2.9204000000000003,2.8713333333333337,2.8692,2.867066666666667,2.8649333333333336,2.8628000000000005,2.860666666666667
295,random,unseeded,spherical micelle,0,,,,,5.045000000000001,4.567133333333334,4.089266666666667,3.6114,3.1335333333333333,2.6556666666666664,2.6556666666666664,2.6556666666666664,2.6556666666666664,2.6556666666666664,2.6556666666666664,2.6556666666666664,2.6556666666666664,2.6556666666666664,2.6556666666666664,2.6556666666666664,2.5128,2.369933333333333,2.2270666666666665,2.0842,1.9413333333333334,1.9413333333333334,1.9413333333333334,1.9413333333333334,1.9413333333333334,1.9413333333333334,1.9413333333333334,1.9413333333333334,1.9413333333333334,1.9413333333333334,1.9413333333333334,1.9413333333333334,1.9413333333333334,1.9413333333333334,1.9413333333333334,1.9413333333333334,1.9046666666666667,1.868,1.8313333333333333,1.7946666666666666,1.758,1.758,1.758,1.758,1.758,1.758
296,random,unseeded,spherical micelle,1,,,,,5.519666666666667,5.487733333333333,5.4558,5.423866666666666,5.391933333333333,5.359999999999999,5.302466666666666,5.244933333333333,5.187399999999999,5.129866666666667,5.072333333333333,5.072333333333333,5.072333333333333,5.072333333333333,5.072333333333333,5.072333333333333,4.9715333333333325,4.870733333333333,4.7699333333333325,4.669133333333333,4.5683333333333325,4.542133333333332,4.515933333333333,4.489733333333333,4.463533333333333,4.437333333333333,4.437333333333333,4.437333333333333,4.437333333333333,4.437333333333333,4.437333333333333,4.437333333333333,4.437333333333333,4.437333333333333,4.437333333333333,4.437333333333333,4.3784,4.319466666666667,4.260533333333333,4.2016,4.142666666666667,4.142666666666667,4.142666666666667,4.142666666666667,4.142666666666667,4.142666666666667
297,random,unseeded,spherical micelle,2,,,,,7.448333333333333,7.2805333333333335,7.112733333333333,6.944933333333333,6.777133333333333,6.609333333333333,6.240866666666666,5.8724,5.503933333333333,5.135466666666667,4.767,4.495133333333333,4.2232666666666665,3.9514,3.679533333333333,3.407666666666666,3.407666666666666,3.407666666666666,3.407666666666666,3.407666666666666,3.407666666666666,3.3055999999999996,3.203533333333333,3.1014666666666666,2.9994,2.8973333333333335,2.8973333333333335,2.8973333333333335,2.8973333333333335,2.8973333333333335,2.8973333333333335,2.871666666666667,2.846,2.8203333333333336,2.7946666666666666,2.769,2.769,2.769,2.769,2.769,2.769,2.769,2.769,2.769,2.769,2.769
298,random,unseeded,spherical micelle,3,,,,,5.917333333333333,5.909199999999999,5.901066666666666,5.892933333333333,5.884799999999999,5.876666666666666,5.791399999999999,5.706133333333333,5.620866666666666,5.5356,5.450333333333333,4.883533333333333,4.3167333333333335,3.749933333333333,3.183133333333333,2.6163333333333334,2.6015333333333333,2.586733333333333,2.5719333333333334,2.5571333333333333,2.542333333333333,2.542333333333333,2.542333333333333,2.542333333333333,2.542333333333333,2.542333333333333,2.4444,2.3464666666666667,2.2485333333333335,2.1506,2.0526666666666666,2.0526666666666666,2.0526666666666666,2.0526666666666666,2.0526666666666666,2.0526666666666666,2.0526666666666666,2.0526666666666666,2.0526666666666666,2.0526666666666666,2.0526666666666666,2.0526666666666666,2.0526666666666666,2.0526666666666666,2.0526666666666666,2.0526666666666666
299,random,unseeded,spherical micelle,4,,,,,7.7203333333333335,7.392133333333334,7.063933333333334,6.735733333333334,6.407533333333333,6.0793333333333335,6.006266666666667,5.9332,5.860133333333333,5.787066666666666,5.7139999999999995,5.400666666666666,5.087333333333333,4.773999999999999,4.460666666666667,4.147333333333333,4.147333333333333,4.147333333333333,4.147333333333333,4.147333333333333,4.147333333333333,4.015,3.8826666666666667,3.7503333333333333,3.6180000000000003,3.485666666666667,3.401866666666667,3.3180666666666667,3.2342666666666666,3.1504666666666665,3.0666666666666664,3.0666666666666664,3.0666666666666664,3.0666666666666664,3.0666666666666664,3.0666666666666664,3.0666666666666664,3.0666666666666664,3.0666666666666664,3.0666666666666664,3.0666666666666664,3.0666666666666664,3.0666666666666664,3.0666666666666664,3.0666666666666664,3.0666666666666664
